transaction_id,n_tests_triggered,tests_triggered,reasons,ml_anomaly_score,ml_flag,risk_score,risk_level
JE108117,3.0,"off_hours_weekend, statistical_outlier, month_end_late_hour_posting",Posted on weekend or outside business hours | Statistical outlier for account 'Accounts Receivable' (IQR method) | Month-end late-hour posting,1.0,anomaly,0.9,High
JE108130,3.0,"off_hours_weekend, statistical_outlier, month_end_late_hour_posting",Posted on weekend or outside business hours | Statistical outlier for account 'Accounts Receivable' (IQR method) | Month-end late-hour posting,0.9646,anomaly,0.8823,High
JE108106,3.0,"off_hours_weekend, statistical_outlier, month_end_late_hour_posting",Posted on weekend or outside business hours | Statistical outlier for account 'Accounts Receivable' (IQR method) | Month-end late-hour posting,0.9311,anomaly,0.8656,High
JE108102,3.0,"off_hours_weekend, statistical_outlier, month_end_late_hour_posting",Posted on weekend or outside business hours | Statistical outlier for account 'Accounts Payable' (IQR method) | Month-end late-hour posting,0.9241,anomaly,0.862,High
JE108127,3.0,"off_hours_weekend, statistical_outlier, month_end_late_hour_posting",Posted on weekend or outside business hours | Statistical outlier for account 'Office Supplies' (IQR method) | Month-end late-hour posting,0.8959,anomaly,0.848,High
JE108054,1.0,statistical_outlier,Statistical outlier for account 'Consulting Fees' (IQR method),0.8478,anomaly,0.8239,High
JE108068,1.0,statistical_outlier,Statistical outlier for account 'Consulting Fees' (IQR method),0.8428,anomaly,0.8214,High
JE108055,1.0,statistical_outlier,Statistical outlier for account 'Consulting Fees' (IQR method),0.841,anomaly,0.8205,High
JE108112,3.0,"off_hours_weekend, statistical_outlier, month_end_late_hour_posting",Posted on weekend or outside business hours | Statistical outlier for account 'Utilities' (IQR method) | Month-end late-hour posting,0.8327,anomaly,0.8164,High
JE108115,3.0,"off_hours_weekend, statistical_outlier, month_end_late_hour_posting",Posted on weekend or outside business hours | Statistical outlier for account 'Office Supplies' (IQR method) | Month-end late-hour posting,0.832,anomaly,0.816,High
JE108075,1.0,statistical_outlier,Statistical outlier for account 'Consulting Fees' (IQR method),0.8136,anomaly,0.8068,High
JE108071,1.0,statistical_outlier,Statistical outlier for account 'Consulting Fees' (IQR method),0.8079,anomaly,0.8039,High
JE108080,1.0,statistical_outlier,Statistical outlier for account 'Consulting Fees' (IQR method),0.8025,anomaly,0.8012,High
JE108119,3.0,"off_hours_weekend, statistical_outlier, month_end_late_hour_posting",Posted on weekend or outside business hours | Statistical outlier for account 'Utilities' (IQR method) | Month-end late-hour posting,0.7996,anomaly,0.7998,High
JE108118,3.0,"off_hours_weekend, statistical_outlier, month_end_late_hour_posting",Posted on weekend or outside business hours | Statistical outlier for account 'Marketing Spend' (IQR method) | Month-end late-hour posting,0.7662,anomaly,0.7831,High
JE108128,3.0,"off_hours_weekend, statistical_outlier, month_end_late_hour_posting",Posted on weekend or outside business hours | Statistical outlier for account 'Accounts Payable' (IQR method) | Month-end late-hour posting,0.72,anomaly,0.76,High
JE108067,1.0,statistical_outlier,Statistical outlier for account 'Consulting Fees' (IQR method),0.7148,anomaly,0.7574,High
JE108129,3.0,"off_hours_weekend, statistical_outlier, month_end_late_hour_posting",Posted on weekend or outside business hours | Statistical outlier for account 'Accounts Payable' (IQR method) | Month-end late-hour posting,0.7124,anomaly,0.7562,High
JE108094,1.0,statistical_outlier,Statistical outlier for account 'Inventory' (IQR method),0.7116,anomaly,0.7558,High
JE108113,3.0,"off_hours_weekend, statistical_outlier, month_end_late_hour_posting",Posted on weekend or outside business hours | Statistical outlier for account 'Utilities' (IQR method) | Month-end late-hour posting,0.7053,anomaly,0.7526,High
JE108132,3.0,"off_hours_weekend, statistical_outlier, month_end_late_hour_posting",Posted on weekend or outside business hours | Statistical outlier for account 'Utilities' (IQR method) | Month-end late-hour posting,0.6985,anomaly,0.7492,High
JE108040,2.0,"off_hours_weekend, statistical_outlier",Posted on weekend or outside business hours | Statistical outlier for account 'Accounts Payable' (IQR method),0.6877,anomaly,0.7438,High
JE108140,2.0,"statistical_outlier, month_end_late_hour_posting",Statistical outlier for account 'Accounts Receivable' (IQR method) | Month-end late-hour posting,0.6865,anomaly,0.7432,High
JE108131,2.0,"statistical_outlier, month_end_late_hour_posting",Statistical outlier for account 'Marketing Spend' (IQR method) | Month-end late-hour posting,0.6862,anomaly,0.7431,High
JE108090,1.0,statistical_outlier,Statistical outlier for account 'Travel & Expense' (IQR method),0.6848,anomaly,0.7424,High
JE108122,3.0,"off_hours_weekend, statistical_outlier, month_end_late_hour_posting",Posted on weekend or outside business hours | Statistical outlier for account 'Marketing Spend' (IQR method) | Month-end late-hour posting,0.6815,anomaly,0.7408,High
JE108091,1.0,statistical_outlier,Statistical outlier for account 'Marketing Spend' (IQR method),0.672,anomaly,0.736,High
JE108135,3.0,"off_hours_weekend, statistical_outlier, month_end_late_hour_posting",Posted on weekend or outside business hours | Statistical outlier for account 'Marketing Spend' (IQR method) | Month-end late-hour posting,0.6711,anomaly,0.7356,High
JE103717,2.0,"off_hours_weekend, statistical_outlier",Posted on weekend or outside business hours | Statistical outlier for account 'Accounts Receivable' (IQR method),0.665,anomaly,0.7325,High
JE107873,2.0,"off_hours_weekend, statistical_outlier",Posted on weekend or outside business hours | Statistical outlier for account 'Inventory' (IQR method),0.6637,anomaly,0.7318,High
JE108138,3.0,"off_hours_weekend, statistical_outlier, month_end_late_hour_posting",Posted on weekend or outside business hours | Statistical outlier for account 'Accounts Receivable' (IQR method) | Month-end late-hour posting,0.6617,anomaly,0.7308,High
JE108126,3.0,"off_hours_weekend, statistical_outlier, month_end_late_hour_posting",Posted on weekend or outside business hours | Statistical outlier for account 'Travel & Expense' (IQR method) | Month-end late-hour posting,0.6607,anomaly,0.7304,High
JE108099,1.0,statistical_outlier,Statistical outlier for account 'Consulting Fees' (IQR method),0.6557,anomaly,0.7278,High
JE108051,2.0,"off_hours_weekend, statistical_outlier",Posted on weekend or outside business hours | Statistical outlier for account 'Accounts Receivable' (IQR method),0.6513,anomaly,0.7256,High
JE108134,3.0,"off_hours_weekend, statistical_outlier, month_end_late_hour_posting",Posted on weekend or outside business hours | Statistical outlier for account 'Payroll' (IQR method) | Month-end late-hour posting,0.6505,anomaly,0.7252,High
JE108107,2.0,"statistical_outlier, month_end_late_hour_posting",Statistical outlier for account 'Travel & Expense' (IQR method) | Month-end late-hour posting,0.6478,anomaly,0.7239,High
JE108092,2.0,"off_hours_weekend, statistical_outlier",Posted on weekend or outside business hours | Statistical outlier for account 'Inventory' (IQR method),0.6433,anomaly,0.7216,High
JE108050,2.0,"off_hours_weekend, statistical_outlier",Posted on weekend or outside business hours | Statistical outlier for account 'Accounts Receivable' (IQR method),0.6424,anomaly,0.7212,High
JE108133,2.0,"statistical_outlier, month_end_late_hour_posting",Statistical outlier for account 'Accounts Payable' (IQR method) | Month-end late-hour posting,0.6376,anomaly,0.7188,High
JE108027,2.0,"round_number, statistical_outlier",Round-number amount | Statistical outlier for account 'Accounts Receivable' (IQR method),0.6345,anomaly,0.7172,High
JE108124,2.0,"statistical_outlier, month_end_late_hour_posting",Statistical outlier for account 'Accounts Receivable' (IQR method) | Month-end late-hour posting,0.6339,anomaly,0.717,High
JE108101,2.0,"statistical_outlier, month_end_late_hour_posting",Statistical outlier for account 'Inventory' (IQR method) | Month-end late-hour posting,0.6318,anomaly,0.7159,High
JE108053,2.0,"off_hours_weekend, statistical_outlier",Posted on weekend or outside business hours | Statistical outlier for account 'Accounts Receivable' (IQR method),0.6275,anomaly,0.7138,High
JE108033,2.0,"round_number, statistical_outlier",Round-number amount | Statistical outlier for account 'Marketing Spend' (IQR method),0.6207,anomaly,0.7104,High
JE108116,2.0,"statistical_outlier, month_end_late_hour_posting",Statistical outlier for account 'Accounts Receivable' (IQR method) | Month-end late-hour posting,0.6187,anomaly,0.7094,High
JE108018,2.0,"round_number, statistical_outlier",Round-number amount | Statistical outlier for account 'Accounts Receivable' (IQR method),0.6155,anomaly,0.7078,High
JE108114,3.0,"off_hours_weekend, statistical_outlier, month_end_late_hour_posting",Posted on weekend or outside business hours | Statistical outlier for account 'Inventory' (IQR method) | Month-end late-hour posting,0.6154,anomaly,0.7077,High
JE108123,3.0,"off_hours_weekend, statistical_outlier, month_end_late_hour_posting",Posted on weekend or outside business hours | Statistical outlier for account 'Inventory' (IQR method) | Month-end late-hour posting,0.6104,anomaly,0.7052,High
JE100615,2.0,"off_hours_weekend, statistical_outlier",Posted on weekend or outside business hours | Statistical outlier for account 'Office Supplies' (IQR method),0.6066,anomaly,0.7033,High
JE107188,1.0,statistical_outlier,Statistical outlier for account 'Utilities' (IQR method),0.6008,anomaly,0.7004,High
JE106918,1.0,statistical_outlier,Statistical outlier for account 'Travel & Expense' (IQR method),0.5997,anomaly,0.6999,Medium
JE106151,1.0,statistical_outlier,Statistical outlier for account 'Travel & Expense' (IQR method),0.5838,anomaly,0.6919,Medium
JE108100,2.0,"off_hours_weekend, statistical_outlier",Posted on weekend or outside business hours | Statistical outlier for account 'Marketing Spend' (IQR method),0.5777,anomaly,0.6888,Medium
JE100324,2.0,"off_hours_weekend, statistical_outlier",Posted on weekend or outside business hours | Statistical outlier for account 'Payroll' (IQR method),0.5755,anomaly,0.6878,Medium
JE108039,2.0,"off_hours_weekend, statistical_outlier",Posted on weekend or outside business hours | Statistical outlier for account 'Accounts Payable' (IQR method),0.5743,anomaly,0.6872,Medium
JE108042,2.0,"off_hours_weekend, statistical_outlier",Posted on weekend or outside business hours | Statistical outlier for account 'Travel & Expense' (IQR method),0.5741,anomaly,0.6871,Medium
JE105225,2.0,"off_hours_weekend, statistical_outlier",Posted on weekend or outside business hours | Statistical outlier for account 'Office Supplies' (IQR method),0.5738,anomaly,0.6869,Medium
JE108032,2.0,"round_number, statistical_outlier",Round-number amount | Statistical outlier for account 'Utilities' (IQR method),0.5733,anomaly,0.6866,Medium
JE108120,2.0,"statistical_outlier, month_end_late_hour_posting",Statistical outlier for account 'Office Supplies' (IQR method) | Month-end late-hour posting,0.5715,anomaly,0.6858,Medium
JE106357,2.0,"off_hours_weekend, statistical_outlier",Posted on weekend or outside business hours | Statistical outlier for account 'Payroll' (IQR method),0.5705,anomaly,0.6852,Medium
JE108020,2.0,"round_number, statistical_outlier",Round-number amount | Statistical outlier for account 'Travel & Expense' (IQR method),0.566,anomaly,0.683,Medium
JE107261,2.0,"off_hours_weekend, statistical_outlier",Posted on weekend or outside business hours | Statistical outlier for account 'Travel & Expense' (IQR method),0.5655,anomaly,0.6828,Medium
JE103983,1.0,statistical_outlier,Statistical outlier for account 'Inventory' (IQR method),0.5647,anomaly,0.6824,Medium
JE106618,1.0,statistical_outlier,Statistical outlier for account 'Rent' (IQR method),0.5602,anomaly,0.6801,Medium
JE106845,1.0,statistical_outlier,Statistical outlier for account 'Rent' (IQR method),0.5586,anomaly,0.6793,Medium
JE108104,3.0,"off_hours_weekend, statistical_outlier, month_end_late_hour_posting",Posted on weekend or outside business hours | Statistical outlier for account 'Marketing Spend' (IQR method) | Month-end late-hour posting,0.5581,anomaly,0.679,Medium
JE108038,2.0,"off_hours_weekend, statistical_outlier",Posted on weekend or outside business hours | Statistical outlier for account 'Travel & Expense' (IQR method),0.5522,anomaly,0.6761,Medium
JE108105,2.0,"statistical_outlier, month_end_late_hour_posting",Statistical outlier for account 'Accounts Payable' (IQR method) | Month-end late-hour posting,0.5521,anomaly,0.676,Medium
JE105804,1.0,statistical_outlier,Statistical outlier for account 'Accounts Receivable' (IQR method),0.5514,anomaly,0.6757,Medium
JE108022,2.0,"round_number, statistical_outlier",Round-number amount | Statistical outlier for account 'Payroll' (IQR method),0.5501,anomaly,0.675,Medium
JE108001,1.0,duplicate,Duplicate vendor+amount+date combination,0.4473,anomaly,0.6736,Medium
JE104741,1.0,duplicate,Duplicate vendor+amount+date combination,0.4473,anomaly,0.6736,Medium
JE106075,1.0,statistical_outlier,Statistical outlier for account 'Rent' (IQR method),0.546,anomaly,0.673,Medium
JE108137,2.0,"statistical_outlier, month_end_late_hour_posting",Statistical outlier for account 'Accounts Payable' (IQR method) | Month-end late-hour posting,0.542,anomaly,0.671,Medium
JE101492,2.0,"off_hours_weekend, statistical_outlier",Posted on weekend or outside business hours | Statistical outlier for account 'Inventory' (IQR method),0.5376,anomaly,0.6688,Medium
JE108036,2.0,"off_hours_weekend, statistical_outlier",Posted on weekend or outside business hours | Statistical outlier for account 'Marketing Spend' (IQR method),0.5365,anomaly,0.6682,Medium
JE105158,2.0,"off_hours_weekend, statistical_outlier",Posted on weekend or outside business hours | Statistical outlier for account 'Marketing Spend' (IQR method),0.5347,anomaly,0.6674,Medium
JE105784,1.0,statistical_outlier,Statistical outlier for account 'Office Supplies' (IQR method),0.532,anomaly,0.666,Medium
JE108089,1.0,statistical_outlier,Statistical outlier for account 'Payroll' (IQR method),0.5315,anomaly,0.6658,Medium
JE103687,1.0,statistical_outlier,Statistical outlier for account 'Travel & Expense' (IQR method),0.5297,anomaly,0.6648,Medium
JE102839,1.0,statistical_outlier,Statistical outlier for account 'Inventory' (IQR method),0.5267,anomaly,0.6634,Medium
JE106107,1.0,statistical_outlier,Statistical outlier for account 'Accounts Receivable' (IQR method),0.5211,anomaly,0.6606,Medium
JE101616,2.0,"off_hours_weekend, statistical_outlier",Posted on weekend or outside business hours | Statistical outlier for account 'Payroll' (IQR method),0.5207,anomaly,0.6604,Medium
JE106043,2.0,"off_hours_weekend, statistical_outlier",Posted on weekend or outside business hours | Statistical outlier for account 'Utilities' (IQR method),0.5184,anomaly,0.6592,Medium
JE107875,1.0,statistical_outlier,Statistical outlier for account 'Inventory' (IQR method),0.5158,anomaly,0.6579,Medium
JE108093,1.0,statistical_outlier,Statistical outlier for account 'Utilities' (IQR method),0.5131,anomaly,0.6566,Medium
JE101234,2.0,"off_hours_weekend, statistical_outlier",Posted on weekend or outside business hours | Statistical outlier for account 'Travel & Expense' (IQR method),0.5118,anomaly,0.6559,Medium
JE108098,1.0,statistical_outlier,Statistical outlier for account 'Rent' (IQR method),0.5031,anomaly,0.6516,Medium
JE106821,2.0,"off_hours_weekend, statistical_outlier",Posted on weekend or outside business hours | Statistical outlier for account 'Marketing Spend' (IQR method),0.501,anomaly,0.6505,Medium
JE105809,1.0,statistical_outlier,Statistical outlier for account 'Office Supplies' (IQR method),0.4956,anomaly,0.6478,Medium
JE100180,2.0,"off_hours_weekend, statistical_outlier",Posted on weekend or outside business hours | Statistical outlier for account 'Office Supplies' (IQR method),0.4945,anomaly,0.6472,Medium
JE103718,1.0,statistical_outlier,Statistical outlier for account 'Accounts Receivable' (IQR method),0.4934,anomaly,0.6467,Medium
JE100126,1.0,statistical_outlier,Statistical outlier for account 'Inventory' (IQR method),0.4896,anomaly,0.6448,Medium
JE103381,1.0,statistical_outlier,Statistical outlier for account 'Payroll' (IQR method),0.4889,anomaly,0.6444,Medium
JE105536,1.0,statistical_outlier,Statistical outlier for account 'Accounts Payable' (IQR method),0.4877,anomaly,0.6438,Medium
JE108031,2.0,"round_number, statistical_outlier",Round-number amount | Statistical outlier for account 'Marketing Spend' (IQR method),0.4854,anomaly,0.6427,Medium
JE105797,1.0,statistical_outlier,Statistical outlier for account 'Accounts Payable' (IQR method),0.4852,anomaly,0.6426,Medium
JE103496,1.0,statistical_outlier,Statistical outlier for account 'Utilities' (IQR method),0.4847,anomaly,0.6424,Medium
JE107984,1.0,statistical_outlier,Statistical outlier for account 'Travel & Expense' (IQR method),0.4784,anomaly,0.6392,Medium
JE107376,2.0,"off_hours_weekend, statistical_outlier",Posted on weekend or outside business hours | Statistical outlier for account 'Travel & Expense' (IQR method),0.4785,anomaly,0.6392,Medium
JE101380,1.0,statistical_outlier,Statistical outlier for account 'Payroll' (IQR method),0.4775,anomaly,0.6388,Medium
JE102575,1.0,statistical_outlier,Statistical outlier for account 'Consulting Fees' (IQR method),0.4765,anomaly,0.6382,Medium
JE100763,2.0,"off_hours_weekend, statistical_outlier",Posted on weekend or outside business hours | Statistical outlier for account 'Accounts Receivable' (IQR method),0.4727,anomaly,0.6364,Medium
JE106892,1.0,statistical_outlier,Statistical outlier for account 'Inventory' (IQR method),0.4729,anomaly,0.6364,Medium
JE100210,1.0,statistical_outlier,Statistical outlier for account 'Accounts Receivable' (IQR method),0.4681,anomaly,0.634,Medium
JE101767,1.0,statistical_outlier,Statistical outlier for account 'Accounts Receivable' (IQR method),0.4677,anomaly,0.6338,Medium
JE108034,2.0,"round_number, statistical_outlier",Round-number amount | Statistical outlier for account 'Accounts Payable' (IQR method),0.4669,anomaly,0.6335,Medium
JE100848,1.0,statistical_outlier,Statistical outlier for account 'Accounts Payable' (IQR method),0.4634,anomaly,0.6317,Medium
JE100881,1.0,statistical_outlier,Statistical outlier for account 'Travel & Expense' (IQR method),0.4632,anomaly,0.6316,Medium
JE107552,1.0,statistical_outlier,Statistical outlier for account 'Office Supplies' (IQR method),0.4623,anomaly,0.6312,Medium
JE100479,1.0,statistical_outlier,Statistical outlier for account 'Accounts Receivable' (IQR method),0.4623,anomaly,0.6312,Medium
JE100114,1.0,statistical_outlier,Statistical outlier for account 'Accounts Receivable' (IQR method),0.4622,anomaly,0.6311,Medium
JE102974,1.0,statistical_outlier,Statistical outlier for account 'Consulting Fees' (IQR method),0.4621,anomaly,0.631,Medium
JE107512,1.0,statistical_outlier,Statistical outlier for account 'Inventory' (IQR method),0.4612,anomaly,0.6306,Medium
JE102896,1.0,statistical_outlier,Statistical outlier for account 'Rent' (IQR method),0.4611,anomaly,0.6306,Medium
JE105847,2.0,"statistical_outlier, month_end_late_hour_posting",Statistical outlier for account 'Payroll' (IQR method) | Month-end late-hour posting,0.4611,anomaly,0.6306,Medium
JE107758,1.0,statistical_outlier,Statistical outlier for account 'Consulting Fees' (IQR method),0.4604,anomaly,0.6302,Medium
JE105607,1.0,duplicate,Duplicate vendor+amount+date combination,0.359,normal,0.6295,Medium
JE108002,1.0,duplicate,Duplicate vendor+amount+date combination,0.359,normal,0.6295,Medium
JE108021,2.0,"round_number, statistical_outlier",Round-number amount | Statistical outlier for account 'Travel & Expense' (IQR method),0.4582,anomaly,0.6291,Medium
JE102837,1.0,statistical_outlier,Statistical outlier for account 'Office Supplies' (IQR method),0.455,anomaly,0.6275,Medium
JE105272,1.0,statistical_outlier,Statistical outlier for account 'Payroll' (IQR method),0.4542,anomaly,0.6271,Medium
JE105722,1.0,statistical_outlier,Statistical outlier for account 'Rent' (IQR method),0.4537,anomaly,0.6268,Medium
JE106973,1.0,statistical_outlier,Statistical outlier for account 'Accounts Payable' (IQR method),0.4532,anomaly,0.6266,Medium
JE108035,2.0,"round_number, statistical_outlier",Round-number amount | Statistical outlier for account 'Rent' (IQR method),0.4515,anomaly,0.6258,Medium
JE105962,1.0,statistical_outlier,Statistical outlier for account 'Office Supplies' (IQR method),0.4502,anomaly,0.6251,Medium
JE106486,1.0,statistical_outlier,Statistical outlier for account 'Inventory' (IQR method),0.4501,anomaly,0.625,Medium
JE107938,2.0,"off_hours_weekend, statistical_outlier",Posted on weekend or outside business hours | Statistical outlier for account 'Marketing Spend' (IQR method),0.4481,anomaly,0.624,Medium
JE108096,1.0,statistical_outlier,Statistical outlier for account 'Marketing Spend' (IQR method),0.446,anomaly,0.623,Medium
JE108044,2.0,"off_hours_weekend, statistical_outlier",Posted on weekend or outside business hours | Statistical outlier for account 'Marketing Spend' (IQR method),0.4457,anomaly,0.6228,Medium
JE100655,1.0,statistical_outlier,Statistical outlier for account 'Accounts Receivable' (IQR method),0.4449,anomaly,0.6225,Medium
JE101625,1.0,statistical_outlier,Statistical outlier for account 'Accounts Receivable' (IQR method),0.4434,anomaly,0.6217,Medium
JE106849,1.0,statistical_outlier,Statistical outlier for account 'Rent' (IQR method),0.4431,anomaly,0.6216,Medium
JE106646,1.0,statistical_outlier,Statistical outlier for account 'Travel & Expense' (IQR method),0.4427,anomaly,0.6214,Medium
JE108026,2.0,"round_number, statistical_outlier",Round-number amount | Statistical outlier for account 'Accounts Payable' (IQR method),0.4419,anomaly,0.621,Medium
JE108049,2.0,"off_hours_weekend, statistical_outlier",Posted on weekend or outside business hours | Statistical outlier for account 'Accounts Payable' (IQR method),0.4414,anomaly,0.6207,Medium
JE108016,3.0,"round_number, off_hours_weekend, statistical_outlier",Round-number amount | Posted on weekend or outside business hours | Statistical outlier for account 'Utilities' (IQR method),0.4399,anomaly,0.62,Medium
JE102522,1.0,statistical_outlier,Statistical outlier for account 'Payroll' (IQR method),0.4381,anomaly,0.619,Medium
JE106767,1.0,statistical_outlier,Statistical outlier for account 'Utilities' (IQR method),0.4378,anomaly,0.6189,Medium
JE105637,2.0,"off_hours_weekend, statistical_outlier",Posted on weekend or outside business hours | Statistical outlier for account 'Rent' (IQR method),0.4372,normal,0.6186,Medium
JE101230,2.0,"off_hours_weekend, statistical_outlier",Posted on weekend or outside business hours | Statistical outlier for account 'Accounts Payable' (IQR method),0.4367,normal,0.6184,Medium
JE106843,1.0,statistical_outlier,Statistical outlier for account 'Travel & Expense' (IQR method),0.4362,normal,0.6181,Medium
JE100285,1.0,statistical_outlier,Statistical outlier for account 'Office Supplies' (IQR method),0.4351,normal,0.6176,Medium
JE101497,1.0,statistical_outlier,Statistical outlier for account 'Inventory' (IQR method),0.4348,normal,0.6174,Medium
JE102027,1.0,statistical_outlier,Statistical outlier for account 'Accounts Receivable' (IQR method),0.4329,normal,0.6165,Medium
JE101650,1.0,statistical_outlier,Statistical outlier for account 'Marketing Spend' (IQR method),0.4308,normal,0.6154,Medium
JE101454,1.0,statistical_outlier,Statistical outlier for account 'Rent' (IQR method),0.4301,normal,0.615,Medium
JE100756,2.0,"off_hours_weekend, statistical_outlier",Posted on weekend or outside business hours | Statistical outlier for account 'Travel & Expense' (IQR method),0.4283,normal,0.6142,Medium
JE108028,2.0,"round_number, statistical_outlier",Round-number amount | Statistical outlier for account 'Office Supplies' (IQR method),0.4275,normal,0.6138,Medium
JE108030,2.0,"round_number, statistical_outlier",Round-number amount | Statistical outlier for account 'Consulting Fees' (IQR method),0.4273,normal,0.6136,Medium
JE105674,1.0,statistical_outlier,Statistical outlier for account 'Office Supplies' (IQR method),0.4269,normal,0.6135,Medium
JE100461,1.0,statistical_outlier,Statistical outlier for account 'Rent' (IQR method),0.426,normal,0.613,Medium
JE105940,2.0,"off_hours_weekend, statistical_outlier",Posted on weekend or outside business hours | Statistical outlier for account 'Payroll' (IQR method),0.4258,normal,0.6129,Medium
JE103969,1.0,statistical_outlier,Statistical outlier for account 'Accounts Payable' (IQR method),0.4256,normal,0.6128,Medium
JE101103,2.0,"off_hours_weekend, statistical_outlier",Posted on weekend or outside business hours | Statistical outlier for account 'Payroll' (IQR method),0.4254,normal,0.6127,Medium
JE104578,1.0,statistical_outlier,Statistical outlier for account 'Accounts Receivable' (IQR method),0.4236,normal,0.6118,Medium
JE108024,2.0,"round_number, statistical_outlier",Round-number amount | Statistical outlier for account 'Marketing Spend' (IQR method),0.4234,normal,0.6117,Medium
JE107097,1.0,statistical_outlier,Statistical outlier for account 'Payroll' (IQR method),0.4209,normal,0.6105,Medium
JE100910,1.0,statistical_outlier,Statistical outlier for account 'Utilities' (IQR method),0.4192,normal,0.6096,Medium
JE103399,1.0,statistical_outlier,Statistical outlier for account 'Office Supplies' (IQR method),0.4171,normal,0.6086,Medium
JE101158,1.0,statistical_outlier,Statistical outlier for account 'Rent' (IQR method),0.4169,normal,0.6085,Medium
JE100221,1.0,statistical_outlier,Statistical outlier for account 'Accounts Receivable' (IQR method),0.416,normal,0.608,Medium
JE108017,2.0,"round_number, statistical_outlier",Round-number amount | Statistical outlier for account 'Consulting Fees' (IQR method),0.4147,normal,0.6074,Medium
JE106351,1.0,statistical_outlier,Statistical outlier for account 'Travel & Expense' (IQR method),0.4144,normal,0.6072,Medium
JE100584,1.0,statistical_outlier,Statistical outlier for account 'Rent' (IQR method),0.4134,normal,0.6067,Medium
JE102179,1.0,statistical_outlier,Statistical outlier for account 'Accounts Receivable' (IQR method),0.4125,normal,0.6062,Medium
JE108095,1.0,statistical_outlier,Statistical outlier for account 'Marketing Spend' (IQR method),0.4118,normal,0.6059,Medium
JE107199,1.0,statistical_outlier,Statistical outlier for account 'Accounts Receivable' (IQR method),0.4116,normal,0.6058,Medium
JE101958,1.0,statistical_outlier,Statistical outlier for account 'Marketing Spend' (IQR method),0.4115,normal,0.6058,Medium
JE108097,1.0,statistical_outlier,Statistical outlier for account 'Payroll' (IQR method),0.4114,normal,0.6057,Medium
JE102990,1.0,statistical_outlier,Statistical outlier for account 'Rent' (IQR method),0.4097,normal,0.6048,Medium
JE104048,1.0,statistical_outlier,Statistical outlier for account 'Utilities' (IQR method),0.4083,normal,0.6042,Medium
JE107078,1.0,statistical_outlier,Statistical outlier for account 'Inventory' (IQR method),0.4062,normal,0.6031,Medium
JE106614,1.0,statistical_outlier,Statistical outlier for account 'Rent' (IQR method),0.4051,normal,0.6026,Medium
JE105771,2.0,"off_hours_weekend, statistical_outlier",Posted on weekend or outside business hours | Statistical outlier for account 'Accounts Payable' (IQR method),0.4038,normal,0.6019,Medium
JE104717,1.0,statistical_outlier,Statistical outlier for account 'Inventory' (IQR method),0.4016,normal,0.6008,Medium
JE106959,1.0,statistical_outlier,Statistical outlier for account 'Utilities' (IQR method),0.4007,normal,0.6004,Medium
JE102219,1.0,statistical_outlier,Statistical outlier for account 'Accounts Receivable' (IQR method),0.4006,normal,0.6003,Medium
JE104187,1.0,statistical_outlier,Statistical outlier for account 'Office Supplies' (IQR method),0.3979,normal,0.599,Medium
JE105671,1.0,statistical_outlier,Statistical outlier for account 'Inventory' (IQR method),0.3959,normal,0.598,Medium
JE103413,1.0,statistical_outlier,Statistical outlier for account 'Office Supplies' (IQR method),0.3953,normal,0.5976,Medium
JE107333,1.0,statistical_outlier,Statistical outlier for account 'Inventory' (IQR method),0.3944,normal,0.5972,Medium
JE106253,1.0,statistical_outlier,Statistical outlier for account 'Accounts Receivable' (IQR method),0.3927,normal,0.5964,Medium
JE107021,1.0,statistical_outlier,Statistical outlier for account 'Utilities' (IQR method),0.3929,normal,0.5964,Medium
JE108012,1.0,duplicate,Duplicate vendor+amount+date combination,0.2925,normal,0.5962,Medium
JE100308,1.0,duplicate,Duplicate vendor+amount+date combination,0.2925,normal,0.5962,Medium
JE107224,1.0,statistical_outlier,Statistical outlier for account 'Payroll' (IQR method),0.3921,normal,0.596,Medium
JE107625,1.0,statistical_outlier,Statistical outlier for account 'Utilities' (IQR method),0.3908,normal,0.5954,Medium
JE103193,1.0,statistical_outlier,Statistical outlier for account 'Travel & Expense' (IQR method),0.3898,normal,0.5949,Medium
JE108003,1.0,duplicate,Duplicate vendor+amount+date combination,0.2897,normal,0.5948,Medium
JE104825,1.0,duplicate,Duplicate vendor+amount+date combination,0.2897,normal,0.5948,Medium
JE106133,1.0,statistical_outlier,Statistical outlier for account 'Travel & Expense' (IQR method),0.3894,normal,0.5947,Medium
JE105176,1.0,statistical_outlier,Statistical outlier for account 'Travel & Expense' (IQR method),0.3886,normal,0.5943,Medium
JE101292,1.0,statistical_outlier,Statistical outlier for account 'Utilities' (IQR method),0.3878,normal,0.5939,Medium
JE106064,1.0,statistical_outlier,Statistical outlier for account 'Inventory' (IQR method),0.3873,normal,0.5936,Medium
JE101427,1.0,statistical_outlier,Statistical outlier for account 'Travel & Expense' (IQR method),0.3869,normal,0.5934,Medium
JE107415,1.0,statistical_outlier,Statistical outlier for account 'Rent' (IQR method),0.3865,normal,0.5933,Medium
JE106059,1.0,statistical_outlier,Statistical outlier for account 'Payroll' (IQR method),0.3862,normal,0.5931,Medium
JE104542,1.0,statistical_outlier,Statistical outlier for account 'Travel & Expense' (IQR method),0.3852,normal,0.5926,Medium
JE108103,3.0,"off_hours_weekend, statistical_outlier, month_end_late_hour_posting",Posted on weekend or outside business hours | Statistical outlier for account 'Consulting Fees' (IQR method) | Month-end late-hour posting,0.3852,normal,0.5926,Medium
JE102121,1.0,statistical_outlier,Statistical outlier for account 'Office Supplies' (IQR method),0.3828,normal,0.5914,Medium
JE107872,1.0,statistical_outlier,Statistical outlier for account 'Accounts Payable' (IQR method),0.3824,normal,0.5912,Medium
JE108048,2.0,"off_hours_weekend, statistical_outlier",Posted on weekend or outside business hours | Statistical outlier for account 'Marketing Spend' (IQR method),0.3793,normal,0.5896,Medium
JE104206,1.0,duplicate,Duplicate vendor+amount+date combination,0.2748,normal,0.5874,Medium
JE108004,1.0,duplicate,Duplicate vendor+amount+date combination,0.2748,normal,0.5874,Medium
JE103153,1.0,duplicate,Duplicate vendor+amount+date combination,0.2746,normal,0.5873,Medium
JE108014,1.0,duplicate,Duplicate vendor+amount+date combination,0.2746,normal,0.5873,Medium
JE103583,1.0,statistical_outlier,Statistical outlier for account 'Accounts Receivable' (IQR method),0.3742,normal,0.5871,Medium
JE107784,1.0,statistical_outlier,Statistical outlier for account 'Inventory' (IQR method),0.3735,normal,0.5868,Medium
JE103593,1.0,statistical_outlier,Statistical outlier for account 'Accounts Payable' (IQR method),0.3704,normal,0.5852,Medium
JE103535,1.0,statistical_outlier,Statistical outlier for account 'Consulting Fees' (IQR method),0.3687,normal,0.5844,Medium
JE103374,1.0,statistical_outlier,Statistical outlier for account 'Rent' (IQR method),0.3686,normal,0.5843,Medium
JE103313,1.0,statistical_outlier,Statistical outlier for account 'Utilities' (IQR method),0.3666,normal,0.5833,Medium
JE102545,1.0,statistical_outlier,Statistical outlier for account 'Inventory' (IQR method),0.3651,normal,0.5826,Medium
JE107211,1.0,statistical_outlier,Statistical outlier for account 'Marketing Spend' (IQR method),0.3638,normal,0.5819,Medium
JE101383,1.0,statistical_outlier,Statistical outlier for account 'Office Supplies' (IQR method),0.3626,normal,0.5813,Medium
JE102802,1.0,statistical_outlier,Statistical outlier for account 'Utilities' (IQR method),0.3618,normal,0.5809,Medium
JE102036,1.0,statistical_outlier,Statistical outlier for account 'Payroll' (IQR method),0.3618,normal,0.5809,Medium
JE107956,1.0,statistical_outlier,Statistical outlier for account 'Utilities' (IQR method),0.3615,normal,0.5808,Medium
JE107958,1.0,statistical_outlier,Statistical outlier for account 'Utilities' (IQR method),0.3594,normal,0.5797,Medium
JE103456,1.0,statistical_outlier,Statistical outlier for account 'Utilities' (IQR method),0.3591,normal,0.5796,Medium
JE101277,1.0,statistical_outlier,Statistical outlier for account 'Travel & Expense' (IQR method),0.3559,normal,0.578,Medium
JE103229,1.0,duplicate,Duplicate vendor+amount+date combination,0.2553,normal,0.5776,Medium
JE108005,1.0,duplicate,Duplicate vendor+amount+date combination,0.2553,normal,0.5776,Medium
JE102305,1.0,statistical_outlier,Statistical outlier for account 'Accounts Payable' (IQR method),0.3545,normal,0.5772,Medium
JE102507,1.0,statistical_outlier,Statistical outlier for account 'Marketing Spend' (IQR method),0.3537,normal,0.5769,Medium
JE107167,1.0,statistical_outlier,Statistical outlier for account 'Marketing Spend' (IQR method),0.3533,normal,0.5766,Medium
JE103660,1.0,statistical_outlier,Statistical outlier for account 'Travel & Expense' (IQR method),0.3523,normal,0.5762,Medium
JE104998,1.0,statistical_outlier,Statistical outlier for account 'Payroll' (IQR method),0.3515,normal,0.5758,Medium
JE104281,1.0,statistical_outlier,Statistical outlier for account 'Rent' (IQR method),0.3512,normal,0.5756,Medium
JE108019,2.0,"round_number, statistical_outlier",Round-number amount | Statistical outlier for account 'Rent' (IQR method),0.3504,normal,0.5752,Medium
JE101220,1.0,statistical_outlier,Statistical outlier for account 'Travel & Expense' (IQR method),0.3481,normal,0.5741,Medium
JE104785,1.0,statistical_outlier,Statistical outlier for account 'Travel & Expense' (IQR method),0.3479,normal,0.574,Medium
JE105494,1.0,statistical_outlier,Statistical outlier for account 'Accounts Payable' (IQR method),0.3477,normal,0.5738,Medium
JE107851,1.0,statistical_outlier,Statistical outlier for account 'Payroll' (IQR method),0.3467,normal,0.5734,Medium
JE102193,1.0,statistical_outlier,Statistical outlier for account 'Consulting Fees' (IQR method),0.3463,normal,0.5732,Medium
JE100394,1.0,statistical_outlier,Statistical outlier for account 'Travel & Expense' (IQR method),0.3464,normal,0.5732,Medium
JE103242,1.0,statistical_outlier,Statistical outlier for account 'Consulting Fees' (IQR method),0.3458,normal,0.5729,Medium
JE100235,1.0,statistical_outlier,Statistical outlier for account 'Travel & Expense' (IQR method),0.3452,normal,0.5726,Medium
JE108009,1.0,duplicate,Duplicate vendor+amount+date combination,0.2451,normal,0.5726,Medium
JE101186,1.0,duplicate,Duplicate vendor+amount+date combination,0.2451,normal,0.5726,Medium
JE104366,1.0,statistical_outlier,Statistical outlier for account 'Office Supplies' (IQR method),0.3438,normal,0.5719,Medium
JE107498,1.0,statistical_outlier,Statistical outlier for account 'Marketing Spend' (IQR method),0.3432,normal,0.5716,Medium
JE104524,1.0,statistical_outlier,Statistical outlier for account 'Accounts Receivable' (IQR method),0.3422,normal,0.5711,Medium
JE101935,1.0,statistical_outlier,Statistical outlier for account 'Payroll' (IQR method),0.3419,normal,0.571,Medium
JE100886,1.0,statistical_outlier,Statistical outlier for account 'Accounts Receivable' (IQR method),0.3416,normal,0.5708,Medium
JE101639,1.0,statistical_outlier,Statistical outlier for account 'Travel & Expense' (IQR method),0.3412,normal,0.5706,Medium
JE107737,1.0,statistical_outlier,Statistical outlier for account 'Payroll' (IQR method),0.3405,normal,0.5702,Medium
JE101414,2.0,"off_hours_weekend, statistical_outlier",Posted on weekend or outside business hours | Statistical outlier for account 'Utilities' (IQR method),0.3396,normal,0.5698,Medium
JE101912,1.0,statistical_outlier,Statistical outlier for account 'Office Supplies' (IQR method),0.3388,normal,0.5694,Medium
JE108008,1.0,duplicate,Duplicate vendor+amount+date combination,0.2387,normal,0.5694,Medium
JE103492,1.0,duplicate,Duplicate vendor+amount+date combination,0.2387,normal,0.5694,Medium
JE102721,1.0,statistical_outlier,Statistical outlier for account 'Accounts Receivable' (IQR method),0.3376,normal,0.5688,Medium
JE105581,1.0,statistical_outlier,Statistical outlier for account 'Payroll' (IQR method),0.3376,normal,0.5688,Medium
JE104248,1.0,statistical_outlier,Statistical outlier for account 'Travel & Expense' (IQR method),0.3359,normal,0.568,Medium
JE101830,1.0,duplicate,Duplicate vendor+amount+date combination,0.2348,normal,0.5674,Medium
JE108011,1.0,duplicate,Duplicate vendor+amount+date combination,0.2348,normal,0.5674,Medium
JE103410,1.0,statistical_outlier,Statistical outlier for account 'Rent' (IQR method),0.3331,normal,0.5666,Medium
JE107059,1.0,statistical_outlier,Statistical outlier for account 'Marketing Spend' (IQR method),0.3331,normal,0.5666,Medium
JE107331,1.0,statistical_outlier,Statistical outlier for account 'Inventory' (IQR method),0.3327,normal,0.5664,Medium
JE102306,1.0,statistical_outlier,Statistical outlier for account 'Payroll' (IQR method),0.3297,normal,0.5649,Medium
JE103554,1.0,statistical_outlier,Statistical outlier for account 'Inventory' (IQR method),0.3295,normal,0.5648,Medium
JE100623,1.0,statistical_outlier,Statistical outlier for account 'Travel & Expense' (IQR method),0.3295,normal,0.5648,Medium
JE101925,1.0,statistical_outlier,Statistical outlier for account 'Rent' (IQR method),0.3271,normal,0.5636,Medium
JE100379,1.0,statistical_outlier,Statistical outlier for account 'Accounts Payable' (IQR method),0.3273,normal,0.5636,Medium
JE101013,1.0,statistical_outlier,Statistical outlier for account 'Rent' (IQR method),0.3266,normal,0.5633,Medium
JE101930,1.0,statistical_outlier,Statistical outlier for account 'Payroll' (IQR method),0.3228,normal,0.5614,Medium
JE104871,1.0,statistical_outlier,Statistical outlier for account 'Consulting Fees' (IQR method),0.3223,normal,0.5612,Medium
JE105151,2.0,"off_hours_weekend, statistical_outlier",Posted on weekend or outside business hours | Statistical outlier for account 'Marketing Spend' (IQR method),0.322,normal,0.561,Medium
JE103462,1.0,statistical_outlier,Statistical outlier for account 'Inventory' (IQR method),0.3214,normal,0.5607,Medium
JE102820,2.0,"off_hours_weekend, month_end_late_hour_posting",Posted on weekend or outside business hours | Month-end late-hour posting,0.6207,anomaly,0.5604,Medium
JE107442,1.0,statistical_outlier,Statistical outlier for account 'Utilities' (IQR method),0.3204,normal,0.5602,Medium
JE100157,1.0,statistical_outlier,Statistical outlier for account 'Travel & Expense' (IQR method),0.3204,normal,0.5602,Medium
JE108111,2.0,"off_hours_weekend, month_end_late_hour_posting",Posted on weekend or outside business hours | Month-end late-hour posting,0.6191,anomaly,0.5596,Medium
JE101024,1.0,statistical_outlier,Statistical outlier for account 'Payroll' (IQR method),0.3188,normal,0.5594,Medium
JE100168,1.0,statistical_outlier,Statistical outlier for account 'Payroll' (IQR method),0.3186,normal,0.5593,Medium
JE101166,1.0,statistical_outlier,Statistical outlier for account 'Utilities' (IQR method),0.3171,normal,0.5586,Medium
JE102176,1.0,statistical_outlier,Statistical outlier for account 'Accounts Receivable' (IQR method),0.3158,normal,0.5579,Medium
JE100075,1.0,duplicate,Duplicate vendor+amount+date combination,0.2157,normal,0.5578,Medium
JE108010,1.0,duplicate,Duplicate vendor+amount+date combination,0.2157,normal,0.5578,Medium
JE100651,1.0,statistical_outlier,Statistical outlier for account 'Travel & Expense' (IQR method),0.3153,normal,0.5576,Medium
JE105547,1.0,statistical_outlier,Statistical outlier for account 'Accounts Payable' (IQR method),0.3148,normal,0.5574,Medium
JE100253,1.0,statistical_outlier,Statistical outlier for account 'Office Supplies' (IQR method),0.3147,normal,0.5574,Medium
JE104990,1.0,statistical_outlier,Statistical outlier for account 'Rent' (IQR method),0.3145,normal,0.5572,Medium
JE106739,1.0,statistical_outlier,Statistical outlier for account 'Marketing Spend' (IQR method),0.3144,normal,0.5572,Medium
JE107648,1.0,statistical_outlier,Statistical outlier for account 'Inventory' (IQR method),0.3125,normal,0.5562,Medium
JE103581,1.0,statistical_outlier,Statistical outlier for account 'Accounts Payable' (IQR method),0.3117,normal,0.5558,Medium
JE105036,1.0,statistical_outlier,Statistical outlier for account 'Accounts Receivable' (IQR method),0.309,normal,0.5545,Medium
JE100375,1.0,statistical_outlier,Statistical outlier for account 'Accounts Receivable' (IQR method),0.307,normal,0.5535,Medium
JE104378,1.0,statistical_outlier,Statistical outlier for account 'Office Supplies' (IQR method),0.3064,normal,0.5532,Medium
JE106184,1.0,statistical_outlier,Statistical outlier for account 'Inventory' (IQR method),0.3049,normal,0.5524,Medium
JE103528,1.0,statistical_outlier,Statistical outlier for account 'Consulting Fees' (IQR method),0.3047,normal,0.5524,Medium
JE108062,1.0,off_hours_weekend,Posted on weekend or outside business hours,0.7042,anomaly,0.5521,Medium
JE103603,1.0,statistical_outlier,Statistical outlier for account 'Rent' (IQR method),0.3042,normal,0.5521,Medium
JE106317,1.0,statistical_outlier,Statistical outlier for account 'Accounts Receivable' (IQR method),0.3038,normal,0.5519,Medium
JE100932,1.0,statistical_outlier,Statistical outlier for account 'Accounts Receivable' (IQR method),0.3012,normal,0.5506,Medium
JE101708,1.0,statistical_outlier,Statistical outlier for account 'Utilities' (IQR method),0.3009,normal,0.5504,Medium
JE102529,1.0,statistical_outlier,Statistical outlier for account 'Travel & Expense' (IQR method),0.3006,normal,0.5503,Medium
JE103366,1.0,statistical_outlier,Statistical outlier for account 'Accounts Receivable' (IQR method),0.2999,normal,0.55,Medium
JE107260,1.0,statistical_outlier,Statistical outlier for account 'Accounts Payable' (IQR method),0.2996,normal,0.5498,Medium
JE106862,1.0,statistical_outlier,Statistical outlier for account 'Accounts Payable' (IQR method),0.2991,normal,0.5496,Medium
JE103320,1.0,statistical_outlier,Statistical outlier for account 'Consulting Fees' (IQR method),0.299,normal,0.5495,Medium
JE103266,1.0,statistical_outlier,Statistical outlier for account 'Inventory' (IQR method),0.2972,normal,0.5486,Medium
JE101084,2.0,"off_hours_weekend, statistical_outlier",Posted on weekend or outside business hours | Statistical outlier for account 'Accounts Payable' (IQR method),0.297,normal,0.5485,Medium
JE101162,1.0,statistical_outlier,Statistical outlier for account 'Marketing Spend' (IQR method),0.2955,normal,0.5478,Medium
JE106988,1.0,statistical_outlier,Statistical outlier for account 'Utilities' (IQR method),0.2945,normal,0.5472,Medium
JE108000,1.0,statistical_outlier,Statistical outlier for account 'Payroll' (IQR method),0.2938,normal,0.5469,Medium
JE101110,1.0,statistical_outlier,Statistical outlier for account 'Payroll' (IQR method),0.2936,normal,0.5468,Medium
JE105205,1.0,statistical_outlier,Statistical outlier for account 'Travel & Expense' (IQR method),0.2934,normal,0.5467,Medium
JE103435,1.0,statistical_outlier,Statistical outlier for account 'Consulting Fees' (IQR method),0.2933,normal,0.5467,Medium
JE104856,1.0,statistical_outlier,Statistical outlier for account 'Accounts Receivable' (IQR method),0.2932,normal,0.5466,Medium
JE105112,1.0,statistical_outlier,Statistical outlier for account 'Marketing Spend' (IQR method),0.2926,normal,0.5463,Medium
JE107767,1.0,statistical_outlier,Statistical outlier for account 'Marketing Spend' (IQR method),0.2922,normal,0.5461,Medium
JE105377,1.0,statistical_outlier,Statistical outlier for account 'Rent' (IQR method),0.2915,normal,0.5458,Medium
JE107256,1.0,statistical_outlier,Statistical outlier for account 'Rent' (IQR method),0.2912,normal,0.5456,Medium
JE101520,1.0,statistical_outlier,Statistical outlier for account 'Accounts Payable' (IQR method),0.2903,normal,0.5452,Medium
JE106863,1.0,statistical_outlier,Statistical outlier for account 'Office Supplies' (IQR method),0.2903,normal,0.5452,Medium
JE105960,1.0,statistical_outlier,Statistical outlier for account 'Marketing Spend' (IQR method),0.2886,normal,0.5443,Medium
JE101598,1.0,statistical_outlier,Statistical outlier for account 'Office Supplies' (IQR method),0.2882,normal,0.5441,Medium
JE100562,1.0,statistical_outlier,Statistical outlier for account 'Office Supplies' (IQR method),0.2875,normal,0.5438,Medium
JE101308,1.0,duplicate,Duplicate vendor+amount+date combination,0.1834,normal,0.5417,Medium
JE108013,1.0,duplicate,Duplicate vendor+amount+date combination,0.1834,normal,0.5417,Medium
JE105710,1.0,statistical_outlier,Statistical outlier for account 'Accounts Payable' (IQR method),0.2832,normal,0.5416,Medium
JE106381,1.0,statistical_outlier,Statistical outlier for account 'Rent' (IQR method),0.2816,normal,0.5408,Medium
JE103234,1.0,statistical_outlier,Statistical outlier for account 'Accounts Payable' (IQR method),0.2811,normal,0.5406,Medium
JE106224,1.0,statistical_outlier,Statistical outlier for account 'Office Supplies' (IQR method),0.2808,normal,0.5404,Medium
JE104021,1.0,statistical_outlier,Statistical outlier for account 'Utilities' (IQR method),0.2802,normal,0.5401,Medium
JE103953,1.0,statistical_outlier,Statistical outlier for account 'Utilities' (IQR method),0.2795,normal,0.5398,Medium
JE106023,1.0,statistical_outlier,Statistical outlier for account 'Payroll' (IQR method),0.2796,normal,0.5398,Medium
JE106203,1.0,statistical_outlier,Statistical outlier for account 'Accounts Payable' (IQR method),0.2772,normal,0.5386,Medium
JE100502,1.0,statistical_outlier,Statistical outlier for account 'Rent' (IQR method),0.2761,normal,0.538,Medium
JE107465,1.0,statistical_outlier,Statistical outlier for account 'Rent' (IQR method),0.2755,normal,0.5378,Medium
JE101542,1.0,statistical_outlier,Statistical outlier for account 'Accounts Receivable' (IQR method),0.2746,normal,0.5373,Medium
JE100388,1.0,statistical_outlier,Statistical outlier for account 'Utilities' (IQR method),0.2743,normal,0.5372,Medium
JE105037,1.0,statistical_outlier,Statistical outlier for account 'Office Supplies' (IQR method),0.2745,normal,0.5372,Medium
JE108015,1.0,duplicate,Duplicate vendor+amount+date combination,0.1728,normal,0.5364,Medium
JE105983,2.0,"off_hours_weekend, statistical_outlier",Posted on weekend or outside business hours | Statistical outlier for account 'Consulting Fees' (IQR method),0.2729,normal,0.5364,Medium
JE103758,1.0,statistical_outlier,Statistical outlier for account 'Consulting Fees' (IQR method),0.2729,normal,0.5364,Medium
JE102933,1.0,duplicate,Duplicate vendor+amount+date combination,0.1728,normal,0.5364,Medium
JE103625,1.0,statistical_outlier,Statistical outlier for account 'Inventory' (IQR method),0.2714,normal,0.5357,Medium
JE106017,1.0,statistical_outlier,Statistical outlier for account 'Consulting Fees' (IQR method),0.2713,normal,0.5356,Medium
JE105018,1.0,statistical_outlier,Statistical outlier for account 'Utilities' (IQR method),0.269,normal,0.5345,Medium
JE103921,1.0,statistical_outlier,Statistical outlier for account 'Office Supplies' (IQR method),0.2674,normal,0.5337,Medium
JE108029,2.0,"round_number, statistical_outlier",Round-number amount | Statistical outlier for account 'Utilities' (IQR method),0.2662,normal,0.5331,Medium
JE104462,1.0,statistical_outlier,Statistical outlier for account 'Marketing Spend' (IQR method),0.2657,normal,0.5329,Medium
JE103190,1.0,statistical_outlier,Statistical outlier for account 'Marketing Spend' (IQR method),0.2652,normal,0.5326,Medium
JE101730,1.0,statistical_outlier,Statistical outlier for account 'Accounts Payable' (IQR method),0.2648,normal,0.5324,Medium
JE101527,1.0,statistical_outlier,Statistical outlier for account 'Utilities' (IQR method),0.2639,normal,0.532,Medium
JE104656,1.0,statistical_outlier,Statistical outlier for account 'Accounts Payable' (IQR method),0.2622,normal,0.5311,Medium
JE107360,1.0,statistical_outlier,Statistical outlier for account 'Payroll' (IQR method),0.2602,normal,0.5301,Medium
JE102746,1.0,duplicate,Duplicate vendor+amount+date combination,0.159,normal,0.5295,Medium
JE108006,1.0,duplicate,Duplicate vendor+amount+date combination,0.159,normal,0.5295,Medium
JE104217,1.0,statistical_outlier,Statistical outlier for account 'Inventory' (IQR method),0.259,normal,0.5295,Medium
JE105501,1.0,off_hours_weekend,Posted on weekend or outside business hours,0.6585,anomaly,0.5292,Medium
JE107861,1.0,statistical_outlier,Statistical outlier for account 'Payroll' (IQR method),0.2582,normal,0.5291,Medium
JE105741,2.0,"off_hours_weekend, month_end_late_hour_posting",Posted on weekend or outside business hours | Month-end late-hour posting,0.5581,anomaly,0.529,Medium
JE102553,1.0,statistical_outlier,Statistical outlier for account 'Inventory' (IQR method),0.2575,normal,0.5288,Medium
JE100870,1.0,statistical_outlier,Statistical outlier for account 'Office Supplies' (IQR method),0.2546,normal,0.5273,Medium
JE105788,1.0,statistical_outlier,Statistical outlier for account 'Office Supplies' (IQR method),0.2538,normal,0.5269,Medium
JE106656,1.0,statistical_outlier,Statistical outlier for account 'Payroll' (IQR method),0.2533,normal,0.5267,Medium
JE104852,1.0,statistical_outlier,Statistical outlier for account 'Payroll' (IQR method),0.2527,normal,0.5264,Medium
JE105902,1.0,off_hours_weekend,Posted on weekend or outside business hours,0.6527,anomaly,0.5264,Medium
JE101393,1.0,statistical_outlier,Statistical outlier for account 'Rent' (IQR method),0.2513,normal,0.5257,Medium
JE103004,1.0,statistical_outlier,Statistical outlier for account 'Marketing Spend' (IQR method),0.2507,normal,0.5254,Medium
JE101696,1.0,statistical_outlier,Statistical outlier for account 'Consulting Fees' (IQR method),0.2503,normal,0.5252,Medium
JE103072,2.0,"off_hours_weekend, month_end_late_hour_posting",Posted on weekend or outside business hours | Month-end late-hour posting,0.5474,anomaly,0.5237,Medium
JE101117,1.0,statistical_outlier,Statistical outlier for account 'Utilities' (IQR method),0.2473,normal,0.5237,Medium
JE102472,1.0,statistical_outlier,Statistical outlier for account 'Utilities' (IQR method),0.2453,normal,0.5227,Medium
JE100823,1.0,statistical_outlier,Statistical outlier for account 'Accounts Payable' (IQR method),0.2452,normal,0.5226,Medium
JE105025,1.0,statistical_outlier,Statistical outlier for account 'Accounts Payable' (IQR method),0.2447,normal,0.5224,Medium
JE105260,1.0,statistical_outlier,Statistical outlier for account 'Payroll' (IQR method),0.2416,normal,0.5208,Medium
JE102725,1.0,statistical_outlier,Statistical outlier for account 'Marketing Spend' (IQR method),0.2411,normal,0.5206,Medium
JE100606,1.0,statistical_outlier,Statistical outlier for account 'Inventory' (IQR method),0.2374,normal,0.5187,Medium
JE104179,1.0,statistical_outlier,Statistical outlier for account 'Payroll' (IQR method),0.2362,normal,0.5181,Medium
JE103532,1.0,statistical_outlier,Statistical outlier for account 'Inventory' (IQR method),0.2357,normal,0.5178,Medium
JE107479,1.0,statistical_outlier,Statistical outlier for account 'Office Supplies' (IQR method),0.2349,normal,0.5174,Medium
JE100032,2.0,"off_hours_weekend, statistical_outlier",Posted on weekend or outside business hours | Statistical outlier for account 'Accounts Payable' (IQR method),0.2346,normal,0.5173,Medium
JE104343,1.0,statistical_outlier,Statistical outlier for account 'Accounts Payable' (IQR method),0.2322,normal,0.5161,Medium
JE106573,1.0,statistical_outlier,Statistical outlier for account 'Office Supplies' (IQR method),0.2315,normal,0.5158,Medium
JE103612,1.0,duplicate,Duplicate vendor+amount+date combination,0.1309,normal,0.5154,Medium
JE108007,1.0,duplicate,Duplicate vendor+amount+date combination,0.1309,normal,0.5154,Medium
JE102735,1.0,statistical_outlier,Statistical outlier for account 'Payroll' (IQR method),0.2305,normal,0.5152,Medium
JE107996,1.0,statistical_outlier,Statistical outlier for account 'Payroll' (IQR method),0.23,normal,0.515,Medium
JE105086,1.0,statistical_outlier,Statistical outlier for account 'Marketing Spend' (IQR method),0.2283,normal,0.5142,Medium
JE100421,1.0,statistical_outlier,Statistical outlier for account 'Consulting Fees' (IQR method),0.2258,normal,0.5129,Medium
JE101801,1.0,statistical_outlier,Statistical outlier for account 'Office Supplies' (IQR method),0.2253,normal,0.5127,Medium
JE106759,1.0,statistical_outlier,Statistical outlier for account 'Consulting Fees' (IQR method),0.2243,normal,0.5122,Medium
JE104227,1.0,statistical_outlier,Statistical outlier for account 'Rent' (IQR method),0.2222,normal,0.5111,Medium
JE102916,1.0,statistical_outlier,Statistical outlier for account 'Accounts Receivable' (IQR method),0.2219,normal,0.511,Medium
JE105952,1.0,off_hours_weekend,Posted on weekend or outside business hours,0.6212,anomaly,0.5106,Medium
JE102550,1.0,statistical_outlier,Statistical outlier for account 'Accounts Payable' (IQR method),0.2192,normal,0.5096,Medium
JE102815,1.0,statistical_outlier,Statistical outlier for account 'Rent' (IQR method),0.2159,normal,0.508,Medium
JE105481,1.0,statistical_outlier,Statistical outlier for account 'Accounts Payable' (IQR method),0.2149,normal,0.5075,Medium
JE101496,1.0,statistical_outlier,Statistical outlier for account 'Utilities' (IQR method),0.2145,normal,0.5072,Medium
JE106822,1.0,statistical_outlier,Statistical outlier for account 'Accounts Receivable' (IQR method),0.2124,normal,0.5062,Medium
JE103306,1.0,off_hours_weekend,Posted on weekend or outside business hours,0.6116,anomaly,0.5058,Medium
JE102801,1.0,off_hours_weekend,Posted on weekend or outside business hours,0.6111,anomaly,0.5055,Medium
JE104678,1.0,off_hours_weekend,Posted on weekend or outside business hours,0.6097,anomaly,0.5048,Medium
JE100624,1.0,off_hours_weekend,Posted on weekend or outside business hours,0.6091,anomaly,0.5046,Medium
JE103395,1.0,statistical_outlier,Statistical outlier for account 'Payroll' (IQR method),0.2062,normal,0.5031,Medium
JE105236,1.0,statistical_outlier,Statistical outlier for account 'Consulting Fees' (IQR method),0.2061,normal,0.503,Medium
JE102243,1.0,statistical_outlier,Statistical outlier for account 'Inventory' (IQR method),0.2034,normal,0.5017,Medium
JE105190,1.0,off_hours_weekend,Posted on weekend or outside business hours,0.6018,anomaly,0.5009,Medium
JE102483,1.0,statistical_outlier,Statistical outlier for account 'Rent' (IQR method),0.2002,normal,0.5001,Medium
JE107501,1.0,statistical_outlier,Statistical outlier for account 'Rent' (IQR method),0.1971,normal,0.4986,Medium
JE104969,2.0,"off_hours_weekend, month_end_late_hour_posting",Posted on weekend or outside business hours | Month-end late-hour posting,0.4971,anomaly,0.4986,Medium
JE106956,2.0,"off_hours_weekend, month_end_late_hour_posting",Posted on weekend or outside business hours | Month-end late-hour posting,0.4952,anomaly,0.4976,Medium
JE101646,1.0,off_hours_weekend,Posted on weekend or outside business hours,0.5946,anomaly,0.4973,Medium
JE107283,1.0,statistical_outlier,Statistical outlier for account 'Rent' (IQR method),0.1927,normal,0.4964,Medium
JE108023,1.0,round_number,Round-number amount,0.4422,anomaly,0.4961,Medium
JE100326,1.0,off_hours_weekend,Posted on weekend or outside business hours,0.5914,anomaly,0.4957,Medium
JE103989,1.0,statistical_outlier,Statistical outlier for account 'Rent' (IQR method),0.1904,normal,0.4952,Medium
JE103962,1.0,statistical_outlier,Statistical outlier for account 'Marketing Spend' (IQR method),0.1856,normal,0.4928,Medium
JE108047,1.0,off_hours_weekend,Posted on weekend or outside business hours,0.5806,anomaly,0.4903,Medium
JE104599,2.0,"off_hours_weekend, month_end_late_hour_posting",Posted on weekend or outside business hours | Month-end late-hour posting,0.4797,anomaly,0.4898,Medium
JE102703,1.0,statistical_outlier,Statistical outlier for account 'Consulting Fees' (IQR method),0.1797,normal,0.4898,Medium
JE100968,1.0,statistical_outlier,Statistical outlier for account 'Rent' (IQR method),0.1769,normal,0.4885,Medium
JE104786,1.0,off_hours_weekend,Posted on weekend or outside business hours,0.5594,anomaly,0.4797,Medium
JE107289,1.0,off_hours_weekend,Posted on weekend or outside business hours,0.5552,anomaly,0.4776,Medium
JE103020,1.0,off_hours_weekend,Posted on weekend or outside business hours,0.5533,anomaly,0.4766,Medium
JE101499,1.0,off_hours_weekend,Posted on weekend or outside business hours,0.5527,anomaly,0.4764,Medium
JE103548,1.0,off_hours_weekend,Posted on weekend or outside business hours,0.5521,anomaly,0.476,Medium
JE100876,1.0,statistical_outlier,Statistical outlier for account 'Marketing Spend' (IQR method),0.1485,normal,0.4742,Medium
JE107994,1.0,off_hours_weekend,Posted on weekend or outside business hours,0.5483,anomaly,0.4742,Medium
JE102638,1.0,off_hours_weekend,Posted on weekend or outside business hours,0.548,anomaly,0.474,Medium
JE100770,1.0,statistical_outlier,Statistical outlier for account 'Payroll' (IQR method),0.1474,normal,0.4737,Medium
JE101227,2.0,"off_hours_weekend, month_end_late_hour_posting",Posted on weekend or outside business hours | Month-end late-hour posting,0.4458,anomaly,0.4729,Medium
JE104098,2.0,"off_hours_weekend, month_end_late_hour_posting",Posted on weekend or outside business hours | Month-end late-hour posting,0.4404,anomaly,0.4702,Medium
JE101027,1.0,off_hours_weekend,Posted on weekend or outside business hours,0.5395,anomaly,0.4698,Medium
JE104344,1.0,off_hours_weekend,Posted on weekend or outside business hours,0.5375,anomaly,0.4688,Medium
JE108109,2.0,"off_hours_weekend, month_end_late_hour_posting",Posted on weekend or outside business hours | Month-end late-hour posting,0.435,normal,0.4675,Medium
JE100333,1.0,off_hours_weekend,Posted on weekend or outside business hours,0.5332,anomaly,0.4666,Medium
JE102070,1.0,off_hours_weekend,Posted on weekend or outside business hours,0.533,anomaly,0.4665,Medium
JE102543,2.0,"off_hours_weekend, month_end_late_hour_posting",Posted on weekend or outside business hours | Month-end late-hour posting,0.4304,normal,0.4652,Medium
JE104912,1.0,month_end_late_hour_posting,Month-end late-hour posting,0.4288,normal,0.4644,Medium
JE107537,1.0,off_hours_weekend,Posted on weekend or outside business hours,0.5286,anomaly,0.4643,Medium
JE100784,1.0,off_hours_weekend,Posted on weekend or outside business hours,0.5275,anomaly,0.4638,Medium
JE101100,1.0,off_hours_weekend,Posted on weekend or outside business hours,0.5276,anomaly,0.4638,Medium
JE100112,1.0,month_end_late_hour_posting,Month-end late-hour posting,0.4271,normal,0.4636,Medium
JE105199,1.0,off_hours_weekend,Posted on weekend or outside business hours,0.5247,anomaly,0.4624,Medium
JE106463,1.0,off_hours_weekend,Posted on weekend or outside business hours,0.5235,anomaly,0.4618,Medium
JE104032,1.0,off_hours_weekend,Posted on weekend or outside business hours,0.5227,anomaly,0.4614,Medium
JE103464,2.0,"off_hours_weekend, month_end_late_hour_posting",Posted on weekend or outside business hours | Month-end late-hour posting,0.4171,normal,0.4586,Medium
JE104561,2.0,"off_hours_weekend, month_end_late_hour_posting",Posted on weekend or outside business hours | Month-end late-hour posting,0.414,normal,0.457,Medium
JE101388,1.0,off_hours_weekend,Posted on weekend or outside business hours,0.5128,anomaly,0.4564,Medium
JE102622,1.0,off_hours_weekend,Posted on weekend or outside business hours,0.5128,anomaly,0.4564,Medium
JE105443,1.0,off_hours_weekend,Posted on weekend or outside business hours,0.5119,anomaly,0.456,Medium
JE105939,2.0,"off_hours_weekend, month_end_late_hour_posting",Posted on weekend or outside business hours | Month-end late-hour posting,0.4083,normal,0.4542,Medium
JE105728,1.0,off_hours_weekend,Posted on weekend or outside business hours,0.5069,anomaly,0.4534,Medium
JE106068,1.0,off_hours_weekend,Posted on weekend or outside business hours,0.5059,anomaly,0.453,Medium
JE106581,1.0,off_hours_weekend,Posted on weekend or outside business hours,0.5034,anomaly,0.4517,Medium
JE102713,1.0,off_hours_weekend,Posted on weekend or outside business hours,0.4999,anomaly,0.45,Medium
JE100518,1.0,off_hours_weekend,Posted on weekend or outside business hours,0.4995,anomaly,0.4498,Medium
JE108136,1.0,month_end_late_hour_posting,Month-end late-hour posting,0.397,normal,0.4485,Medium
JE105246,1.0,off_hours_weekend,Posted on weekend or outside business hours,0.4959,anomaly,0.448,Medium
JE103373,1.0,month_end_late_hour_posting,Month-end late-hour posting,0.396,normal,0.448,Medium
JE107773,1.0,off_hours_weekend,Posted on weekend or outside business hours,0.4955,anomaly,0.4478,Medium
JE103513,1.0,off_hours_weekend,Posted on weekend or outside business hours,0.4951,anomaly,0.4476,Medium
JE103724,2.0,"off_hours_weekend, month_end_late_hour_posting",Posted on weekend or outside business hours | Month-end late-hour posting,0.3937,normal,0.4468,Medium
JE108139,2.0,"off_hours_weekend, month_end_late_hour_posting",Posted on weekend or outside business hours | Month-end late-hour posting,0.3932,normal,0.4466,Medium
JE107027,1.0,off_hours_weekend,Posted on weekend or outside business hours,0.4924,anomaly,0.4462,Medium
JE102202,1.0,off_hours_weekend,Posted on weekend or outside business hours,0.4921,anomaly,0.446,Medium
JE103769,1.0,off_hours_weekend,Posted on weekend or outside business hours,0.4915,anomaly,0.4458,Medium
JE101248,1.0,off_hours_weekend,Posted on weekend or outside business hours,0.491,anomaly,0.4455,Medium
JE105938,2.0,"off_hours_weekend, month_end_late_hour_posting",Posted on weekend or outside business hours | Month-end late-hour posting,0.391,normal,0.4455,Medium
JE106221,1.0,month_end_late_hour_posting,Month-end late-hour posting,0.3908,normal,0.4454,Medium
JE107050,1.0,off_hours_weekend,Posted on weekend or outside business hours,0.4906,anomaly,0.4453,Medium
JE101023,1.0,off_hours_weekend,Posted on weekend or outside business hours,0.4884,anomaly,0.4442,Medium
JE103759,1.0,off_hours_weekend,Posted on weekend or outside business hours,0.4876,anomaly,0.4438,Medium
JE107104,1.0,month_end_late_hour_posting,Month-end late-hour posting,0.3873,normal,0.4436,Medium
JE105856,1.0,off_hours_weekend,Posted on weekend or outside business hours,0.4873,anomaly,0.4436,Medium
JE105202,2.0,"off_hours_weekend, month_end_late_hour_posting",Posted on weekend or outside business hours | Month-end late-hour posting,0.3853,normal,0.4426,Medium
JE102455,1.0,off_hours_weekend,Posted on weekend or outside business hours,0.4844,anomaly,0.4422,Medium
JE107362,2.0,"off_hours_weekend, month_end_late_hour_posting",Posted on weekend or outside business hours | Month-end late-hour posting,0.3839,normal,0.442,Medium
JE105334,1.0,month_end_late_hour_posting,Month-end late-hour posting,0.384,normal,0.442,Medium
JE106445,1.0,off_hours_weekend,Posted on weekend or outside business hours,0.4812,anomaly,0.4406,Medium
JE100991,1.0,month_end_late_hour_posting,Month-end late-hour posting,0.3806,normal,0.4403,Medium
JE105812,1.0,off_hours_weekend,Posted on weekend or outside business hours,0.4799,anomaly,0.44,Medium
JE108108,1.0,month_end_late_hour_posting,Month-end late-hour posting,0.3797,normal,0.4398,Medium
JE101498,1.0,off_hours_weekend,Posted on weekend or outside business hours,0.4792,anomaly,0.4396,Medium
JE105764,2.0,"off_hours_weekend, month_end_late_hour_posting",Posted on weekend or outside business hours | Month-end late-hour posting,0.3778,normal,0.4389,Medium
JE108121,2.0,"off_hours_weekend, month_end_late_hour_posting",Posted on weekend or outside business hours | Month-end late-hour posting,0.3764,normal,0.4382,Medium
JE105087,1.0,off_hours_weekend,Posted on weekend or outside business hours,0.4758,anomaly,0.4379,Medium
JE104676,1.0,off_hours_weekend,Posted on weekend or outside business hours,0.4749,anomaly,0.4374,Medium
JE104565,1.0,off_hours_weekend,Posted on weekend or outside business hours,0.4715,anomaly,0.4358,Medium
JE104566,1.0,off_hours_weekend,Posted on weekend or outside business hours,0.4704,anomaly,0.4352,Medium
JE103568,1.0,off_hours_weekend,Posted on weekend or outside business hours,0.47,anomaly,0.435,Medium
JE100663,1.0,off_hours_weekend,Posted on weekend or outside business hours,0.4698,anomaly,0.4349,Medium
JE102613,1.0,month_end_late_hour_posting,Month-end late-hour posting,0.3695,normal,0.4348,Medium
JE102137,1.0,off_hours_weekend,Posted on weekend or outside business hours,0.4696,anomaly,0.4348,Medium
JE100099,1.0,off_hours_weekend,Posted on weekend or outside business hours,0.4693,anomaly,0.4346,Medium
JE102214,1.0,off_hours_weekend,Posted on weekend or outside business hours,0.4691,anomaly,0.4346,Medium
JE107095,1.0,off_hours_weekend,Posted on weekend or outside business hours,0.4688,anomaly,0.4344,Medium
JE102574,1.0,off_hours_weekend,Posted on weekend or outside business hours,0.4685,anomaly,0.4342,Medium
JE104627,1.0,off_hours_weekend,Posted on weekend or outside business hours,0.4683,anomaly,0.4342,Medium
JE104432,1.0,off_hours_weekend,Posted on weekend or outside business hours,0.4682,anomaly,0.4341,Medium
JE102587,1.0,off_hours_weekend,Posted on weekend or outside business hours,0.4677,anomaly,0.4338,Medium
JE105944,1.0,off_hours_weekend,Posted on weekend or outside business hours,0.4667,anomaly,0.4334,Medium
JE103134,2.0,"off_hours_weekend, month_end_late_hour_posting",Posted on weekend or outside business hours | Month-end late-hour posting,0.3662,normal,0.4331,Medium
JE108110,2.0,"off_hours_weekend, month_end_late_hour_posting",Posted on weekend or outside business hours | Month-end late-hour posting,0.3653,normal,0.4326,Medium
JE103084,1.0,off_hours_weekend,Posted on weekend or outside business hours,0.4647,anomaly,0.4324,Medium
JE101075,1.0,off_hours_weekend,Posted on weekend or outside business hours,0.4637,anomaly,0.4318,Medium
JE102004,1.0,off_hours_weekend,Posted on weekend or outside business hours,0.4618,anomaly,0.4309,Medium
JE106940,1.0,off_hours_weekend,Posted on weekend or outside business hours,0.4614,anomaly,0.4307,Medium
JE106642,1.0,off_hours_weekend,Posted on weekend or outside business hours,0.4603,anomaly,0.4302,Medium
JE103693,1.0,off_hours_weekend,Posted on weekend or outside business hours,0.4597,anomaly,0.4298,Medium
JE101139,1.0,off_hours_weekend,Posted on weekend or outside business hours,0.4581,anomaly,0.429,Medium
JE108125,1.0,month_end_late_hour_posting,Month-end late-hour posting,0.3577,normal,0.4288,Medium
JE102819,1.0,off_hours_weekend,Posted on weekend or outside business hours,0.4573,anomaly,0.4286,Medium
JE107551,2.0,"off_hours_weekend, month_end_late_hour_posting",Posted on weekend or outside business hours | Month-end late-hour posting,0.3561,normal,0.428,Medium
JE104694,1.0,off_hours_weekend,Posted on weekend or outside business hours,0.4559,anomaly,0.428,Medium
JE101523,1.0,off_hours_weekend,Posted on weekend or outside business hours,0.4559,anomaly,0.428,Medium
JE103096,1.0,off_hours_weekend,Posted on weekend or outside business hours,0.4554,anomaly,0.4277,Medium
JE107713,2.0,"off_hours_weekend, month_end_late_hour_posting",Posted on weekend or outside business hours | Month-end late-hour posting,0.3551,normal,0.4276,Medium
JE104023,1.0,off_hours_weekend,Posted on weekend or outside business hours,0.4535,anomaly,0.4268,Medium
JE107935,1.0,off_hours_weekend,Posted on weekend or outside business hours,0.4534,anomaly,0.4267,Medium
JE101916,1.0,off_hours_weekend,Posted on weekend or outside business hours,0.4524,anomaly,0.4262,Medium
JE101246,1.0,month_end_late_hour_posting,Month-end late-hour posting,0.3525,normal,0.4262,Medium
JE100325,1.0,off_hours_weekend,Posted on weekend or outside business hours,0.4516,anomaly,0.4258,Medium
JE105548,2.0,"off_hours_weekend, month_end_late_hour_posting",Posted on weekend or outside business hours | Month-end late-hour posting,0.3517,normal,0.4258,Medium
JE104650,1.0,month_end_late_hour_posting,Month-end late-hour posting,0.3512,normal,0.4256,Medium
JE105683,1.0,off_hours_weekend,Posted on weekend or outside business hours,0.4513,anomaly,0.4256,Medium
JE103406,1.0,off_hours_weekend,Posted on weekend or outside business hours,0.4501,anomaly,0.425,Medium
JE101867,1.0,off_hours_weekend,Posted on weekend or outside business hours,0.4492,anomaly,0.4246,Medium
JE107396,2.0,"off_hours_weekend, month_end_late_hour_posting",Posted on weekend or outside business hours | Month-end late-hour posting,0.3487,normal,0.4244,Medium
JE106042,1.0,off_hours_weekend,Posted on weekend or outside business hours,0.4482,anomaly,0.4241,Medium
JE100542,1.0,month_end_late_hour_posting,Month-end late-hour posting,0.3477,normal,0.4238,Medium
JE104506,1.0,off_hours_weekend,Posted on weekend or outside business hours,0.4476,anomaly,0.4238,Medium
JE105001,1.0,off_hours_weekend,Posted on weekend or outside business hours,0.4474,anomaly,0.4237,Medium
JE100519,1.0,off_hours_weekend,Posted on weekend or outside business hours,0.4472,anomaly,0.4236,Medium
JE103357,2.0,"off_hours_weekend, month_end_late_hour_posting",Posted on weekend or outside business hours | Month-end late-hour posting,0.3473,normal,0.4236,Medium
JE106245,1.0,off_hours_weekend,Posted on weekend or outside business hours,0.4469,anomaly,0.4234,Medium
JE106941,1.0,off_hours_weekend,Posted on weekend or outside business hours,0.4459,anomaly,0.423,Medium
JE105219,2.0,"off_hours_weekend, month_end_late_hour_posting",Posted on weekend or outside business hours | Month-end late-hour posting,0.3455,normal,0.4228,Medium
JE104587,1.0,off_hours_weekend,Posted on weekend or outside business hours,0.4453,anomaly,0.4226,Medium
JE107275,1.0,off_hours_weekend,Posted on weekend or outside business hours,0.4442,anomaly,0.4221,Medium
JE105369,1.0,off_hours_weekend,Posted on weekend or outside business hours,0.4437,anomaly,0.4218,Medium
JE106274,1.0,off_hours_weekend,Posted on weekend or outside business hours,0.4434,anomaly,0.4217,Medium
JE106611,1.0,off_hours_weekend,Posted on weekend or outside business hours,0.4417,anomaly,0.4208,Medium
JE106985,1.0,off_hours_weekend,Posted on weekend or outside business hours,0.4406,anomaly,0.4203,Medium
JE101647,1.0,off_hours_weekend,Posted on weekend or outside business hours,0.4403,anomaly,0.4202,Medium
JE102316,1.0,off_hours_weekend,Posted on weekend or outside business hours,0.4388,anomaly,0.4194,Medium
JE104131,1.0,month_end_late_hour_posting,Month-end late-hour posting,0.3355,normal,0.4178,Medium
JE101034,1.0,off_hours_weekend,Posted on weekend or outside business hours,0.4351,normal,0.4176,Medium
JE101705,1.0,off_hours_weekend,Posted on weekend or outside business hours,0.4336,normal,0.4168,Medium
JE100080,1.0,off_hours_weekend,Posted on weekend or outside business hours,0.433,normal,0.4165,Medium
JE104194,1.0,off_hours_weekend,Posted on weekend or outside business hours,0.4318,normal,0.4159,Medium
JE100283,1.0,off_hours_weekend,Posted on weekend or outside business hours,0.4311,normal,0.4156,Medium
JE101038,1.0,off_hours_weekend,Posted on weekend or outside business hours,0.431,normal,0.4155,Medium
JE103280,1.0,off_hours_weekend,Posted on weekend or outside business hours,0.4303,normal,0.4152,Medium
JE106724,1.0,off_hours_weekend,Posted on weekend or outside business hours,0.4305,normal,0.4152,Medium
JE106986,1.0,off_hours_weekend,Posted on weekend or outside business hours,0.4304,normal,0.4152,Medium
JE105913,1.0,off_hours_weekend,Posted on weekend or outside business hours,0.4297,normal,0.4149,Medium
JE101367,1.0,off_hours_weekend,Posted on weekend or outside business hours,0.4292,normal,0.4146,Medium
JE107887,1.0,off_hours_weekend,Posted on weekend or outside business hours,0.4275,normal,0.4138,Medium
JE100551,1.0,off_hours_weekend,Posted on weekend or outside business hours,0.4273,normal,0.4136,Medium
JE104225,1.0,off_hours_weekend,Posted on weekend or outside business hours,0.4265,normal,0.4132,Medium
JE102111,1.0,off_hours_weekend,Posted on weekend or outside business hours,0.426,normal,0.413,Medium
JE105887,1.0,off_hours_weekend,Posted on weekend or outside business hours,0.4259,normal,0.413,Medium
JE101409,1.0,month_end_late_hour_posting,Month-end late-hour posting,0.326,normal,0.413,Medium
JE107721,1.0,off_hours_weekend,Posted on weekend or outside business hours,0.4258,normal,0.4129,Medium
JE101373,1.0,off_hours_weekend,Posted on weekend or outside business hours,0.4236,normal,0.4118,Medium
JE100213,1.0,off_hours_weekend,Posted on weekend or outside business hours,0.4231,normal,0.4116,Medium
JE107121,1.0,off_hours_weekend,Posted on weekend or outside business hours,0.4225,normal,0.4112,Medium
JE102457,1.0,off_hours_weekend,Posted on weekend or outside business hours,0.4214,normal,0.4107,Medium
JE103433,1.0,off_hours_weekend,Posted on weekend or outside business hours,0.4212,normal,0.4106,Medium
JE102979,1.0,off_hours_weekend,Posted on weekend or outside business hours,0.4211,normal,0.4106,Medium
JE104722,1.0,month_end_late_hour_posting,Month-end late-hour posting,0.3196,normal,0.4098,Medium
JE105975,1.0,off_hours_weekend,Posted on weekend or outside business hours,0.4192,normal,0.4096,Medium
JE100351,1.0,off_hours_weekend,Posted on weekend or outside business hours,0.419,normal,0.4095,Medium
JE105121,1.0,off_hours_weekend,Posted on weekend or outside business hours,0.419,normal,0.4095,Medium
JE102898,1.0,off_hours_weekend,Posted on weekend or outside business hours,0.4186,normal,0.4093,Medium
JE107850,1.0,off_hours_weekend,Posted on weekend or outside business hours,0.4176,normal,0.4088,Medium
JE105562,1.0,off_hours_weekend,Posted on weekend or outside business hours,0.4161,normal,0.4081,Medium
JE106543,1.0,off_hours_weekend,Posted on weekend or outside business hours,0.4156,normal,0.4078,Medium
JE106994,1.0,off_hours_weekend,Posted on weekend or outside business hours,0.4151,normal,0.4076,Medium
JE102355,1.0,off_hours_weekend,Posted on weekend or outside business hours,0.4147,normal,0.4074,Medium
JE106702,1.0,off_hours_weekend,Posted on weekend or outside business hours,0.4145,normal,0.4072,Medium
JE104171,1.0,off_hours_weekend,Posted on weekend or outside business hours,0.4127,normal,0.4064,Medium
JE103874,1.0,off_hours_weekend,Posted on weekend or outside business hours,0.4125,normal,0.4062,Medium
JE104394,1.0,off_hours_weekend,Posted on weekend or outside business hours,0.4125,normal,0.4062,Medium
JE101317,1.0,off_hours_weekend,Posted on weekend or outside business hours,0.412,normal,0.406,Medium
JE100789,1.0,off_hours_weekend,Posted on weekend or outside business hours,0.4119,normal,0.406,Medium
JE102766,2.0,"off_hours_weekend, month_end_late_hour_posting",Posted on weekend or outside business hours | Month-end late-hour posting,0.3115,normal,0.4058,Medium
JE107070,1.0,off_hours_weekend,Posted on weekend or outside business hours,0.4105,normal,0.4052,Medium
JE103185,1.0,off_hours_weekend,Posted on weekend or outside business hours,0.4103,normal,0.4052,Medium
JE107345,1.0,off_hours_weekend,Posted on weekend or outside business hours,0.4101,normal,0.405,Medium
JE102234,1.0,off_hours_weekend,Posted on weekend or outside business hours,0.4097,normal,0.4049,Medium
JE101849,1.0,off_hours_weekend,Posted on weekend or outside business hours,0.4091,normal,0.4046,Medium
JE106934,1.0,off_hours_weekend,Posted on weekend or outside business hours,0.4092,normal,0.4046,Medium
JE103898,1.0,off_hours_weekend,Posted on weekend or outside business hours,0.4084,normal,0.4042,Medium
JE103467,1.0,off_hours_weekend,Posted on weekend or outside business hours,0.4078,normal,0.4039,Medium
JE105076,1.0,off_hours_weekend,Posted on weekend or outside business hours,0.4078,normal,0.4039,Medium
JE100771,1.0,off_hours_weekend,Posted on weekend or outside business hours,0.4075,normal,0.4038,Medium
JE100264,1.0,off_hours_weekend,Posted on weekend or outside business hours,0.4069,normal,0.4034,Medium
JE101097,1.0,off_hours_weekend,Posted on weekend or outside business hours,0.4068,normal,0.4034,Medium
JE101467,1.0,off_hours_weekend,Posted on weekend or outside business hours,0.4065,normal,0.4032,Medium
JE104953,1.0,off_hours_weekend,Posted on weekend or outside business hours,0.4064,normal,0.4032,Medium
JE103604,1.0,off_hours_weekend,Posted on weekend or outside business hours,0.4063,normal,0.4032,Medium
JE104881,1.0,off_hours_weekend,Posted on weekend or outside business hours,0.4061,normal,0.403,Medium
JE100003,1.0,off_hours_weekend,Posted on weekend or outside business hours,0.406,normal,0.403,Medium
JE108041,1.0,off_hours_weekend,Posted on weekend or outside business hours,0.4044,normal,0.4022,Medium
JE100908,1.0,off_hours_weekend,Posted on weekend or outside business hours,0.4037,normal,0.4019,Medium
JE107800,1.0,off_hours_weekend,Posted on weekend or outside business hours,0.4031,normal,0.4016,Medium
JE100859,1.0,off_hours_weekend,Posted on weekend or outside business hours,0.4021,normal,0.401,Medium
JE103204,1.0,off_hours_weekend,Posted on weekend or outside business hours,0.4016,normal,0.4008,Medium
JE106277,1.0,off_hours_weekend,Posted on weekend or outside business hours,0.4011,normal,0.4006,Medium
JE102420,1.0,off_hours_weekend,Posted on weekend or outside business hours,0.401,normal,0.4005,Medium
JE106410,1.0,off_hours_weekend,Posted on weekend or outside business hours,0.4008,normal,0.4004,Medium
JE107467,1.0,off_hours_weekend,Posted on weekend or outside business hours,0.4005,normal,0.4002,Medium
JE105161,1.0,off_hours_weekend,Posted on weekend or outside business hours,0.4002,normal,0.4001,Medium
JE100507,1.0,off_hours_weekend,Posted on weekend or outside business hours,0.4001,normal,0.4,Low
JE106258,1.0,off_hours_weekend,Posted on weekend or outside business hours,0.3997,normal,0.3999,Low
JE103086,1.0,off_hours_weekend,Posted on weekend or outside business hours,0.3994,normal,0.3997,Low
JE105659,1.0,off_hours_weekend,Posted on weekend or outside business hours,0.3993,normal,0.3996,Low
JE102373,1.0,off_hours_weekend,Posted on weekend or outside business hours,0.3987,normal,0.3994,Low
JE107810,1.0,off_hours_weekend,Posted on weekend or outside business hours,0.3984,normal,0.3992,Low
JE107765,1.0,off_hours_weekend,Posted on weekend or outside business hours,0.3977,normal,0.3989,Low
JE100552,1.0,off_hours_weekend,Posted on weekend or outside business hours,0.3976,normal,0.3988,Low
JE102201,1.0,off_hours_weekend,Posted on weekend or outside business hours,0.3967,normal,0.3984,Low
JE106399,1.0,off_hours_weekend,Posted on weekend or outside business hours,0.3965,normal,0.3982,Low
JE105419,1.0,month_end_late_hour_posting,Month-end late-hour posting,0.2964,normal,0.3982,Low
JE105453,1.0,off_hours_weekend,Posted on weekend or outside business hours,0.3953,normal,0.3976,Low
JE100208,1.0,off_hours_weekend,Posted on weekend or outside business hours,0.3947,normal,0.3974,Low
JE107440,1.0,off_hours_weekend,Posted on weekend or outside business hours,0.3949,normal,0.3974,Low
JE106285,1.0,off_hours_weekend,Posted on weekend or outside business hours,0.3943,normal,0.3972,Low
JE101629,1.0,off_hours_weekend,Posted on weekend or outside business hours,0.3944,normal,0.3972,Low
JE102510,1.0,off_hours_weekend,Posted on weekend or outside business hours,0.3941,normal,0.397,Low
JE101469,1.0,off_hours_weekend,Posted on weekend or outside business hours,0.3936,normal,0.3968,Low
JE101874,1.0,off_hours_weekend,Posted on weekend or outside business hours,0.3935,normal,0.3968,Low
JE101047,1.0,off_hours_weekend,Posted on weekend or outside business hours,0.3933,normal,0.3966,Low
JE102899,1.0,off_hours_weekend,Posted on weekend or outside business hours,0.3932,normal,0.3966,Low
JE106659,1.0,off_hours_weekend,Posted on weekend or outside business hours,0.3923,normal,0.3962,Low
JE103471,1.0,off_hours_weekend,Posted on weekend or outside business hours,0.3919,normal,0.396,Low
JE100464,1.0,off_hours_weekend,Posted on weekend or outside business hours,0.3915,normal,0.3958,Low
JE102026,1.0,off_hours_weekend,Posted on weekend or outside business hours,0.3916,normal,0.3958,Low
JE105374,1.0,off_hours_weekend,Posted on weekend or outside business hours,0.3912,normal,0.3956,Low
JE103913,1.0,off_hours_weekend,Posted on weekend or outside business hours,0.3909,normal,0.3955,Low
JE108052,1.0,off_hours_weekend,Posted on weekend or outside business hours,0.3908,normal,0.3954,Low
JE100673,1.0,off_hours_weekend,Posted on weekend or outside business hours,0.3907,normal,0.3954,Low
JE107586,1.0,off_hours_weekend,Posted on weekend or outside business hours,0.3907,normal,0.3954,Low
JE102069,1.0,off_hours_weekend,Posted on weekend or outside business hours,0.3906,normal,0.3953,Low
JE104041,1.0,off_hours_weekend,Posted on weekend or outside business hours,0.3905,normal,0.3952,Low
JE107637,1.0,off_hours_weekend,Posted on weekend or outside business hours,0.3904,normal,0.3952,Low
JE106260,1.0,off_hours_weekend,Posted on weekend or outside business hours,0.3901,normal,0.395,Low
JE100639,1.0,off_hours_weekend,Posted on weekend or outside business hours,0.3894,normal,0.3947,Low
JE102083,1.0,off_hours_weekend,Posted on weekend or outside business hours,0.3892,normal,0.3946,Low
JE106168,1.0,off_hours_weekend,Posted on weekend or outside business hours,0.3884,normal,0.3942,Low
JE106298,1.0,off_hours_weekend,Posted on weekend or outside business hours,0.3885,normal,0.3942,Low
JE101945,1.0,off_hours_weekend,Posted on weekend or outside business hours,0.3882,normal,0.3941,Low
JE104111,1.0,off_hours_weekend,Posted on weekend or outside business hours,0.3876,normal,0.3938,Low
JE105864,1.0,off_hours_weekend,Posted on weekend or outside business hours,0.3871,normal,0.3936,Low
JE103498,1.0,off_hours_weekend,Posted on weekend or outside business hours,0.386,normal,0.393,Low
JE106728,1.0,off_hours_weekend,Posted on weekend or outside business hours,0.3861,normal,0.393,Low
JE104235,1.0,off_hours_weekend,Posted on weekend or outside business hours,0.3856,normal,0.3928,Low
JE100855,1.0,off_hours_weekend,Posted on weekend or outside business hours,0.3852,normal,0.3926,Low
JE106778,1.0,off_hours_weekend,Posted on weekend or outside business hours,0.3844,normal,0.3922,Low
JE103321,1.0,off_hours_weekend,Posted on weekend or outside business hours,0.3839,normal,0.392,Low
JE100946,1.0,off_hours_weekend,Posted on weekend or outside business hours,0.3838,normal,0.3919,Low
JE100413,1.0,off_hours_weekend,Posted on weekend or outside business hours,0.3835,normal,0.3918,Low
JE104853,1.0,off_hours_weekend,Posted on weekend or outside business hours,0.3834,normal,0.3917,Low
JE103754,1.0,off_hours_weekend,Posted on weekend or outside business hours,0.3831,normal,0.3916,Low
JE104471,1.0,month_end_late_hour_posting,Month-end late-hour posting,0.2828,normal,0.3914,Low
JE102797,1.0,off_hours_weekend,Posted on weekend or outside business hours,0.3822,normal,0.3911,Low
JE108045,1.0,off_hours_weekend,Posted on weekend or outside business hours,0.3818,normal,0.3909,Low
JE105874,1.0,off_hours_weekend,Posted on weekend or outside business hours,0.3814,normal,0.3907,Low
JE104236,1.0,off_hours_weekend,Posted on weekend or outside business hours,0.3813,normal,0.3906,Low
JE107348,1.0,off_hours_weekend,Posted on weekend or outside business hours,0.3811,normal,0.3906,Low
JE101365,1.0,off_hours_weekend,Posted on weekend or outside business hours,0.381,normal,0.3905,Low
JE108079,0.0,,,0.781,anomaly,0.3905,Low
JE102519,1.0,off_hours_weekend,Posted on weekend or outside business hours,0.3808,normal,0.3904,Low
JE100899,1.0,off_hours_weekend,Posted on weekend or outside business hours,0.3795,normal,0.3898,Low
JE100084,1.0,off_hours_weekend,Posted on weekend or outside business hours,0.3793,normal,0.3897,Low
JE102580,1.0,off_hours_weekend,Posted on weekend or outside business hours,0.3794,normal,0.3897,Low
JE101468,1.0,off_hours_weekend,Posted on weekend or outside business hours,0.3794,normal,0.3897,Low
JE105043,1.0,month_end_late_hour_posting,Month-end late-hour posting,0.2793,normal,0.3896,Low
JE102984,1.0,off_hours_weekend,Posted on weekend or outside business hours,0.3787,normal,0.3893,Low
JE101159,1.0,off_hours_weekend,Posted on weekend or outside business hours,0.3755,normal,0.3878,Low
JE106227,1.0,off_hours_weekend,Posted on weekend or outside business hours,0.3754,normal,0.3877,Low
JE105005,1.0,off_hours_weekend,Posted on weekend or outside business hours,0.3748,normal,0.3874,Low
JE102672,1.0,off_hours_weekend,Posted on weekend or outside business hours,0.3746,normal,0.3873,Low
JE104890,1.0,off_hours_weekend,Posted on weekend or outside business hours,0.3746,normal,0.3873,Low
JE104683,1.0,off_hours_weekend,Posted on weekend or outside business hours,0.3735,normal,0.3868,Low
JE106453,1.0,off_hours_weekend,Posted on weekend or outside business hours,0.3724,normal,0.3862,Low
JE102312,1.0,off_hours_weekend,Posted on weekend or outside business hours,0.3722,normal,0.3861,Low
JE105635,1.0,off_hours_weekend,Posted on weekend or outside business hours,0.3714,normal,0.3857,Low
JE102505,1.0,off_hours_weekend,Posted on weekend or outside business hours,0.371,normal,0.3855,Low
JE104220,1.0,off_hours_weekend,Posted on weekend or outside business hours,0.3701,normal,0.385,Low
JE102789,1.0,off_hours_weekend,Posted on weekend or outside business hours,0.37,normal,0.385,Low
JE101707,1.0,off_hours_weekend,Posted on weekend or outside business hours,0.37,normal,0.385,Low
JE104113,1.0,off_hours_weekend,Posted on weekend or outside business hours,0.3696,normal,0.3848,Low
JE104325,1.0,off_hours_weekend,Posted on weekend or outside business hours,0.3686,normal,0.3843,Low
JE105193,1.0,off_hours_weekend,Posted on weekend or outside business hours,0.3685,normal,0.3842,Low
JE101151,1.0,off_hours_weekend,Posted on weekend or outside business hours,0.3681,normal,0.384,Low
JE104918,1.0,off_hours_weekend,Posted on weekend or outside business hours,0.3677,normal,0.3839,Low
JE106128,1.0,off_hours_weekend,Posted on weekend or outside business hours,0.3677,normal,0.3839,Low
JE107927,1.0,off_hours_weekend,Posted on weekend or outside business hours,0.3675,normal,0.3838,Low
JE108043,1.0,off_hours_weekend,Posted on weekend or outside business hours,0.3672,normal,0.3836,Low
JE102834,1.0,off_hours_weekend,Posted on weekend or outside business hours,0.3667,normal,0.3834,Low
JE106220,1.0,off_hours_weekend,Posted on weekend or outside business hours,0.3661,normal,0.383,Low
JE103736,2.0,"off_hours_weekend, month_end_late_hour_posting",Posted on weekend or outside business hours | Month-end late-hour posting,0.2657,normal,0.3829,Low
JE107008,1.0,off_hours_weekend,Posted on weekend or outside business hours,0.3654,normal,0.3827,Low
JE106667,1.0,off_hours_weekend,Posted on weekend or outside business hours,0.365,normal,0.3825,Low
JE103618,1.0,off_hours_weekend,Posted on weekend or outside business hours,0.3644,normal,0.3822,Low
JE100708,1.0,off_hours_weekend,Posted on weekend or outside business hours,0.3633,normal,0.3817,Low
JE104828,1.0,off_hours_weekend,Posted on weekend or outside business hours,0.3629,normal,0.3814,Low
JE105354,1.0,off_hours_weekend,Posted on weekend or outside business hours,0.3629,normal,0.3814,Low
JE106857,1.0,off_hours_weekend,Posted on weekend or outside business hours,0.3629,normal,0.3814,Low
JE105954,1.0,off_hours_weekend,Posted on weekend or outside business hours,0.3628,normal,0.3814,Low
JE105126,1.0,month_end_late_hour_posting,Month-end late-hour posting,0.2627,normal,0.3813,Low
JE103815,1.0,off_hours_weekend,Posted on weekend or outside business hours,0.3621,normal,0.381,Low
JE103753,1.0,off_hours_weekend,Posted on weekend or outside business hours,0.3618,normal,0.3809,Low
JE104820,2.0,"off_hours_weekend, month_end_late_hour_posting",Posted on weekend or outside business hours | Month-end late-hour posting,0.2612,normal,0.3806,Low
JE101934,1.0,off_hours_weekend,Posted on weekend or outside business hours,0.3611,normal,0.3806,Low
JE107014,1.0,off_hours_weekend,Posted on weekend or outside business hours,0.3607,normal,0.3804,Low
JE102279,1.0,off_hours_weekend,Posted on weekend or outside business hours,0.3604,normal,0.3802,Low
JE102466,1.0,off_hours_weekend,Posted on weekend or outside business hours,0.3599,normal,0.38,Low
JE107413,1.0,off_hours_weekend,Posted on weekend or outside business hours,0.359,normal,0.3795,Low
JE107118,1.0,off_hours_weekend,Posted on weekend or outside business hours,0.3588,normal,0.3794,Low
JE106901,1.0,off_hours_weekend,Posted on weekend or outside business hours,0.3585,normal,0.3792,Low
JE101731,1.0,off_hours_weekend,Posted on weekend or outside business hours,0.3578,normal,0.3789,Low
JE103563,1.0,off_hours_weekend,Posted on weekend or outside business hours,0.3573,normal,0.3787,Low
JE100434,1.0,off_hours_weekend,Posted on weekend or outside business hours,0.3573,normal,0.3787,Low
JE107388,1.0,off_hours_weekend,Posted on weekend or outside business hours,0.3574,normal,0.3787,Low
JE101408,1.0,off_hours_weekend,Posted on weekend or outside business hours,0.3568,normal,0.3784,Low
JE104662,1.0,off_hours_weekend,Posted on weekend or outside business hours,0.3555,normal,0.3778,Low
JE102344,1.0,off_hours_weekend,Posted on weekend or outside business hours,0.3551,normal,0.3776,Low
JE103814,1.0,off_hours_weekend,Posted on weekend or outside business hours,0.3552,normal,0.3776,Low
JE103870,1.0,off_hours_weekend,Posted on weekend or outside business hours,0.355,normal,0.3775,Low
JE106449,1.0,off_hours_weekend,Posted on weekend or outside business hours,0.3547,normal,0.3774,Low
JE104744,1.0,off_hours_weekend,Posted on weekend or outside business hours,0.3548,normal,0.3774,Low
JE105738,1.0,off_hours_weekend,Posted on weekend or outside business hours,0.3548,normal,0.3774,Low
JE104703,1.0,off_hours_weekend,Posted on weekend or outside business hours,0.3545,normal,0.3772,Low
JE100026,1.0,off_hours_weekend,Posted on weekend or outside business hours,0.3543,normal,0.3772,Low
JE106997,1.0,off_hours_weekend,Posted on weekend or outside business hours,0.3543,normal,0.3772,Low
JE103501,1.0,off_hours_weekend,Posted on weekend or outside business hours,0.3542,normal,0.3771,Low
JE101106,1.0,off_hours_weekend,Posted on weekend or outside business hours,0.3542,normal,0.3771,Low
JE102028,1.0,off_hours_weekend,Posted on weekend or outside business hours,0.3535,normal,0.3768,Low
JE104085,1.0,off_hours_weekend,Posted on weekend or outside business hours,0.3532,normal,0.3766,Low
JE101090,1.0,off_hours_weekend,Posted on weekend or outside business hours,0.3528,normal,0.3764,Low
JE104493,1.0,off_hours_weekend,Posted on weekend or outside business hours,0.3528,normal,0.3764,Low
JE103585,1.0,off_hours_weekend,Posted on weekend or outside business hours,0.352,normal,0.376,Low
JE104789,1.0,off_hours_weekend,Posted on weekend or outside business hours,0.352,normal,0.376,Low
JE105592,1.0,off_hours_weekend,Posted on weekend or outside business hours,0.351,normal,0.3755,Low
JE100619,1.0,off_hours_weekend,Posted on weekend or outside business hours,0.351,normal,0.3755,Low
JE102401,1.0,off_hours_weekend,Posted on weekend or outside business hours,0.3508,normal,0.3754,Low
JE102286,1.0,off_hours_weekend,Posted on weekend or outside business hours,0.3506,normal,0.3753,Low
JE107003,1.0,off_hours_weekend,Posted on weekend or outside business hours,0.3503,normal,0.3752,Low
JE101359,1.0,off_hours_weekend,Posted on weekend or outside business hours,0.3505,normal,0.3752,Low
JE100220,1.0,off_hours_weekend,Posted on weekend or outside business hours,0.3505,normal,0.3752,Low
JE105743,1.0,month_end_late_hour_posting,Month-end late-hour posting,0.2504,normal,0.3752,Low
JE105270,1.0,off_hours_weekend,Posted on weekend or outside business hours,0.35,normal,0.375,Low
JE105761,1.0,off_hours_weekend,Posted on weekend or outside business hours,0.3498,normal,0.3749,Low
JE107006,1.0,off_hours_weekend,Posted on weekend or outside business hours,0.3495,normal,0.3748,Low
JE103553,1.0,off_hours_weekend,Posted on weekend or outside business hours,0.3494,normal,0.3747,Low
JE101941,1.0,off_hours_weekend,Posted on weekend or outside business hours,0.3491,normal,0.3746,Low
JE107559,1.0,off_hours_weekend,Posted on weekend or outside business hours,0.349,normal,0.3745,Low
JE104103,1.0,off_hours_weekend,Posted on weekend or outside business hours,0.3487,normal,0.3744,Low
JE105371,1.0,off_hours_weekend,Posted on weekend or outside business hours,0.3484,normal,0.3742,Low
JE100640,1.0,off_hours_weekend,Posted on weekend or outside business hours,0.348,normal,0.374,Low
JE108066,0.0,,,0.748,anomaly,0.374,Low
JE101926,1.0,off_hours_weekend,Posted on weekend or outside business hours,0.3479,normal,0.374,Low
JE102444,1.0,off_hours_weekend,Posted on weekend or outside business hours,0.348,normal,0.374,Low
JE101699,1.0,off_hours_weekend,Posted on weekend or outside business hours,0.3472,normal,0.3736,Low
JE100878,1.0,off_hours_weekend,Posted on weekend or outside business hours,0.3467,normal,0.3734,Low
JE100539,1.0,off_hours_weekend,Posted on weekend or outside business hours,0.3461,normal,0.373,Low
JE106047,1.0,off_hours_weekend,Posted on weekend or outside business hours,0.3457,normal,0.3728,Low
JE103536,1.0,off_hours_weekend,Posted on weekend or outside business hours,0.3453,normal,0.3727,Low
JE103827,1.0,off_hours_weekend,Posted on weekend or outside business hours,0.345,normal,0.3725,Low
JE105785,1.0,month_end_late_hour_posting,Month-end late-hour posting,0.2448,normal,0.3724,Low
JE107832,1.0,off_hours_weekend,Posted on weekend or outside business hours,0.3447,normal,0.3724,Low
JE105802,1.0,off_hours_weekend,Posted on weekend or outside business hours,0.3449,normal,0.3724,Low
JE105082,1.0,off_hours_weekend,Posted on weekend or outside business hours,0.3445,normal,0.3722,Low
JE101459,1.0,off_hours_weekend,Posted on weekend or outside business hours,0.3444,normal,0.3722,Low
JE106763,1.0,off_hours_weekend,Posted on weekend or outside business hours,0.3442,normal,0.3721,Low
JE102300,1.0,off_hours_weekend,Posted on weekend or outside business hours,0.3437,normal,0.3718,Low
JE102486,1.0,off_hours_weekend,Posted on weekend or outside business hours,0.3436,normal,0.3718,Low
JE101796,1.0,off_hours_weekend,Posted on weekend or outside business hours,0.3433,normal,0.3717,Low
JE107236,1.0,off_hours_weekend,Posted on weekend or outside business hours,0.3433,normal,0.3717,Low
JE103761,1.0,off_hours_weekend,Posted on weekend or outside business hours,0.3427,normal,0.3714,Low
JE107047,1.0,off_hours_weekend,Posted on weekend or outside business hours,0.3426,normal,0.3713,Low
JE101439,1.0,off_hours_weekend,Posted on weekend or outside business hours,0.3426,normal,0.3713,Low
JE104487,1.0,off_hours_weekend,Posted on weekend or outside business hours,0.3424,normal,0.3712,Low
JE107922,1.0,off_hours_weekend,Posted on weekend or outside business hours,0.3424,normal,0.3712,Low
JE100701,1.0,off_hours_weekend,Posted on weekend or outside business hours,0.3422,normal,0.3711,Low
JE107410,1.0,off_hours_weekend,Posted on weekend or outside business hours,0.3421,normal,0.371,Low
JE104342,1.0,off_hours_weekend,Posted on weekend or outside business hours,0.3419,normal,0.371,Low
JE100915,1.0,off_hours_weekend,Posted on weekend or outside business hours,0.3417,normal,0.3708,Low
JE100548,1.0,off_hours_weekend,Posted on weekend or outside business hours,0.3417,normal,0.3708,Low
JE104000,1.0,off_hours_weekend,Posted on weekend or outside business hours,0.3413,normal,0.3707,Low
JE102218,1.0,off_hours_weekend,Posted on weekend or outside business hours,0.3406,normal,0.3703,Low
JE103109,1.0,off_hours_weekend,Posted on weekend or outside business hours,0.3405,normal,0.3703,Low
JE100594,1.0,off_hours_weekend,Posted on weekend or outside business hours,0.3402,normal,0.3701,Low
JE103378,1.0,off_hours_weekend,Posted on weekend or outside business hours,0.3397,normal,0.3698,Low
JE107960,1.0,off_hours_weekend,Posted on weekend or outside business hours,0.3387,normal,0.3694,Low
JE102832,1.0,off_hours_weekend,Posted on weekend or outside business hours,0.3383,normal,0.3692,Low
JE106427,1.0,off_hours_weekend,Posted on weekend or outside business hours,0.3385,normal,0.3692,Low
JE104470,1.0,off_hours_weekend,Posted on weekend or outside business hours,0.338,normal,0.369,Low
JE103049,1.0,off_hours_weekend,Posted on weekend or outside business hours,0.3381,normal,0.369,Low
JE103326,1.0,off_hours_weekend,Posted on weekend or outside business hours,0.3378,normal,0.3689,Low
JE103607,1.0,off_hours_weekend,Posted on weekend or outside business hours,0.3378,normal,0.3689,Low
JE104916,1.0,off_hours_weekend,Posted on weekend or outside business hours,0.337,normal,0.3685,Low
JE100577,1.0,off_hours_weekend,Posted on weekend or outside business hours,0.3369,normal,0.3684,Low
JE106311,1.0,off_hours_weekend,Posted on weekend or outside business hours,0.3369,normal,0.3684,Low
JE102231,1.0,off_hours_weekend,Posted on weekend or outside business hours,0.3365,normal,0.3682,Low
JE100713,1.0,off_hours_weekend,Posted on weekend or outside business hours,0.3359,normal,0.368,Low
JE100158,1.0,off_hours_weekend,Posted on weekend or outside business hours,0.3358,normal,0.3679,Low
JE103058,1.0,off_hours_weekend,Posted on weekend or outside business hours,0.3357,normal,0.3678,Low
JE106815,1.0,off_hours_weekend,Posted on weekend or outside business hours,0.3357,normal,0.3678,Low
JE104403,1.0,off_hours_weekend,Posted on weekend or outside business hours,0.335,normal,0.3675,Low
JE100573,1.0,off_hours_weekend,Posted on weekend or outside business hours,0.3349,normal,0.3674,Low
JE101238,1.0,off_hours_weekend,Posted on weekend or outside business hours,0.3348,normal,0.3674,Low
JE105340,1.0,off_hours_weekend,Posted on weekend or outside business hours,0.3343,normal,0.3671,Low
JE107230,1.0,off_hours_weekend,Posted on weekend or outside business hours,0.3342,normal,0.3671,Low
JE106804,1.0,off_hours_weekend,Posted on weekend or outside business hours,0.3341,normal,0.367,Low
JE100890,1.0,off_hours_weekend,Posted on weekend or outside business hours,0.3337,normal,0.3668,Low
JE106072,1.0,off_hours_weekend,Posted on weekend or outside business hours,0.3327,normal,0.3664,Low
JE100287,1.0,off_hours_weekend,Posted on weekend or outside business hours,0.3327,normal,0.3664,Low
JE107258,1.0,off_hours_weekend,Posted on weekend or outside business hours,0.3324,normal,0.3662,Low
JE108046,1.0,off_hours_weekend,Posted on weekend or outside business hours,0.3321,normal,0.366,Low
JE102503,1.0,off_hours_weekend,Posted on weekend or outside business hours,0.3315,normal,0.3658,Low
JE103577,1.0,off_hours_weekend,Posted on weekend or outside business hours,0.3312,normal,0.3656,Low
JE105181,1.0,off_hours_weekend,Posted on weekend or outside business hours,0.3307,normal,0.3654,Low
JE101020,1.0,off_hours_weekend,Posted on weekend or outside business hours,0.3307,normal,0.3654,Low
JE101181,1.0,off_hours_weekend,Posted on weekend or outside business hours,0.3301,normal,0.365,Low
JE101341,1.0,off_hours_weekend,Posted on weekend or outside business hours,0.3292,normal,0.3646,Low
JE101631,1.0,off_hours_weekend,Posted on weekend or outside business hours,0.3289,normal,0.3645,Low
JE101950,1.0,off_hours_weekend,Posted on weekend or outside business hours,0.3289,normal,0.3645,Low
JE101043,1.0,off_hours_weekend,Posted on weekend or outside business hours,0.3288,normal,0.3644,Low
JE103372,1.0,off_hours_weekend,Posted on weekend or outside business hours,0.3288,normal,0.3644,Low
JE101883,1.0,off_hours_weekend,Posted on weekend or outside business hours,0.328,normal,0.364,Low
JE101195,1.0,off_hours_weekend,Posted on weekend or outside business hours,0.3277,normal,0.3638,Low
JE102782,1.0,off_hours_weekend,Posted on weekend or outside business hours,0.3277,normal,0.3638,Low
JE106747,1.0,off_hours_weekend,Posted on weekend or outside business hours,0.3271,normal,0.3636,Low
JE100323,1.0,off_hours_weekend,Posted on weekend or outside business hours,0.3272,normal,0.3636,Low
JE107720,1.0,off_hours_weekend,Posted on weekend or outside business hours,0.3268,normal,0.3634,Low
JE103926,1.0,off_hours_weekend,Posted on weekend or outside business hours,0.3268,normal,0.3634,Low
JE108078,0.0,,,0.7252,anomaly,0.3626,Low
JE104443,1.0,off_hours_weekend,Posted on weekend or outside business hours,0.3246,normal,0.3623,Low
JE103188,1.0,off_hours_weekend,Posted on weekend or outside business hours,0.3244,normal,0.3622,Low
JE105345,1.0,off_hours_weekend,Posted on weekend or outside business hours,0.3245,normal,0.3622,Low
JE100148,1.0,off_hours_weekend,Posted on weekend or outside business hours,0.324,normal,0.362,Low
JE105228,1.0,off_hours_weekend,Posted on weekend or outside business hours,0.3241,normal,0.362,Low
JE101557,1.0,off_hours_weekend,Posted on weekend or outside business hours,0.3232,normal,0.3616,Low
JE100873,1.0,off_hours_weekend,Posted on weekend or outside business hours,0.3232,normal,0.3616,Low
JE101860,1.0,off_hours_weekend,Posted on weekend or outside business hours,0.3225,normal,0.3612,Low
JE105207,1.0,off_hours_weekend,Posted on weekend or outside business hours,0.321,normal,0.3605,Low
JE107646,1.0,off_hours_weekend,Posted on weekend or outside business hours,0.3209,normal,0.3605,Low
JE104014,1.0,off_hours_weekend,Posted on weekend or outside business hours,0.3208,normal,0.3604,Low
JE106782,1.0,off_hours_weekend,Posted on weekend or outside business hours,0.3193,normal,0.3597,Low
JE104649,1.0,off_hours_weekend,Posted on weekend or outside business hours,0.3187,normal,0.3594,Low
JE107668,1.0,off_hours_weekend,Posted on weekend or outside business hours,0.3187,normal,0.3594,Low
JE103673,1.0,off_hours_weekend,Posted on weekend or outside business hours,0.3185,normal,0.3592,Low
JE101514,1.0,off_hours_weekend,Posted on weekend or outside business hours,0.3178,normal,0.3589,Low
JE100433,1.0,off_hours_weekend,Posted on weekend or outside business hours,0.3176,normal,0.3588,Low
JE101109,1.0,off_hours_weekend,Posted on weekend or outside business hours,0.3176,normal,0.3588,Low
JE105305,1.0,off_hours_weekend,Posted on weekend or outside business hours,0.3175,normal,0.3588,Low
JE102440,1.0,off_hours_weekend,Posted on weekend or outside business hours,0.3169,normal,0.3585,Low
JE104502,1.0,off_hours_weekend,Posted on weekend or outside business hours,0.3163,normal,0.3582,Low
JE102950,1.0,off_hours_weekend,Posted on weekend or outside business hours,0.3153,normal,0.3577,Low
JE107119,1.0,off_hours_weekend,Posted on weekend or outside business hours,0.3153,normal,0.3577,Low
JE103124,1.0,off_hours_weekend,Posted on weekend or outside business hours,0.3154,normal,0.3577,Low
JE100403,1.0,off_hours_weekend,Posted on weekend or outside business hours,0.3154,normal,0.3577,Low
JE102197,1.0,off_hours_weekend,Posted on weekend or outside business hours,0.3151,normal,0.3576,Low
JE106011,1.0,off_hours_weekend,Posted on weekend or outside business hours,0.3151,normal,0.3576,Low
JE106403,1.0,off_hours_weekend,Posted on weekend or outside business hours,0.3148,normal,0.3574,Low
JE103040,1.0,off_hours_weekend,Posted on weekend or outside business hours,0.3146,normal,0.3573,Low
JE107163,1.0,off_hours_weekend,Posted on weekend or outside business hours,0.3146,normal,0.3573,Low
JE103863,1.0,off_hours_weekend,Posted on weekend or outside business hours,0.3141,normal,0.357,Low
JE103529,1.0,off_hours_weekend,Posted on weekend or outside business hours,0.3139,normal,0.357,Low
JE104039,1.0,off_hours_weekend,Posted on weekend or outside business hours,0.3138,normal,0.3569,Low
JE103010,1.0,off_hours_weekend,Posted on weekend or outside business hours,0.3133,normal,0.3566,Low
JE106560,1.0,off_hours_weekend,Posted on weekend or outside business hours,0.313,normal,0.3565,Low
JE104987,1.0,off_hours_weekend,Posted on weekend or outside business hours,0.3121,normal,0.356,Low
JE106531,1.0,off_hours_weekend,Posted on weekend or outside business hours,0.312,normal,0.356,Low
JE107250,1.0,off_hours_weekend,Posted on weekend or outside business hours,0.3118,normal,0.3559,Low
JE103066,1.0,off_hours_weekend,Posted on weekend or outside business hours,0.3117,normal,0.3558,Low
JE105466,1.0,off_hours_weekend,Posted on weekend or outside business hours,0.3117,normal,0.3558,Low
JE104935,1.0,off_hours_weekend,Posted on weekend or outside business hours,0.3111,normal,0.3556,Low
JE106880,1.0,off_hours_weekend,Posted on weekend or outside business hours,0.3108,normal,0.3554,Low
JE100924,1.0,off_hours_weekend,Posted on weekend or outside business hours,0.3108,normal,0.3554,Low
JE101080,1.0,off_hours_weekend,Posted on weekend or outside business hours,0.3107,normal,0.3554,Low
JE100361,1.0,off_hours_weekend,Posted on weekend or outside business hours,0.3108,normal,0.3554,Low
JE105133,1.0,off_hours_weekend,Posted on weekend or outside business hours,0.3102,normal,0.3551,Low
JE102764,1.0,off_hours_weekend,Posted on weekend or outside business hours,0.3102,normal,0.3551,Low
JE104243,1.0,off_hours_weekend,Posted on weekend or outside business hours,0.3101,normal,0.355,Low
JE101920,1.0,off_hours_weekend,Posted on weekend or outside business hours,0.3101,normal,0.355,Low
JE104540,1.0,off_hours_weekend,Posted on weekend or outside business hours,0.3094,normal,0.3547,Low
JE101387,1.0,off_hours_weekend,Posted on weekend or outside business hours,0.3094,normal,0.3547,Low
JE105224,1.0,off_hours_weekend,Posted on weekend or outside business hours,0.3091,normal,0.3546,Low
JE100172,1.0,off_hours_weekend,Posted on weekend or outside business hours,0.3089,normal,0.3545,Low
JE101645,1.0,off_hours_weekend,Posted on weekend or outside business hours,0.3089,normal,0.3545,Low
JE104848,1.0,off_hours_weekend,Posted on weekend or outside business hours,0.309,normal,0.3545,Low
JE106635,1.0,off_hours_weekend,Posted on weekend or outside business hours,0.3083,normal,0.3542,Low
JE105127,1.0,off_hours_weekend,Posted on weekend or outside business hours,0.3078,normal,0.3539,Low
JE102262,1.0,off_hours_weekend,Posted on weekend or outside business hours,0.307,normal,0.3535,Low
JE101360,1.0,off_hours_weekend,Posted on weekend or outside business hours,0.3068,normal,0.3534,Low
JE100491,1.0,off_hours_weekend,Posted on weekend or outside business hours,0.3061,normal,0.353,Low
JE108025,1.0,round_number,Round-number amount,0.1556,normal,0.3528,Low
JE101856,1.0,off_hours_weekend,Posted on weekend or outside business hours,0.3055,normal,0.3528,Low
JE106588,1.0,off_hours_weekend,Posted on weekend or outside business hours,0.305,normal,0.3525,Low
JE105737,1.0,off_hours_weekend,Posted on weekend or outside business hours,0.305,normal,0.3525,Low
JE104777,1.0,off_hours_weekend,Posted on weekend or outside business hours,0.305,normal,0.3525,Low
JE107398,1.0,off_hours_weekend,Posted on weekend or outside business hours,0.3047,normal,0.3524,Low
JE102177,1.0,off_hours_weekend,Posted on weekend or outside business hours,0.3048,normal,0.3524,Low
JE101029,1.0,off_hours_weekend,Posted on weekend or outside business hours,0.3045,normal,0.3522,Low
JE106204,1.0,off_hours_weekend,Posted on weekend or outside business hours,0.3043,normal,0.3522,Low
JE101516,1.0,off_hours_weekend,Posted on weekend or outside business hours,0.304,normal,0.352,Low
JE101931,1.0,off_hours_weekend,Posted on weekend or outside business hours,0.3038,normal,0.3519,Low
JE103377,1.0,off_hours_weekend,Posted on weekend or outside business hours,0.3036,normal,0.3518,Low
JE100875,1.0,month_end_late_hour_posting,Month-end late-hour posting,0.2034,normal,0.3517,Low
JE107601,1.0,off_hours_weekend,Posted on weekend or outside business hours,0.3034,normal,0.3517,Low
JE100337,1.0,off_hours_weekend,Posted on weekend or outside business hours,0.3033,normal,0.3516,Low
JE104156,1.0,off_hours_weekend,Posted on weekend or outside business hours,0.3025,normal,0.3512,Low
JE100612,1.0,off_hours_weekend,Posted on weekend or outside business hours,0.3022,normal,0.3511,Low
JE101228,1.0,off_hours_weekend,Posted on weekend or outside business hours,0.3013,normal,0.3506,Low
JE102856,1.0,off_hours_weekend,Posted on weekend or outside business hours,0.3009,normal,0.3505,Low
JE107903,1.0,off_hours_weekend,Posted on weekend or outside business hours,0.3009,normal,0.3505,Low
JE107622,1.0,off_hours_weekend,Posted on weekend or outside business hours,0.3009,normal,0.3505,Low
JE104093,1.0,off_hours_weekend,Posted on weekend or outside business hours,0.3009,normal,0.3505,Low
JE105324,1.0,off_hours_weekend,Posted on weekend or outside business hours,0.3008,normal,0.3504,Low
JE104463,1.0,off_hours_weekend,Posted on weekend or outside business hours,0.2999,normal,0.35,Low
JE100670,1.0,off_hours_weekend,Posted on weekend or outside business hours,0.2998,normal,0.3499,Low
JE104026,1.0,off_hours_weekend,Posted on weekend or outside business hours,0.2991,normal,0.3496,Low
JE104284,1.0,off_hours_weekend,Posted on weekend or outside business hours,0.2989,normal,0.3495,Low
JE106798,1.0,off_hours_weekend,Posted on weekend or outside business hours,0.2988,normal,0.3494,Low
JE105798,1.0,off_hours_weekend,Posted on weekend or outside business hours,0.2984,normal,0.3492,Low
JE105963,1.0,off_hours_weekend,Posted on weekend or outside business hours,0.2984,normal,0.3492,Low
JE103520,1.0,off_hours_weekend,Posted on weekend or outside business hours,0.2982,normal,0.3491,Low
JE108069,0.0,,,0.698,anomaly,0.349,Low
JE103861,1.0,off_hours_weekend,Posted on weekend or outside business hours,0.298,normal,0.349,Low
JE107332,1.0,off_hours_weekend,Posted on weekend or outside business hours,0.298,normal,0.349,Low
JE104221,1.0,off_hours_weekend,Posted on weekend or outside business hours,0.2979,normal,0.349,Low
JE106663,1.0,off_hours_weekend,Posted on weekend or outside business hours,0.298,normal,0.349,Low
JE104003,1.0,off_hours_weekend,Posted on weekend or outside business hours,0.297,normal,0.3485,Low
JE106884,1.0,off_hours_weekend,Posted on weekend or outside business hours,0.2962,normal,0.3481,Low
JE102429,1.0,off_hours_weekend,Posted on weekend or outside business hours,0.2961,normal,0.348,Low
JE102616,1.0,off_hours_weekend,Posted on weekend or outside business hours,0.2953,normal,0.3476,Low
JE106444,1.0,off_hours_weekend,Posted on weekend or outside business hours,0.2947,normal,0.3474,Low
JE104808,1.0,off_hours_weekend,Posted on weekend or outside business hours,0.2942,normal,0.3471,Low
JE107466,1.0,off_hours_weekend,Posted on weekend or outside business hours,0.2942,normal,0.3471,Low
JE107702,1.0,off_hours_weekend,Posted on weekend or outside business hours,0.2941,normal,0.347,Low
JE108076,0.0,,,0.6937,anomaly,0.3468,Low
JE102533,1.0,off_hours_weekend,Posted on weekend or outside business hours,0.2931,normal,0.3466,Low
JE105182,1.0,off_hours_weekend,Posted on weekend or outside business hours,0.293,normal,0.3465,Low
JE108085,0.0,,,0.6926,anomaly,0.3463,Low
JE104637,1.0,off_hours_weekend,Posted on weekend or outside business hours,0.2925,normal,0.3462,Low
JE102997,1.0,off_hours_weekend,Posted on weekend or outside business hours,0.2922,normal,0.3461,Low
JE106136,1.0,off_hours_weekend,Posted on weekend or outside business hours,0.291,normal,0.3455,Low
JE107746,1.0,off_hours_weekend,Posted on weekend or outside business hours,0.2901,normal,0.3451,Low
JE100506,1.0,off_hours_weekend,Posted on weekend or outside business hours,0.2894,normal,0.3447,Low
JE100449,1.0,off_hours_weekend,Posted on weekend or outside business hours,0.2894,normal,0.3447,Low
JE101218,1.0,off_hours_weekend,Posted on weekend or outside business hours,0.2891,normal,0.3446,Low
JE105724,1.0,off_hours_weekend,Posted on weekend or outside business hours,0.2891,normal,0.3446,Low
JE106046,1.0,off_hours_weekend,Posted on weekend or outside business hours,0.2893,normal,0.3446,Low
JE107297,1.0,off_hours_weekend,Posted on weekend or outside business hours,0.2889,normal,0.3445,Low
JE106111,1.0,off_hours_weekend,Posted on weekend or outside business hours,0.2886,normal,0.3443,Low
JE104077,1.0,off_hours_weekend,Posted on weekend or outside business hours,0.2884,normal,0.3442,Low
JE105079,1.0,off_hours_weekend,Posted on weekend or outside business hours,0.288,normal,0.344,Low
JE101353,1.0,off_hours_weekend,Posted on weekend or outside business hours,0.2881,normal,0.344,Low
JE105433,1.0,off_hours_weekend,Posted on weekend or outside business hours,0.2878,normal,0.3439,Low
JE102968,1.0,off_hours_weekend,Posted on weekend or outside business hours,0.2877,normal,0.3438,Low
JE102402,1.0,off_hours_weekend,Posted on weekend or outside business hours,0.2877,normal,0.3438,Low
JE100897,1.0,off_hours_weekend,Posted on weekend or outside business hours,0.2871,normal,0.3436,Low
JE102265,1.0,off_hours_weekend,Posted on weekend or outside business hours,0.2872,normal,0.3436,Low
JE104401,1.0,off_hours_weekend,Posted on weekend or outside business hours,0.2872,normal,0.3436,Low
JE101254,1.0,off_hours_weekend,Posted on weekend or outside business hours,0.2871,normal,0.3436,Low
JE101443,1.0,off_hours_weekend,Posted on weekend or outside business hours,0.287,normal,0.3435,Low
JE105488,1.0,off_hours_weekend,Posted on weekend or outside business hours,0.2868,normal,0.3434,Low
JE101087,1.0,off_hours_weekend,Posted on weekend or outside business hours,0.2864,normal,0.3432,Low
JE105359,1.0,off_hours_weekend,Posted on weekend or outside business hours,0.2865,normal,0.3432,Low
JE104274,1.0,off_hours_weekend,Posted on weekend or outside business hours,0.2861,normal,0.343,Low
JE106631,1.0,off_hours_weekend,Posted on weekend or outside business hours,0.286,normal,0.343,Low
JE101798,1.0,off_hours_weekend,Posted on weekend or outside business hours,0.2856,normal,0.3428,Low
JE107193,1.0,off_hours_weekend,Posted on weekend or outside business hours,0.2855,normal,0.3428,Low
JE100656,1.0,off_hours_weekend,Posted on weekend or outside business hours,0.2849,normal,0.3425,Low
JE107806,1.0,off_hours_weekend,Posted on weekend or outside business hours,0.2844,normal,0.3422,Low
JE105459,1.0,off_hours_weekend,Posted on weekend or outside business hours,0.2842,normal,0.3421,Low
JE102493,1.0,off_hours_weekend,Posted on weekend or outside business hours,0.2842,normal,0.3421,Low
JE106233,1.0,off_hours_weekend,Posted on weekend or outside business hours,0.2841,normal,0.342,Low
JE105096,1.0,off_hours_weekend,Posted on weekend or outside business hours,0.2841,normal,0.342,Low
JE103247,1.0,off_hours_weekend,Posted on weekend or outside business hours,0.2841,normal,0.342,Low
JE100111,1.0,off_hours_weekend,Posted on weekend or outside business hours,0.2832,normal,0.3416,Low
JE102785,1.0,off_hours_weekend,Posted on weekend or outside business hours,0.283,normal,0.3415,Low
JE102516,1.0,off_hours_weekend,Posted on weekend or outside business hours,0.2828,normal,0.3414,Low
JE101987,1.0,off_hours_weekend,Posted on weekend or outside business hours,0.2818,normal,0.3409,Low
JE102627,1.0,off_hours_weekend,Posted on weekend or outside business hours,0.2817,normal,0.3408,Low
JE106036,1.0,off_hours_weekend,Posted on weekend or outside business hours,0.2815,normal,0.3408,Low
JE104434,1.0,off_hours_weekend,Posted on weekend or outside business hours,0.2814,normal,0.3407,Low
JE100734,1.0,off_hours_weekend,Posted on weekend or outside business hours,0.2812,normal,0.3406,Low
JE106483,1.0,off_hours_weekend,Posted on weekend or outside business hours,0.2811,normal,0.3406,Low
JE100926,1.0,off_hours_weekend,Posted on weekend or outside business hours,0.2807,normal,0.3404,Low
JE102851,1.0,off_hours_weekend,Posted on weekend or outside business hours,0.2807,normal,0.3404,Low
JE103810,1.0,off_hours_weekend,Posted on weekend or outside business hours,0.2805,normal,0.3403,Low
JE104280,1.0,off_hours_weekend,Posted on weekend or outside business hours,0.2801,normal,0.34,Low
JE105999,1.0,off_hours_weekend,Posted on weekend or outside business hours,0.28,normal,0.34,Low
JE107553,1.0,off_hours_weekend,Posted on weekend or outside business hours,0.2795,normal,0.3398,Low
JE102541,1.0,off_hours_weekend,Posted on weekend or outside business hours,0.2796,normal,0.3398,Low
JE103172,1.0,off_hours_weekend,Posted on weekend or outside business hours,0.2794,normal,0.3397,Low
JE100395,1.0,off_hours_weekend,Posted on weekend or outside business hours,0.2789,normal,0.3395,Low
JE102048,1.0,off_hours_weekend,Posted on weekend or outside business hours,0.2787,normal,0.3394,Low
JE101892,1.0,off_hours_weekend,Posted on weekend or outside business hours,0.2783,normal,0.3392,Low
JE104860,1.0,off_hours_weekend,Posted on weekend or outside business hours,0.2781,normal,0.339,Low
JE104053,1.0,off_hours_weekend,Posted on weekend or outside business hours,0.2777,normal,0.3388,Low
JE106413,1.0,off_hours_weekend,Posted on weekend or outside business hours,0.2772,normal,0.3386,Low
JE102642,1.0,off_hours_weekend,Posted on weekend or outside business hours,0.2773,normal,0.3386,Low
JE107377,1.0,off_hours_weekend,Posted on weekend or outside business hours,0.277,normal,0.3385,Low
JE103477,1.0,off_hours_weekend,Posted on weekend or outside business hours,0.2763,normal,0.3382,Low
JE100927,1.0,off_hours_weekend,Posted on weekend or outside business hours,0.2757,normal,0.3378,Low
JE104190,1.0,off_hours_weekend,Posted on weekend or outside business hours,0.2751,normal,0.3376,Low
JE108077,0.0,,,0.6751,anomaly,0.3376,Low
JE104025,1.0,off_hours_weekend,Posted on weekend or outside business hours,0.275,normal,0.3375,Low
JE105366,1.0,off_hours_weekend,Posted on weekend or outside business hours,0.2747,normal,0.3374,Low
JE104799,1.0,off_hours_weekend,Posted on weekend or outside business hours,0.2748,normal,0.3374,Low
JE105221,1.0,off_hours_weekend,Posted on weekend or outside business hours,0.2746,normal,0.3373,Low
JE100038,1.0,off_hours_weekend,Posted on weekend or outside business hours,0.2744,normal,0.3372,Low
JE103349,1.0,off_hours_weekend,Posted on weekend or outside business hours,0.2743,normal,0.3372,Low
JE106881,1.0,off_hours_weekend,Posted on weekend or outside business hours,0.274,normal,0.337,Low
JE106874,1.0,off_hours_weekend,Posted on weekend or outside business hours,0.2738,normal,0.3369,Low
JE104229,1.0,off_hours_weekend,Posted on weekend or outside business hours,0.2739,normal,0.3369,Low
JE101561,1.0,off_hours_weekend,Posted on weekend or outside business hours,0.2735,normal,0.3368,Low
JE108063,0.0,,,0.673,anomaly,0.3365,Low
JE106636,1.0,off_hours_weekend,Posted on weekend or outside business hours,0.273,normal,0.3365,Low
JE103021,1.0,off_hours_weekend,Posted on weekend or outside business hours,0.273,normal,0.3365,Low
JE102014,1.0,off_hours_weekend,Posted on weekend or outside business hours,0.2726,normal,0.3363,Low
JE105461,1.0,off_hours_weekend,Posted on weekend or outside business hours,0.2723,normal,0.3362,Low
JE105855,1.0,off_hours_weekend,Posted on weekend or outside business hours,0.2721,normal,0.336,Low
JE106477,1.0,off_hours_weekend,Posted on weekend or outside business hours,0.2715,normal,0.3358,Low
JE105912,1.0,off_hours_weekend,Posted on weekend or outside business hours,0.2713,normal,0.3356,Low
JE107886,1.0,off_hours_weekend,Posted on weekend or outside business hours,0.2712,normal,0.3356,Low
JE105650,1.0,off_hours_weekend,Posted on weekend or outside business hours,0.2707,normal,0.3354,Low
JE100979,1.0,off_hours_weekend,Posted on weekend or outside business hours,0.2708,normal,0.3354,Low
JE104709,1.0,off_hours_weekend,Posted on weekend or outside business hours,0.2705,normal,0.3353,Low
JE108074,0.0,,,0.6703,anomaly,0.3352,Low
JE106000,1.0,off_hours_weekend,Posted on weekend or outside business hours,0.2688,normal,0.3344,Low
JE100278,1.0,off_hours_weekend,Posted on weekend or outside business hours,0.2686,normal,0.3343,Low
JE107967,1.0,off_hours_weekend,Posted on weekend or outside business hours,0.2683,normal,0.3342,Low
JE102765,1.0,off_hours_weekend,Posted on weekend or outside business hours,0.2681,normal,0.334,Low
JE104553,1.0,off_hours_weekend,Posted on weekend or outside business hours,0.2681,normal,0.334,Low
JE107434,1.0,off_hours_weekend,Posted on weekend or outside business hours,0.2681,normal,0.334,Low
JE102939,1.0,off_hours_weekend,Posted on weekend or outside business hours,0.268,normal,0.334,Low
JE102661,1.0,off_hours_weekend,Posted on weekend or outside business hours,0.2668,normal,0.3334,Low
JE102565,1.0,off_hours_weekend,Posted on weekend or outside business hours,0.2666,normal,0.3333,Low
JE105393,1.0,off_hours_weekend,Posted on weekend or outside business hours,0.2664,normal,0.3332,Low
JE106294,1.0,off_hours_weekend,Posted on weekend or outside business hours,0.2663,normal,0.3332,Low
JE106534,1.0,off_hours_weekend,Posted on weekend or outside business hours,0.266,normal,0.333,Low
JE100775,1.0,off_hours_weekend,Posted on weekend or outside business hours,0.2659,normal,0.333,Low
JE102800,1.0,off_hours_weekend,Posted on weekend or outside business hours,0.2651,normal,0.3326,Low
JE108081,0.0,,,0.6649,anomaly,0.3325,Low
JE102015,1.0,off_hours_weekend,Posted on weekend or outside business hours,0.2645,normal,0.3323,Low
JE107857,1.0,off_hours_weekend,Posted on weekend or outside business hours,0.2646,normal,0.3323,Low
JE102006,1.0,off_hours_weekend,Posted on weekend or outside business hours,0.2629,normal,0.3314,Low
JE106024,1.0,off_hours_weekend,Posted on weekend or outside business hours,0.2617,normal,0.3308,Low
JE103700,1.0,off_hours_weekend,Posted on weekend or outside business hours,0.2609,normal,0.3304,Low
JE102918,1.0,off_hours_weekend,Posted on weekend or outside business hours,0.2591,normal,0.3296,Low
JE105058,1.0,off_hours_weekend,Posted on weekend or outside business hours,0.2591,normal,0.3296,Low
JE108073,0.0,,,0.659,anomaly,0.3295,Low
JE106236,1.0,off_hours_weekend,Posted on weekend or outside business hours,0.2588,normal,0.3294,Low
JE100259,1.0,off_hours_weekend,Posted on weekend or outside business hours,0.2585,normal,0.3293,Low
JE105171,1.0,off_hours_weekend,Posted on weekend or outside business hours,0.2584,normal,0.3292,Low
JE104362,1.0,off_hours_weekend,Posted on weekend or outside business hours,0.2572,normal,0.3286,Low
JE104663,1.0,off_hours_weekend,Posted on weekend or outside business hours,0.2566,normal,0.3283,Low
JE107063,1.0,off_hours_weekend,Posted on weekend or outside business hours,0.2565,normal,0.3283,Low
JE103241,1.0,off_hours_weekend,Posted on weekend or outside business hours,0.2562,normal,0.3281,Low
JE107981,1.0,off_hours_weekend,Posted on weekend or outside business hours,0.2558,normal,0.3279,Low
JE107207,1.0,off_hours_weekend,Posted on weekend or outside business hours,0.2541,normal,0.327,Low
JE103961,1.0,off_hours_weekend,Posted on weekend or outside business hours,0.254,normal,0.327,Low
JE106498,1.0,off_hours_weekend,Posted on weekend or outside business hours,0.2535,normal,0.3268,Low
JE108061,0.0,,,0.6536,anomaly,0.3268,Low
JE106528,1.0,off_hours_weekend,Posted on weekend or outside business hours,0.2535,normal,0.3268,Low
JE103610,1.0,off_hours_weekend,Posted on weekend or outside business hours,0.2534,normal,0.3267,Low
JE103649,1.0,off_hours_weekend,Posted on weekend or outside business hours,0.2531,normal,0.3266,Low
JE100452,1.0,off_hours_weekend,Posted on weekend or outside business hours,0.2527,normal,0.3264,Low
JE101899,1.0,off_hours_weekend,Posted on weekend or outside business hours,0.2526,normal,0.3263,Low
JE107764,1.0,off_hours_weekend,Posted on weekend or outside business hours,0.2523,normal,0.3262,Low
JE103352,1.0,off_hours_weekend,Posted on weekend or outside business hours,0.2512,normal,0.3256,Low
JE103634,1.0,off_hours_weekend,Posted on weekend or outside business hours,0.2508,normal,0.3254,Low
JE102024,1.0,off_hours_weekend,Posted on weekend or outside business hours,0.2507,normal,0.3254,Low
JE101284,1.0,off_hours_weekend,Posted on weekend or outside business hours,0.2499,normal,0.325,Low
JE103893,1.0,off_hours_weekend,Posted on weekend or outside business hours,0.2487,normal,0.3244,Low
JE108037,1.0,off_hours_weekend,Posted on weekend or outside business hours,0.2484,normal,0.3242,Low
JE108087,0.0,,,0.647,anomaly,0.3235,Low
JE101902,1.0,off_hours_weekend,Posted on weekend or outside business hours,0.2465,normal,0.3233,Low
JE104734,1.0,off_hours_weekend,Posted on weekend or outside business hours,0.246,normal,0.323,Low
JE108060,0.0,,,0.646,anomaly,0.323,Low
JE101524,1.0,off_hours_weekend,Posted on weekend or outside business hours,0.245,normal,0.3225,Low
JE104898,1.0,off_hours_weekend,Posted on weekend or outside business hours,0.2449,normal,0.3224,Low
JE108082,0.0,,,0.6447,anomaly,0.3224,Low
JE108056,0.0,,,0.6448,anomaly,0.3224,Low
JE101720,1.0,off_hours_weekend,Posted on weekend or outside business hours,0.2443,normal,0.3222,Low
JE104889,1.0,off_hours_weekend,Posted on weekend or outside business hours,0.2437,normal,0.3219,Low
JE102320,1.0,off_hours_weekend,Posted on weekend or outside business hours,0.2436,normal,0.3218,Low
JE105565,1.0,off_hours_weekend,Posted on weekend or outside business hours,0.2431,normal,0.3216,Low
JE108088,0.0,,,0.6421,anomaly,0.321,Low
JE104633,1.0,off_hours_weekend,Posted on weekend or outside business hours,0.2414,normal,0.3207,Low
JE101474,1.0,off_hours_weekend,Posted on weekend or outside business hours,0.2405,normal,0.3203,Low
JE102064,1.0,off_hours_weekend,Posted on weekend or outside business hours,0.2406,normal,0.3203,Low
JE105373,1.0,off_hours_weekend,Posted on weekend or outside business hours,0.2406,normal,0.3203,Low
JE106014,1.0,off_hours_weekend,Posted on weekend or outside business hours,0.2406,normal,0.3203,Low
JE108057,0.0,,,0.6389,anomaly,0.3194,Low
JE103445,1.0,off_hours_weekend,Posted on weekend or outside business hours,0.2387,normal,0.3194,Low
JE101325,1.0,off_hours_weekend,Posted on weekend or outside business hours,0.2388,normal,0.3194,Low
JE102927,1.0,off_hours_weekend,Posted on weekend or outside business hours,0.2384,normal,0.3192,Low
JE108058,0.0,,,0.6384,anomaly,0.3192,Low
JE108070,0.0,,,0.6382,anomaly,0.3191,Low
JE108072,0.0,,,0.6382,anomaly,0.3191,Low
JE100829,1.0,off_hours_weekend,Posted on weekend or outside business hours,0.2375,normal,0.3188,Low
JE107131,1.0,off_hours_weekend,Posted on weekend or outside business hours,0.237,normal,0.3185,Low
JE106143,1.0,off_hours_weekend,Posted on weekend or outside business hours,0.2366,normal,0.3183,Low
JE101765,1.0,off_hours_weekend,Posted on weekend or outside business hours,0.2351,normal,0.3176,Low
JE103576,1.0,off_hours_weekend,Posted on weekend or outside business hours,0.235,normal,0.3175,Low
JE108086,0.0,,,0.6349,anomaly,0.3174,Low
JE106609,1.0,off_hours_weekend,Posted on weekend or outside business hours,0.2342,normal,0.3171,Low
JE100151,1.0,off_hours_weekend,Posted on weekend or outside business hours,0.2339,normal,0.317,Low
JE104405,1.0,off_hours_weekend,Posted on weekend or outside business hours,0.234,normal,0.317,Low
JE104944,1.0,off_hours_weekend,Posted on weekend or outside business hours,0.2334,normal,0.3167,Low
JE101021,1.0,off_hours_weekend,Posted on weekend or outside business hours,0.233,normal,0.3165,Low
JE108064,0.0,,,0.6326,anomaly,0.3163,Low
JE102606,1.0,off_hours_weekend,Posted on weekend or outside business hours,0.2307,normal,0.3154,Low
JE107364,1.0,off_hours_weekend,Posted on weekend or outside business hours,0.2303,normal,0.3152,Low
JE104192,1.0,off_hours_weekend,Posted on weekend or outside business hours,0.229,normal,0.3145,Low
JE105746,1.0,off_hours_weekend,Posted on weekend or outside business hours,0.2288,normal,0.3144,Low
JE105622,1.0,off_hours_weekend,Posted on weekend or outside business hours,0.2263,normal,0.3132,Low
JE108083,0.0,,,0.6256,anomaly,0.3128,Low
JE104020,1.0,off_hours_weekend,Posted on weekend or outside business hours,0.2253,normal,0.3126,Low
JE108059,0.0,,,0.6227,anomaly,0.3114,Low
JE107421,1.0,off_hours_weekend,Posted on weekend or outside business hours,0.2221,normal,0.311,Low
JE104097,1.0,off_hours_weekend,Posted on weekend or outside business hours,0.2219,normal,0.311,Low
JE105718,1.0,off_hours_weekend,Posted on weekend or outside business hours,0.2216,normal,0.3108,Low
JE105311,1.0,off_hours_weekend,Posted on weekend or outside business hours,0.2198,normal,0.3099,Low
JE107054,1.0,off_hours_weekend,Posted on weekend or outside business hours,0.2196,normal,0.3098,Low
JE107323,1.0,off_hours_weekend,Posted on weekend or outside business hours,0.2189,normal,0.3094,Low
JE104087,1.0,off_hours_weekend,Posted on weekend or outside business hours,0.2185,normal,0.3093,Low
JE105773,1.0,off_hours_weekend,Posted on weekend or outside business hours,0.2179,normal,0.309,Low
JE101194,1.0,off_hours_weekend,Posted on weekend or outside business hours,0.2175,normal,0.3088,Low
JE108065,0.0,,,0.6175,anomaly,0.3088,Low
JE101816,1.0,off_hours_weekend,Posted on weekend or outside business hours,0.2161,normal,0.308,Low
JE108084,0.0,,,0.6159,anomaly,0.308,Low
JE103905,1.0,off_hours_weekend,Posted on weekend or outside business hours,0.211,normal,0.3055,Low
JE100845,1.0,off_hours_weekend,Posted on weekend or outside business hours,0.2108,normal,0.3054,Low
JE107361,1.0,off_hours_weekend,Posted on weekend or outside business hours,0.2078,normal,0.3039,Low
JE102742,1.0,off_hours_weekend,Posted on weekend or outside business hours,0.2075,normal,0.3038,Low
JE104949,1.0,off_hours_weekend,Posted on weekend or outside business hours,0.2073,normal,0.3037,Low
JE100528,1.0,off_hours_weekend,Posted on weekend or outside business hours,0.2069,normal,0.3034,Low
JE107743,1.0,off_hours_weekend,Posted on weekend or outside business hours,0.2063,normal,0.3032,Low
JE101606,1.0,off_hours_weekend,Posted on weekend or outside business hours,0.2063,normal,0.3032,Low
JE104712,1.0,off_hours_weekend,Posted on weekend or outside business hours,0.2059,normal,0.303,Low
JE103613,1.0,off_hours_weekend,Posted on weekend or outside business hours,0.2055,normal,0.3028,Low
JE106085,1.0,off_hours_weekend,Posted on weekend or outside business hours,0.2054,normal,0.3027,Low
JE102955,1.0,off_hours_weekend,Posted on weekend or outside business hours,0.205,normal,0.3025,Low
JE107252,1.0,off_hours_weekend,Posted on weekend or outside business hours,0.2047,normal,0.3024,Low
JE105589,1.0,off_hours_weekend,Posted on weekend or outside business hours,0.2042,normal,0.3021,Low
JE105759,1.0,off_hours_weekend,Posted on weekend or outside business hours,0.2028,normal,0.3014,Low
JE101630,1.0,off_hours_weekend,Posted on weekend or outside business hours,0.2013,normal,0.3007,Low
JE103316,1.0,off_hours_weekend,Posted on weekend or outside business hours,0.2009,normal,0.3004,Low
JE104052,1.0,off_hours_weekend,Posted on weekend or outside business hours,0.2006,normal,0.3003,Low
JE100177,1.0,off_hours_weekend,Posted on weekend or outside business hours,0.1996,normal,0.2998,Low
JE101389,1.0,off_hours_weekend,Posted on weekend or outside business hours,0.1986,normal,0.2993,Low
JE103403,1.0,off_hours_weekend,Posted on weekend or outside business hours,0.1971,normal,0.2986,Low
JE107688,1.0,off_hours_weekend,Posted on weekend or outside business hours,0.1956,normal,0.2978,Low
JE107122,1.0,off_hours_weekend,Posted on weekend or outside business hours,0.1938,normal,0.2969,Low
JE105695,0.0,,,0.5936,anomaly,0.2968,Low
JE105119,1.0,off_hours_weekend,Posted on weekend or outside business hours,0.1832,normal,0.2916,Low
JE104253,1.0,off_hours_weekend,Posted on weekend or outside business hours,0.1781,normal,0.2891,Low
JE104823,1.0,off_hours_weekend,Posted on weekend or outside business hours,0.1764,normal,0.2882,Low
JE100313,1.0,off_hours_weekend,Posted on weekend or outside business hours,0.1726,normal,0.2863,Low
JE106567,0.0,,,0.5708,anomaly,0.2854,Low
JE100959,1.0,off_hours_weekend,Posted on weekend or outside business hours,0.1678,normal,0.2839,Low
JE103996,1.0,off_hours_weekend,Posted on weekend or outside business hours,0.1671,normal,0.2836,Low
JE105883,1.0,off_hours_weekend,Posted on weekend or outside business hours,0.1554,normal,0.2777,Low
JE102128,0.0,,,0.5476,anomaly,0.2738,Low
JE100990,1.0,off_hours_weekend,Posted on weekend or outside business hours,0.1368,normal,0.2684,Low
JE102101,0.0,,,0.5346,anomaly,0.2673,Low
JE105375,0.0,,,0.5339,anomaly,0.267,Low
JE104010,0.0,,,0.5321,anomaly,0.266,Low
JE104598,0.0,,,0.5265,anomaly,0.2632,Low
JE105590,0.0,,,0.5221,anomaly,0.261,Low
JE100312,0.0,,,0.521,anomaly,0.2605,Low
JE103114,0.0,,,0.5209,anomaly,0.2604,Low
JE101094,1.0,off_hours_weekend,Posted on weekend or outside business hours,0.1134,normal,0.2567,Low
JE101278,0.0,,,0.5133,anomaly,0.2566,Low
JE102756,0.0,,,0.5078,anomaly,0.2539,Low
JE107180,0.0,,,0.5076,anomaly,0.2538,Low
JE104983,0.0,,,0.507,anomaly,0.2535,Low
JE107881,0.0,,,0.5067,anomaly,0.2534,Low
JE100214,0.0,,,0.5054,anomaly,0.2527,Low
JE104850,0.0,,,0.5041,anomaly,0.252,Low
JE101332,0.0,,,0.4991,anomaly,0.2496,Low
JE103495,0.0,,,0.4953,anomaly,0.2476,Low
JE102127,0.0,,,0.4952,anomaly,0.2476,Low
JE101040,0.0,,,0.4948,anomaly,0.2474,Low
JE106785,0.0,,,0.4864,anomaly,0.2432,Low
JE107645,0.0,,,0.4858,anomaly,0.2429,Low
JE107409,0.0,,,0.4835,anomaly,0.2418,Low
JE107796,0.0,,,0.4833,anomaly,0.2416,Low
JE107088,0.0,,,0.4831,anomaly,0.2416,Low
JE106469,0.0,,,0.4794,anomaly,0.2397,Low
JE107198,0.0,,,0.4791,anomaly,0.2396,Low
JE104393,0.0,,,0.4784,anomaly,0.2392,Low
JE103196,0.0,,,0.478,anomaly,0.239,Low
JE102045,0.0,,,0.4773,anomaly,0.2386,Low
JE102185,0.0,,,0.4768,anomaly,0.2384,Low
JE102579,0.0,,,0.4764,anomaly,0.2382,Low
JE101377,0.0,,,0.476,anomaly,0.238,Low
JE101870,0.0,,,0.4756,anomaly,0.2378,Low
JE106428,0.0,,,0.4746,anomaly,0.2373,Low
JE103728,0.0,,,0.4739,anomaly,0.237,Low
JE102624,0.0,,,0.4736,anomaly,0.2368,Low
JE102268,0.0,,,0.4725,anomaly,0.2362,Low
JE105192,0.0,,,0.4725,anomaly,0.2362,Low
JE102319,0.0,,,0.4711,anomaly,0.2356,Low
JE105848,0.0,,,0.4703,anomaly,0.2352,Low
JE102245,0.0,,,0.4703,anomaly,0.2352,Low
JE105004,0.0,,,0.47,anomaly,0.235,Low
JE104947,0.0,,,0.4695,anomaly,0.2348,Low
JE106289,0.0,,,0.4691,anomaly,0.2346,Low
JE104127,0.0,,,0.4689,anomaly,0.2344,Low
JE100237,0.0,,,0.4682,anomaly,0.2341,Low
JE104445,0.0,,,0.4681,anomaly,0.234,Low
JE102347,0.0,,,0.4671,anomaly,0.2336,Low
JE100819,0.0,,,0.4663,anomaly,0.2332,Low
JE106435,0.0,,,0.4659,anomaly,0.233,Low
JE100216,0.0,,,0.4658,anomaly,0.2329,Low
JE103887,0.0,,,0.4643,anomaly,0.2322,Low
JE105830,0.0,,,0.4645,anomaly,0.2322,Low
JE107617,0.0,,,0.4643,anomaly,0.2322,Low
JE107681,0.0,,,0.4638,anomaly,0.2319,Low
JE106426,0.0,,,0.4635,anomaly,0.2318,Low
JE105696,0.0,,,0.4634,anomaly,0.2317,Low
JE102795,0.0,,,0.4631,anomaly,0.2316,Low
JE106181,0.0,,,0.463,anomaly,0.2315,Low
JE100693,0.0,,,0.4628,anomaly,0.2314,Low
JE107667,0.0,,,0.4628,anomaly,0.2314,Low
JE103841,0.0,,,0.4626,anomaly,0.2313,Low
JE103829,0.0,,,0.4626,anomaly,0.2313,Low
JE104872,0.0,,,0.4625,anomaly,0.2312,Low
JE103290,0.0,,,0.4619,anomaly,0.231,Low
JE100247,0.0,,,0.4619,anomaly,0.231,Low
JE100739,0.0,,,0.4615,anomaly,0.2308,Low
JE102094,0.0,,,0.4614,anomaly,0.2307,Low
JE104725,0.0,,,0.4613,anomaly,0.2306,Low
JE104091,0.0,,,0.4599,anomaly,0.23,Low
JE101957,0.0,,,0.4595,anomaly,0.2298,Low
JE101025,0.0,,,0.4588,anomaly,0.2294,Low
JE102863,0.0,,,0.4587,anomaly,0.2294,Low
JE101347,0.0,,,0.4586,anomaly,0.2293,Low
JE101865,0.0,,,0.4583,anomaly,0.2292,Low
JE105240,0.0,,,0.4584,anomaly,0.2292,Low
JE107618,0.0,,,0.457,anomaly,0.2285,Low
JE104450,0.0,,,0.4568,anomaly,0.2284,Low
JE100307,0.0,,,0.456,anomaly,0.228,Low
JE103034,0.0,,,0.4558,anomaly,0.2279,Low
JE104617,0.0,,,0.4556,anomaly,0.2278,Low
JE105026,0.0,,,0.455,anomaly,0.2275,Low
JE104473,0.0,,,0.4546,anomaly,0.2273,Low
JE101982,0.0,,,0.4544,anomaly,0.2272,Low
JE106855,0.0,,,0.454,anomaly,0.227,Low
JE101938,0.0,,,0.4539,anomaly,0.227,Low
JE101789,0.0,,,0.4538,anomaly,0.2269,Low
JE106888,0.0,,,0.453,anomaly,0.2265,Low
JE106077,0.0,,,0.453,anomaly,0.2265,Low
JE105706,0.0,,,0.452,anomaly,0.226,Low
JE106955,0.0,,,0.4511,anomaly,0.2256,Low
JE106373,0.0,,,0.4509,anomaly,0.2254,Low
JE101751,0.0,,,0.4509,anomaly,0.2254,Low
JE103742,0.0,,,0.4506,anomaly,0.2253,Low
JE102350,0.0,,,0.4502,anomaly,0.2251,Low
JE105328,0.0,,,0.4502,anomaly,0.2251,Low
JE105027,0.0,,,0.45,anomaly,0.225,Low
JE101066,0.0,,,0.4498,anomaly,0.2249,Low
JE104641,0.0,,,0.449,anomaly,0.2245,Low
JE105929,0.0,,,0.4487,anomaly,0.2244,Low
JE105303,0.0,,,0.4483,anomaly,0.2242,Low
JE106115,0.0,,,0.4478,anomaly,0.2239,Low
JE106217,0.0,,,0.4475,anomaly,0.2238,Low
JE106561,0.0,,,0.4477,anomaly,0.2238,Low
JE100446,0.0,,,0.4471,anomaly,0.2236,Low
JE105261,0.0,,,0.4466,anomaly,0.2233,Low
JE101288,0.0,,,0.4459,anomaly,0.223,Low
JE100224,0.0,,,0.4458,anomaly,0.2229,Low
JE100599,0.0,,,0.4454,anomaly,0.2227,Low
JE102341,0.0,,,0.4454,anomaly,0.2227,Low
JE106789,0.0,,,0.4448,anomaly,0.2224,Low
JE106314,0.0,,,0.4447,anomaly,0.2224,Low
JE107749,0.0,,,0.4444,anomaly,0.2222,Low
JE102345,0.0,,,0.4441,anomaly,0.222,Low
JE103358,0.0,,,0.4438,anomaly,0.2219,Low
JE104013,0.0,,,0.4438,anomaly,0.2219,Low
JE106627,0.0,,,0.4435,anomaly,0.2218,Low
JE100994,0.0,,,0.443,anomaly,0.2215,Low
JE107069,0.0,,,0.4424,anomaly,0.2212,Low
JE107123,0.0,,,0.4424,anomaly,0.2212,Low
JE107987,0.0,,,0.4419,anomaly,0.221,Low
JE101713,0.0,,,0.4418,anomaly,0.2209,Low
JE103371,0.0,,,0.4416,anomaly,0.2208,Low
JE107447,0.0,,,0.4408,anomaly,0.2204,Low
JE102421,0.0,,,0.4409,anomaly,0.2204,Low
JE104386,0.0,,,0.4408,anomaly,0.2204,Low
JE102499,0.0,,,0.4398,anomaly,0.2199,Low
JE104045,0.0,,,0.4393,anomaly,0.2196,Low
JE105643,0.0,,,0.4391,anomaly,0.2196,Low
JE102377,0.0,,,0.4384,anomaly,0.2192,Low
JE102119,0.0,,,0.438,anomaly,0.219,Low
JE103695,0.0,,,0.4376,anomaly,0.2188,Low
JE103264,0.0,,,0.4373,normal,0.2186,Low
JE106248,0.0,,,0.4372,normal,0.2186,Low
JE102666,0.0,,,0.4368,normal,0.2184,Low
JE102980,0.0,,,0.4365,normal,0.2182,Low
JE102935,0.0,,,0.436,normal,0.218,Low
JE101826,0.0,,,0.436,normal,0.218,Low
JE107127,0.0,,,0.4354,normal,0.2177,Low
JE106962,0.0,,,0.435,normal,0.2175,Low
JE106517,0.0,,,0.4347,normal,0.2174,Low
JE103978,0.0,,,0.4348,normal,0.2174,Low
JE105030,0.0,,,0.4344,normal,0.2172,Low
JE101313,0.0,,,0.4343,normal,0.2172,Low
JE102195,0.0,,,0.4342,normal,0.2171,Low
JE107669,0.0,,,0.4342,normal,0.2171,Low
JE107666,0.0,,,0.434,normal,0.217,Low
JE100922,0.0,,,0.4336,normal,0.2168,Low
JE102654,0.0,,,0.4327,normal,0.2164,Low
JE100642,0.0,,,0.4326,normal,0.2163,Low
JE106947,0.0,,,0.4318,normal,0.2159,Low
JE105147,0.0,,,0.4316,normal,0.2158,Low
JE103507,0.0,,,0.4312,normal,0.2156,Low
JE102534,0.0,,,0.4313,normal,0.2156,Low
JE103986,0.0,,,0.431,normal,0.2155,Low
JE106644,0.0,,,0.4308,normal,0.2154,Low
JE105681,0.0,,,0.4306,normal,0.2153,Low
JE104645,0.0,,,0.4304,normal,0.2152,Low
JE104251,0.0,,,0.4299,normal,0.215,Low
JE102131,0.0,,,0.4301,normal,0.215,Low
JE102376,0.0,,,0.4295,normal,0.2148,Low
JE106848,0.0,,,0.4294,normal,0.2147,Low
JE106801,0.0,,,0.4293,normal,0.2146,Low
JE102940,0.0,,,0.4293,normal,0.2146,Low
JE103182,0.0,,,0.4287,normal,0.2144,Low
JE101050,0.0,,,0.4288,normal,0.2144,Low
JE103938,0.0,,,0.4283,normal,0.2142,Low
JE101955,0.0,,,0.4282,normal,0.2141,Low
JE106694,0.0,,,0.427,normal,0.2135,Low
JE100714,0.0,,,0.4267,normal,0.2134,Low
JE106272,0.0,,,0.4268,normal,0.2134,Low
JE106704,0.0,,,0.4266,normal,0.2133,Low
JE100263,0.0,,,0.4265,normal,0.2132,Low
JE102836,0.0,,,0.4259,normal,0.213,Low
JE103180,0.0,,,0.4257,normal,0.2128,Low
JE102148,0.0,,,0.4257,normal,0.2128,Low
JE106682,0.0,,,0.4255,normal,0.2128,Low
JE106559,0.0,,,0.4252,normal,0.2126,Low
JE106781,0.0,,,0.4247,normal,0.2124,Low
JE103591,0.0,,,0.4245,normal,0.2122,Low
JE101259,0.0,,,0.4242,normal,0.2121,Low
JE101442,0.0,,,0.4239,normal,0.212,Low
JE103097,0.0,,,0.4235,normal,0.2118,Low
JE102827,0.0,,,0.4234,normal,0.2117,Low
JE103575,0.0,,,0.4231,normal,0.2116,Low
JE106164,0.0,,,0.423,normal,0.2115,Low
JE103958,0.0,,,0.4228,normal,0.2114,Low
JE103387,0.0,,,0.4228,normal,0.2114,Low
JE100773,0.0,,,0.4227,normal,0.2114,Low
JE102951,0.0,,,0.4227,normal,0.2114,Low
JE107405,0.0,,,0.4224,normal,0.2112,Low
JE106266,0.0,,,0.4224,normal,0.2112,Low
JE106576,0.0,,,0.4225,normal,0.2112,Low
JE101872,0.0,,,0.4218,normal,0.2109,Low
JE107270,0.0,,,0.4216,normal,0.2108,Low
JE104290,0.0,,,0.4215,normal,0.2108,Low
JE100654,0.0,,,0.4217,normal,0.2108,Low
JE100190,0.0,,,0.4209,normal,0.2104,Low
JE102166,0.0,,,0.4201,normal,0.21,Low
JE107878,0.0,,,0.4196,normal,0.2098,Low
JE107813,0.0,,,0.4196,normal,0.2098,Low
JE100653,0.0,,,0.4194,normal,0.2097,Low
JE107264,0.0,,,0.4194,normal,0.2097,Low
JE101534,0.0,,,0.4191,normal,0.2096,Low
JE104292,0.0,,,0.4193,normal,0.2096,Low
JE103802,0.0,,,0.4189,normal,0.2094,Low
JE102046,0.0,,,0.4188,normal,0.2094,Low
JE106616,0.0,,,0.4187,normal,0.2094,Low
JE107470,0.0,,,0.4187,normal,0.2094,Low
JE101604,0.0,,,0.4183,normal,0.2092,Low
JE104486,0.0,,,0.4184,normal,0.2092,Low
JE100409,0.0,,,0.418,normal,0.209,Low
JE104603,0.0,,,0.4178,normal,0.2089,Low
JE101306,0.0,,,0.4178,normal,0.2089,Low
JE101602,0.0,,,0.4177,normal,0.2088,Low
JE102743,0.0,,,0.4174,normal,0.2087,Low
JE104748,0.0,,,0.4172,normal,0.2086,Low
JE105102,0.0,,,0.4173,normal,0.2086,Low
JE101528,0.0,,,0.4172,normal,0.2086,Low
JE101628,0.0,,,0.4167,normal,0.2084,Low
JE101049,0.0,,,0.4159,normal,0.208,Low
JE106519,0.0,,,0.4159,normal,0.208,Low
JE104840,0.0,,,0.4156,normal,0.2078,Low
JE105672,0.0,,,0.4155,normal,0.2078,Low
JE101385,0.0,,,0.4151,normal,0.2076,Low
JE104195,0.0,,,0.4153,normal,0.2076,Low
JE107590,0.0,,,0.4153,normal,0.2076,Low
JE105515,0.0,,,0.4151,normal,0.2076,Low
JE103497,0.0,,,0.4143,normal,0.2072,Low
JE105361,0.0,,,0.4145,normal,0.2072,Low
JE102415,0.0,,,0.4145,normal,0.2072,Low
JE101141,0.0,,,0.4143,normal,0.2072,Low
JE103369,0.0,,,0.4141,normal,0.207,Low
JE107161,0.0,,,0.4134,normal,0.2067,Low
JE103365,0.0,,,0.4133,normal,0.2066,Low
JE104516,0.0,,,0.4132,normal,0.2066,Low
JE101138,0.0,,,0.4133,normal,0.2066,Low
JE107776,0.0,,,0.4133,normal,0.2066,Low
JE105367,0.0,,,0.4131,normal,0.2066,Low
JE107953,0.0,,,0.413,normal,0.2065,Low
JE102139,0.0,,,0.4126,normal,0.2063,Low
JE102149,0.0,,,0.4116,normal,0.2058,Low
JE105542,0.0,,,0.4115,normal,0.2058,Low
JE107561,0.0,,,0.4114,normal,0.2057,Low
JE100359,0.0,,,0.4107,normal,0.2054,Low
JE101996,0.0,,,0.4107,normal,0.2054,Low
JE101759,0.0,,,0.4106,normal,0.2053,Low
JE101203,0.0,,,0.4101,normal,0.205,Low
JE103486,0.0,,,0.4098,normal,0.2049,Low
JE103211,0.0,,,0.4093,normal,0.2046,Low
JE102991,0.0,,,0.4091,normal,0.2046,Low
JE107626,0.0,,,0.409,normal,0.2045,Low
JE103230,0.0,,,0.4083,normal,0.2042,Low
JE105206,0.0,,,0.4076,normal,0.2038,Low
JE104876,0.0,,,0.4077,normal,0.2038,Low
JE104710,0.0,,,0.4076,normal,0.2038,Low
JE100266,0.0,,,0.4075,normal,0.2037,Low
JE104058,0.0,,,0.4068,normal,0.2034,Low
JE101303,0.0,,,0.4064,normal,0.2032,Low
JE101672,0.0,,,0.4064,normal,0.2032,Low
JE101357,0.0,,,0.4064,normal,0.2032,Low
JE107292,0.0,,,0.4062,normal,0.2031,Low
JE102841,0.0,,,0.4062,normal,0.2031,Low
JE100437,0.0,,,0.4057,normal,0.2028,Low
JE107228,0.0,,,0.4053,normal,0.2026,Low
JE107656,0.0,,,0.4049,normal,0.2024,Low
JE104843,0.0,,,0.4047,normal,0.2024,Low
JE103033,0.0,,,0.4045,normal,0.2023,Low
JE101200,0.0,,,0.4043,normal,0.2022,Low
JE101041,0.0,,,0.4039,normal,0.202,Low
JE104586,0.0,,,0.4037,normal,0.2018,Low
JE100861,0.0,,,0.4037,normal,0.2018,Low
JE106807,0.0,,,0.4033,normal,0.2016,Low
JE101599,0.0,,,0.4032,normal,0.2016,Low
JE106306,0.0,,,0.4027,normal,0.2014,Low
JE106717,0.0,,,0.4027,normal,0.2014,Low
JE102090,0.0,,,0.4026,normal,0.2013,Low
JE104368,0.0,,,0.4026,normal,0.2013,Low
JE101956,0.0,,,0.4025,normal,0.2013,Low
JE101977,0.0,,,0.4021,normal,0.201,Low
JE107863,0.0,,,0.4018,normal,0.2009,Low
JE103008,0.0,,,0.4017,normal,0.2008,Low
JE102677,0.0,,,0.4015,normal,0.2008,Low
JE105998,0.0,,,0.4017,normal,0.2008,Low
JE104849,0.0,,,0.4017,normal,0.2008,Low
JE105556,0.0,,,0.4015,normal,0.2008,Low
JE106987,0.0,,,0.4009,normal,0.2004,Low
JE104766,0.0,,,0.4009,normal,0.2004,Low
JE106369,0.0,,,0.4008,normal,0.2004,Low
JE101511,0.0,,,0.4007,normal,0.2004,Low
JE101300,0.0,,,0.4009,normal,0.2004,Low
JE106727,0.0,,,0.4009,normal,0.2004,Low
JE103999,0.0,,,0.4003,normal,0.2002,Low
JE107148,0.0,,,0.4005,normal,0.2002,Low
JE100236,0.0,,,0.4,normal,0.2,Low
JE104570,0.0,,,0.3999,normal,0.2,Low
JE103987,0.0,,,0.4,normal,0.2,Low
JE102496,0.0,,,0.3998,normal,0.1999,Low
JE101666,0.0,,,0.3996,normal,0.1998,Low
JE107673,0.0,,,0.3997,normal,0.1998,Low
JE101862,0.0,,,0.3995,normal,0.1998,Low
JE100598,0.0,,,0.3993,normal,0.1996,Low
JE102932,0.0,,,0.3993,normal,0.1996,Low
JE101537,0.0,,,0.3993,normal,0.1996,Low
JE106832,0.0,,,0.3987,normal,0.1994,Low
JE100024,0.0,,,0.3986,normal,0.1993,Low
JE104167,0.0,,,0.3986,normal,0.1993,Low
JE106287,0.0,,,0.3983,normal,0.1992,Low
JE100065,0.0,,,0.3983,normal,0.1992,Low
JE106497,0.0,,,0.3978,normal,0.1989,Low
JE105080,0.0,,,0.3978,normal,0.1989,Low
JE101711,0.0,,,0.3976,normal,0.1988,Low
JE106188,0.0,,,0.3977,normal,0.1988,Low
JE105353,0.0,,,0.3976,normal,0.1988,Low
JE106457,0.0,,,0.3976,normal,0.1988,Low
JE100593,0.0,,,0.3974,normal,0.1987,Low
JE101594,0.0,,,0.3973,normal,0.1986,Low
JE105281,0.0,,,0.3972,normal,0.1986,Low
JE102781,0.0,,,0.3971,normal,0.1986,Low
JE104711,0.0,,,0.397,normal,0.1985,Low
JE105700,0.0,,,0.3968,normal,0.1984,Low
JE102544,0.0,,,0.3967,normal,0.1984,Low
JE102150,0.0,,,0.3968,normal,0.1984,Low
JE102805,0.0,,,0.3968,normal,0.1984,Low
JE106456,0.0,,,0.3968,normal,0.1984,Low
JE104256,0.0,,,0.3961,normal,0.198,Low
JE104324,0.0,,,0.3959,normal,0.1979,Low
JE102826,0.0,,,0.3958,normal,0.1979,Low
JE101114,0.0,,,0.3958,normal,0.1979,Low
JE107520,0.0,,,0.3955,normal,0.1978,Low
JE102596,0.0,,,0.3955,normal,0.1978,Low
JE100383,0.0,,,0.3956,normal,0.1978,Low
JE100525,0.0,,,0.3957,normal,0.1978,Low
JE107698,0.0,,,0.3952,normal,0.1976,Low
JE100269,0.0,,,0.3952,normal,0.1976,Low
JE105885,0.0,,,0.3948,normal,0.1974,Low
JE106386,0.0,,,0.3946,normal,0.1973,Low
JE104158,0.0,,,0.3945,normal,0.1972,Low
JE100239,0.0,,,0.3943,normal,0.1972,Low
JE101868,0.0,,,0.3945,normal,0.1972,Low
JE106441,0.0,,,0.3942,normal,0.1971,Low
JE100735,0.0,,,0.3936,normal,0.1968,Low
JE100140,0.0,,,0.3936,normal,0.1968,Low
JE105152,0.0,,,0.3935,normal,0.1968,Low
JE102681,0.0,,,0.3932,normal,0.1966,Low
JE105430,0.0,,,0.3926,normal,0.1963,Low
JE105857,0.0,,,0.3922,normal,0.1961,Low
JE103088,0.0,,,0.3917,normal,0.1958,Low
JE106238,0.0,,,0.3913,normal,0.1956,Low
JE102049,0.0,,,0.3912,normal,0.1956,Low
JE102008,0.0,,,0.3907,normal,0.1954,Low
JE106589,0.0,,,0.3907,normal,0.1954,Low
JE100853,0.0,,,0.3908,normal,0.1954,Low
JE103131,0.0,,,0.3907,normal,0.1954,Low
JE100199,0.0,,,0.3908,normal,0.1954,Low
JE100162,0.0,,,0.3903,normal,0.1952,Low
JE104767,0.0,,,0.3903,normal,0.1952,Low
JE104750,0.0,,,0.3903,normal,0.1952,Low
JE105861,0.0,,,0.3901,normal,0.195,Low
JE104837,0.0,,,0.3895,normal,0.1948,Low
JE105985,0.0,,,0.3895,normal,0.1948,Low
JE105522,0.0,,,0.3891,normal,0.1946,Low
JE103161,0.0,,,0.3891,normal,0.1946,Low
JE103590,0.0,,,0.3893,normal,0.1946,Low
JE103082,0.0,,,0.3891,normal,0.1946,Low
JE107023,0.0,,,0.3892,normal,0.1946,Low
JE105452,0.0,,,0.3889,normal,0.1945,Low
JE107432,0.0,,,0.3889,normal,0.1945,Low
JE102019,0.0,,,0.3888,normal,0.1944,Low
JE106026,0.0,,,0.3887,normal,0.1944,Low
JE102786,0.0,,,0.3884,normal,0.1942,Low
JE104755,0.0,,,0.3884,normal,0.1942,Low
JE105634,0.0,,,0.3885,normal,0.1942,Low
JE100929,0.0,,,0.3882,normal,0.1941,Low
JE101462,0.0,,,0.3881,normal,0.194,Low
JE107738,0.0,,,0.3879,normal,0.194,Low
JE102695,0.0,,,0.3878,normal,0.1939,Low
JE102895,0.0,,,0.3878,normal,0.1939,Low
JE104557,0.0,,,0.3878,normal,0.1939,Low
JE107307,0.0,,,0.3875,normal,0.1938,Low
JE106823,0.0,,,0.3877,normal,0.1938,Low
JE103755,0.0,,,0.3874,normal,0.1937,Low
JE102620,0.0,,,0.3866,normal,0.1933,Low
JE107153,0.0,,,0.3864,normal,0.1932,Low
JE106825,0.0,,,0.3862,normal,0.1931,Low
JE107905,0.0,,,0.3859,normal,0.193,Low
JE103797,0.0,,,0.386,normal,0.193,Low
JE107550,0.0,,,0.3858,normal,0.1929,Low
JE107797,0.0,,,0.3853,normal,0.1926,Low
JE100173,0.0,,,0.3853,normal,0.1926,Low
JE101208,0.0,,,0.3853,normal,0.1926,Low
JE102660,0.0,,,0.3846,normal,0.1923,Low
JE106522,0.0,,,0.3845,normal,0.1922,Low
JE104303,0.0,,,0.3845,normal,0.1922,Low
JE105460,0.0,,,0.3843,normal,0.1921,Low
JE101714,0.0,,,0.3843,normal,0.1921,Low
JE103025,0.0,,,0.3841,normal,0.192,Low
JE100567,0.0,,,0.3841,normal,0.192,Low
JE100494,0.0,,,0.3841,normal,0.192,Low
JE106484,0.0,,,0.3836,normal,0.1918,Low
JE106693,0.0,,,0.3835,normal,0.1918,Low
JE102389,0.0,,,0.3837,normal,0.1918,Low
JE104926,0.0,,,0.3836,normal,0.1918,Low
JE100336,0.0,,,0.3835,normal,0.1918,Low
JE102207,0.0,,,0.3834,normal,0.1917,Low
JE107533,0.0,,,0.383,normal,0.1915,Low
JE105976,0.0,,,0.3828,normal,0.1914,Low
JE101221,0.0,,,0.3826,normal,0.1913,Low
JE102304,0.0,,,0.3823,normal,0.1911,Low
JE104658,0.0,,,0.3823,normal,0.1911,Low
JE104546,0.0,,,0.3823,normal,0.1911,Low
JE107542,0.0,,,0.3821,normal,0.191,Low
JE105846,0.0,,,0.3819,normal,0.191,Low
JE101572,0.0,,,0.382,normal,0.191,Low
JE103415,0.0,,,0.3819,normal,0.191,Low
JE101262,0.0,,,0.3818,normal,0.1909,Low
JE106476,0.0,,,0.3817,normal,0.1908,Low
JE103790,0.0,,,0.3815,normal,0.1908,Low
JE103915,0.0,,,0.3817,normal,0.1908,Low
JE104880,0.0,,,0.3814,normal,0.1907,Low
JE105608,0.0,,,0.3813,normal,0.1906,Low
JE106207,0.0,,,0.3807,normal,0.1904,Low
JE104797,0.0,,,0.3809,normal,0.1904,Low
JE103710,0.0,,,0.3808,normal,0.1904,Low
JE105200,0.0,,,0.3808,normal,0.1904,Low
JE106939,0.0,,,0.3806,normal,0.1903,Low
JE106741,0.0,,,0.3802,normal,0.1901,Low
JE106467,0.0,,,0.3801,normal,0.19,Low
JE103723,0.0,,,0.3799,normal,0.19,Low
JE103588,0.0,,,0.3798,normal,0.1899,Low
JE106506,0.0,,,0.3797,normal,0.1898,Low
JE102724,0.0,,,0.3797,normal,0.1898,Low
JE106086,0.0,,,0.3793,normal,0.1897,Low
JE107974,0.0,,,0.3793,normal,0.1897,Low
JE102760,0.0,,,0.379,normal,0.1895,Low
JE103360,0.0,,,0.3787,normal,0.1894,Low
JE100530,0.0,,,0.3788,normal,0.1894,Low
JE104345,0.0,,,0.3789,normal,0.1894,Low
JE101961,0.0,,,0.3787,normal,0.1894,Low
JE106632,0.0,,,0.3784,normal,0.1892,Low
JE100863,0.0,,,0.3784,normal,0.1892,Low
JE104902,0.0,,,0.3782,normal,0.1891,Low
JE103343,0.0,,,0.3782,normal,0.1891,Low
JE103259,0.0,,,0.3782,normal,0.1891,Low
JE104214,0.0,,,0.3781,normal,0.189,Low
JE106076,0.0,,,0.3778,normal,0.1889,Low
JE107013,0.0,,,0.3775,normal,0.1888,Low
JE104407,0.0,,,0.377,normal,0.1885,Low
JE102275,0.0,,,0.3768,normal,0.1884,Low
JE101921,0.0,,,0.3769,normal,0.1884,Low
JE106927,0.0,,,0.3768,normal,0.1884,Low
JE105283,0.0,,,0.3766,normal,0.1883,Low
JE103857,0.0,,,0.3763,normal,0.1882,Low
JE101978,0.0,,,0.3765,normal,0.1882,Low
JE100117,0.0,,,0.3765,normal,0.1882,Low
JE100957,0.0,,,0.3761,normal,0.188,Low
JE106390,0.0,,,0.3761,normal,0.188,Low
JE106028,0.0,,,0.376,normal,0.188,Low
JE104500,0.0,,,0.3758,normal,0.1879,Low
JE106898,0.0,,,0.3758,normal,0.1879,Low
JE102141,0.0,,,0.3758,normal,0.1879,Low
JE101686,0.0,,,0.3757,normal,0.1878,Low
JE100790,0.0,,,0.3754,normal,0.1877,Low
JE101838,0.0,,,0.3751,normal,0.1876,Low
JE100877,0.0,,,0.3752,normal,0.1876,Low
JE104588,0.0,,,0.3746,normal,0.1873,Low
JE101445,0.0,,,0.3744,normal,0.1872,Low
JE100801,0.0,,,0.3745,normal,0.1872,Low
JE100252,0.0,,,0.3742,normal,0.1871,Low
JE105673,0.0,,,0.3739,normal,0.187,Low
JE103089,0.0,,,0.374,normal,0.187,Low
JE103080,0.0,,,0.3741,normal,0.187,Low
JE102560,0.0,,,0.374,normal,0.187,Low
JE103319,0.0,,,0.3738,normal,0.1869,Low
JE102946,0.0,,,0.3736,normal,0.1868,Low
JE107386,0.0,,,0.3736,normal,0.1868,Low
JE101752,0.0,,,0.3734,normal,0.1867,Low
JE104339,0.0,,,0.3731,normal,0.1866,Low
JE101211,0.0,,,0.3732,normal,0.1866,Low
JE103226,0.0,,,0.373,normal,0.1865,Low
JE102322,0.0,,,0.3728,normal,0.1864,Low
JE106596,0.0,,,0.3728,normal,0.1864,Low
JE105715,0.0,,,0.3727,normal,0.1863,Low
JE105520,0.0,,,0.3727,normal,0.1863,Low
JE104564,0.0,,,0.3727,normal,0.1863,Low
JE106320,0.0,,,0.3726,normal,0.1863,Low
JE100597,0.0,,,0.3727,normal,0.1863,Low
JE105212,0.0,,,0.3726,normal,0.1863,Low
JE105230,0.0,,,0.3726,normal,0.1863,Low
JE107576,0.0,,,0.3724,normal,0.1862,Low
JE106679,0.0,,,0.3725,normal,0.1862,Low
JE105404,0.0,,,0.3724,normal,0.1862,Low
JE104287,0.0,,,0.3724,normal,0.1862,Low
JE104773,0.0,,,0.3723,normal,0.1862,Low
JE106319,0.0,,,0.3722,normal,0.1861,Low
JE105687,0.0,,,0.3722,normal,0.1861,Low
JE100368,0.0,,,0.3721,normal,0.186,Low
JE106397,0.0,,,0.3721,normal,0.186,Low
JE104939,0.0,,,0.3718,normal,0.1859,Low
JE100995,0.0,,,0.3716,normal,0.1858,Low
JE103312,0.0,,,0.3717,normal,0.1858,Low
JE101596,0.0,,,0.3717,normal,0.1858,Low
JE101260,0.0,,,0.3715,normal,0.1858,Low
JE101568,0.0,,,0.3717,normal,0.1858,Low
JE101298,0.0,,,0.3713,normal,0.1856,Low
JE100975,0.0,,,0.3713,normal,0.1856,Low
JE104364,0.0,,,0.3711,normal,0.1856,Low
JE107615,0.0,,,0.3711,normal,0.1856,Low
JE105823,0.0,,,0.371,normal,0.1855,Low
JE107937,0.0,,,0.3709,normal,0.1854,Low
JE100234,0.0,,,0.3708,normal,0.1854,Low
JE107944,0.0,,,0.3706,normal,0.1853,Low
JE103026,0.0,,,0.3706,normal,0.1853,Low
JE104389,0.0,,,0.3707,normal,0.1853,Low
JE107085,0.0,,,0.3704,normal,0.1852,Low
JE105420,0.0,,,0.3702,normal,0.1851,Low
JE107538,0.0,,,0.3702,normal,0.1851,Low
JE100574,0.0,,,0.3702,normal,0.1851,Low
JE107146,0.0,,,0.3699,normal,0.185,Low
JE107353,0.0,,,0.37,normal,0.185,Low
JE106873,0.0,,,0.3701,normal,0.185,Low
JE101566,0.0,,,0.3699,normal,0.185,Low
JE107787,0.0,,,0.3697,normal,0.1848,Low
JE104421,0.0,,,0.3695,normal,0.1848,Low
JE100621,0.0,,,0.3697,normal,0.1848,Low
JE101622,0.0,,,0.3696,normal,0.1848,Low
JE107092,0.0,,,0.3691,normal,0.1846,Low
JE106206,0.0,,,0.3691,normal,0.1846,Low
JE105485,0.0,,,0.369,normal,0.1845,Low
JE106860,0.0,,,0.369,normal,0.1845,Low
JE106772,0.0,,,0.3688,normal,0.1844,Low
JE104140,0.0,,,0.3688,normal,0.1844,Low
JE100270,0.0,,,0.3688,normal,0.1844,Low
JE101204,0.0,,,0.3686,normal,0.1843,Low
JE102385,0.0,,,0.3684,normal,0.1842,Low
JE103213,0.0,,,0.3684,normal,0.1842,Low
JE103279,0.0,,,0.3683,normal,0.1842,Low
JE104114,0.0,,,0.3683,normal,0.1842,Low
JE101999,0.0,,,0.3683,normal,0.1842,Low
JE104788,0.0,,,0.3682,normal,0.1841,Low
JE102993,0.0,,,0.3681,normal,0.184,Low
JE102761,0.0,,,0.3681,normal,0.184,Low
JE101617,0.0,,,0.368,normal,0.184,Low
JE106548,0.0,,,0.3681,normal,0.184,Low
JE107507,0.0,,,0.3676,normal,0.1838,Low
JE102549,0.0,,,0.3676,normal,0.1838,Low
JE102757,0.0,,,0.3675,normal,0.1838,Low
JE107136,0.0,,,0.3674,normal,0.1837,Low
JE107102,0.0,,,0.3674,normal,0.1837,Low
JE102696,0.0,,,0.3673,normal,0.1836,Low
JE106304,0.0,,,0.3672,normal,0.1836,Low
JE100241,0.0,,,0.3671,normal,0.1836,Low
JE105763,0.0,,,0.3672,normal,0.1836,Low
JE105867,0.0,,,0.367,normal,0.1835,Low
JE105546,0.0,,,0.3666,normal,0.1833,Low
JE100411,0.0,,,0.3666,normal,0.1833,Low
JE103046,0.0,,,0.3663,normal,0.1832,Low
JE100686,0.0,,,0.3658,normal,0.1829,Low
JE103118,0.0,,,0.3656,normal,0.1828,Low
JE107555,0.0,,,0.3654,normal,0.1827,Low
JE107909,0.0,,,0.3654,normal,0.1827,Low
JE107754,0.0,,,0.3652,normal,0.1826,Low
JE107281,0.0,,,0.3652,normal,0.1826,Low
JE100014,0.0,,,0.3652,normal,0.1826,Low
JE104781,0.0,,,0.3652,normal,0.1826,Low
JE102396,0.0,,,0.365,normal,0.1825,Low
JE104299,0.0,,,0.3648,normal,0.1824,Low
JE105893,0.0,,,0.3647,normal,0.1824,Low
JE103951,0.0,,,0.3647,normal,0.1824,Low
JE106978,0.0,,,0.3647,normal,0.1824,Low
JE104941,0.0,,,0.3646,normal,0.1823,Low
JE101869,0.0,,,0.3644,normal,0.1822,Low
JE104942,0.0,,,0.3643,normal,0.1822,Low
JE102138,0.0,,,0.3639,normal,0.182,Low
JE100017,0.0,,,0.3641,normal,0.182,Low
JE100743,0.0,,,0.3635,normal,0.1818,Low
JE101071,0.0,,,0.3636,normal,0.1818,Low
JE105241,0.0,,,0.3634,normal,0.1817,Low
JE101844,0.0,,,0.3634,normal,0.1817,Low
JE102383,0.0,,,0.3633,normal,0.1816,Low
JE104619,0.0,,,0.3633,normal,0.1816,Low
JE106766,0.0,,,0.3633,normal,0.1816,Low
JE106660,0.0,,,0.3632,normal,0.1816,Low
JE100167,0.0,,,0.3631,normal,0.1816,Low
JE106062,0.0,,,0.363,normal,0.1815,Low
JE106864,0.0,,,0.3627,normal,0.1814,Low
JE104508,0.0,,,0.3626,normal,0.1813,Low
JE104423,0.0,,,0.3626,normal,0.1813,Low
JE107091,0.0,,,0.3621,normal,0.181,Low
JE101333,0.0,,,0.3619,normal,0.181,Low
JE101063,0.0,,,0.362,normal,0.181,Low
JE107197,0.0,,,0.3618,normal,0.1809,Low
JE103833,0.0,,,0.3616,normal,0.1808,Low
JE104761,0.0,,,0.3614,normal,0.1807,Low
JE106900,0.0,,,0.3613,normal,0.1806,Low
JE102572,0.0,,,0.3607,normal,0.1804,Low
JE107920,0.0,,,0.3609,normal,0.1804,Low
JE104286,0.0,,,0.3607,normal,0.1804,Low
JE102042,0.0,,,0.3606,normal,0.1803,Low
JE105178,0.0,,,0.3604,normal,0.1802,Low
JE102349,0.0,,,0.3604,normal,0.1802,Low
JE103276,0.0,,,0.3603,normal,0.1802,Low
JE100485,0.0,,,0.3602,normal,0.1801,Low
JE100962,0.0,,,0.3601,normal,0.18,Low
JE107489,0.0,,,0.3598,normal,0.1799,Low
JE102804,0.0,,,0.3598,normal,0.1799,Low
JE103120,0.0,,,0.3595,normal,0.1798,Low
JE107424,0.0,,,0.3594,normal,0.1797,Low
JE100563,0.0,,,0.3589,normal,0.1794,Low
JE105835,0.0,,,0.3588,normal,0.1794,Low
JE105585,0.0,,,0.3588,normal,0.1794,Low
JE102967,0.0,,,0.3586,normal,0.1793,Low
JE107429,0.0,,,0.3586,normal,0.1793,Low
JE102893,0.0,,,0.3583,normal,0.1792,Low
JE105410,0.0,,,0.3584,normal,0.1792,Low
JE101946,0.0,,,0.3584,normal,0.1792,Low
JE106424,0.0,,,0.3579,normal,0.179,Low
JE101219,0.0,,,0.3579,normal,0.179,Low
JE101850,0.0,,,0.3575,normal,0.1788,Low
JE107139,0.0,,,0.3575,normal,0.1788,Low
JE100921,0.0,,,0.3577,normal,0.1788,Low
JE100477,0.0,,,0.3574,normal,0.1787,Low
JE106356,0.0,,,0.3574,normal,0.1787,Low
JE107924,0.0,,,0.3572,normal,0.1786,Low
JE102191,0.0,,,0.3573,normal,0.1786,Low
JE104900,0.0,,,0.3573,normal,0.1786,Low
JE103437,0.0,,,0.3573,normal,0.1786,Low
JE100531,0.0,,,0.3572,normal,0.1786,Low
JE102577,0.0,,,0.357,normal,0.1785,Low
JE102449,0.0,,,0.357,normal,0.1785,Low
JE100357,0.0,,,0.3571,normal,0.1785,Low
JE103626,0.0,,,0.3566,normal,0.1783,Low
JE102733,0.0,,,0.3564,normal,0.1782,Low
JE107346,0.0,,,0.3564,normal,0.1782,Low
JE104760,0.0,,,0.3565,normal,0.1782,Low
JE104674,0.0,,,0.3565,normal,0.1782,Low
JE102889,0.0,,,0.3561,normal,0.1781,Low
JE101576,0.0,,,0.356,normal,0.178,Low
JE103407,0.0,,,0.356,normal,0.178,Low
JE104727,0.0,,,0.356,normal,0.178,Low
JE106134,0.0,,,0.3555,normal,0.1778,Low
JE104943,0.0,,,0.3557,normal,0.1778,Low
JE104452,0.0,,,0.3556,normal,0.1778,Low
JE107952,0.0,,,0.3555,normal,0.1778,Low
JE107375,0.0,,,0.3554,normal,0.1777,Low
JE101592,0.0,,,0.3552,normal,0.1776,Low
JE104331,0.0,,,0.3552,normal,0.1776,Low
JE100527,0.0,,,0.3552,normal,0.1776,Low
JE103012,0.0,,,0.3551,normal,0.1776,Low
JE102097,0.0,,,0.3553,normal,0.1776,Low
JE104661,0.0,,,0.355,normal,0.1775,Low
JE103158,0.0,,,0.355,normal,0.1775,Low
JE100659,0.0,,,0.3549,normal,0.1774,Low
JE106510,0.0,,,0.3549,normal,0.1774,Low
JE107975,0.0,,,0.3547,normal,0.1774,Low
JE107780,0.0,,,0.3549,normal,0.1774,Low
JE104411,0.0,,,0.3547,normal,0.1774,Low
JE107132,0.0,,,0.3547,normal,0.1774,Low
JE107612,0.0,,,0.3546,normal,0.1773,Low
JE107505,0.0,,,0.3545,normal,0.1772,Low
JE100631,0.0,,,0.3544,normal,0.1772,Low
JE105689,0.0,,,0.3543,normal,0.1772,Low
JE100613,0.0,,,0.3543,normal,0.1772,Low
JE104999,0.0,,,0.3541,normal,0.1771,Low
JE101962,0.0,,,0.3542,normal,0.1771,Low
JE103835,0.0,,,0.3542,normal,0.1771,Low
JE104188,0.0,,,0.3541,normal,0.1771,Low
JE101160,0.0,,,0.3542,normal,0.1771,Low
JE102635,0.0,,,0.3538,normal,0.1769,Low
JE104819,0.0,,,0.3538,normal,0.1769,Low
JE100428,0.0,,,0.3538,normal,0.1769,Low
JE104332,0.0,,,0.3537,normal,0.1768,Low
JE106460,0.0,,,0.3536,normal,0.1768,Low
JE101253,0.0,,,0.3534,normal,0.1767,Low
JE100348,0.0,,,0.3532,normal,0.1766,Low
JE102680,0.0,,,0.353,normal,0.1765,Low
JE102129,0.0,,,0.3527,normal,0.1764,Low
JE104147,0.0,,,0.3527,normal,0.1764,Low
JE102104,0.0,,,0.3527,normal,0.1764,Low
JE105782,0.0,,,0.3526,normal,0.1763,Low
JE104095,0.0,,,0.3523,normal,0.1762,Low
JE106121,0.0,,,0.3525,normal,0.1762,Low
JE105996,0.0,,,0.3523,normal,0.1762,Low
JE105231,0.0,,,0.3521,normal,0.1761,Low
JE101401,0.0,,,0.3521,normal,0.1761,Low
JE107329,0.0,,,0.352,normal,0.176,Low
JE102976,0.0,,,0.3519,normal,0.176,Low
JE106315,0.0,,,0.3518,normal,0.1759,Low
JE105783,0.0,,,0.3516,normal,0.1758,Low
JE106039,0.0,,,0.3516,normal,0.1758,Low
JE107858,0.0,,,0.3517,normal,0.1758,Low
JE101698,0.0,,,0.3511,normal,0.1756,Low
JE104640,0.0,,,0.3512,normal,0.1756,Low
JE104224,0.0,,,0.3511,normal,0.1756,Low
JE104996,0.0,,,0.3511,normal,0.1756,Low
JE102029,0.0,,,0.3508,normal,0.1754,Low
JE103283,0.0,,,0.3509,normal,0.1754,Low
JE104359,0.0,,,0.3508,normal,0.1754,Low
JE107614,0.0,,,0.3509,normal,0.1754,Low
JE102853,0.0,,,0.3509,normal,0.1754,Low
JE104084,0.0,,,0.3506,normal,0.1753,Low
JE102309,0.0,,,0.3503,normal,0.1752,Low
JE104879,0.0,,,0.3503,normal,0.1752,Low
JE105122,0.0,,,0.3504,normal,0.1752,Low
JE102810,0.0,,,0.3505,normal,0.1752,Low
JE105413,0.0,,,0.35,normal,0.175,Low
JE106568,0.0,,,0.35,normal,0.175,Low
JE104482,0.0,,,0.35,normal,0.175,Low
JE104465,0.0,,,0.3501,normal,0.175,Low
JE103461,0.0,,,0.3498,normal,0.1749,Low
JE100040,0.0,,,0.3498,normal,0.1749,Low
JE102164,0.0,,,0.3495,normal,0.1748,Low
JE107655,0.0,,,0.3496,normal,0.1748,Low
JE101371,0.0,,,0.3496,normal,0.1748,Low
JE105904,0.0,,,0.3495,normal,0.1748,Low
JE107725,0.0,,,0.3496,normal,0.1748,Low
JE100258,0.0,,,0.3493,normal,0.1746,Low
JE106096,0.0,,,0.3493,normal,0.1746,Low
JE105527,0.0,,,0.349,normal,0.1745,Low
JE103780,0.0,,,0.349,normal,0.1745,Low
JE100570,0.0,,,0.3487,normal,0.1744,Low
JE107554,0.0,,,0.3488,normal,0.1744,Low
JE101456,0.0,,,0.3483,normal,0.1742,Low
JE103922,0.0,,,0.3483,normal,0.1742,Low
JE101808,0.0,,,0.3485,normal,0.1742,Low
JE101915,0.0,,,0.3482,normal,0.1741,Low
JE106595,0.0,,,0.3482,normal,0.1741,Low
JE100681,0.0,,,0.3482,normal,0.1741,Low
JE101642,0.0,,,0.3481,normal,0.174,Low
JE100834,0.0,,,0.3481,normal,0.174,Low
JE102010,0.0,,,0.348,normal,0.174,Low
JE102722,0.0,,,0.348,normal,0.174,Low
JE102482,0.0,,,0.3477,normal,0.1738,Low
JE100281,0.0,,,0.3476,normal,0.1738,Low
JE104203,0.0,,,0.3477,normal,0.1738,Low
JE101064,0.0,,,0.3477,normal,0.1738,Low
JE102792,0.0,,,0.3475,normal,0.1737,Low
JE104070,0.0,,,0.3475,normal,0.1737,Low
JE107777,0.0,,,0.3473,normal,0.1736,Low
JE107907,0.0,,,0.347,normal,0.1735,Low
JE102513,0.0,,,0.3468,normal,0.1734,Low
JE102054,0.0,,,0.3466,normal,0.1733,Low
JE101165,0.0,,,0.3464,normal,0.1732,Low
JE101669,0.0,,,0.3464,normal,0.1732,Low
JE107867,0.0,,,0.3464,normal,0.1732,Low
JE104567,0.0,,,0.3463,normal,0.1732,Low
JE102235,0.0,,,0.3463,normal,0.1732,Low
JE102829,0.0,,,0.3461,normal,0.173,Low
JE101678,0.0,,,0.3459,normal,0.173,Low
JE106197,0.0,,,0.3459,normal,0.173,Low
JE101301,0.0,,,0.3459,normal,0.173,Low
JE105196,0.0,,,0.3458,normal,0.1729,Low
JE107051,0.0,,,0.3457,normal,0.1728,Low
JE103599,0.0,,,0.3455,normal,0.1727,Low
JE103155,0.0,,,0.3454,normal,0.1727,Low
JE100795,0.0,,,0.3451,normal,0.1726,Low
JE107076,0.0,,,0.3453,normal,0.1726,Low
JE105991,0.0,,,0.345,normal,0.1725,Low
JE104317,0.0,,,0.3448,normal,0.1724,Low
JE103165,0.0,,,0.3447,normal,0.1724,Low
JE106487,0.0,,,0.3446,normal,0.1723,Low
JE107659,0.0,,,0.3445,normal,0.1722,Low
JE103935,0.0,,,0.3443,normal,0.1722,Low
JE103703,0.0,,,0.344,normal,0.172,Low
JE106430,0.0,,,0.3439,normal,0.172,Low
JE101177,0.0,,,0.3439,normal,0.172,Low
JE104001,0.0,,,0.3441,normal,0.172,Low
JE100391,0.0,,,0.3441,normal,0.172,Low
JE107025,0.0,,,0.3441,normal,0.172,Low
JE103281,0.0,,,0.3441,normal,0.172,Low
JE105544,0.0,,,0.344,normal,0.172,Low
JE105664,0.0,,,0.3439,normal,0.172,Low
JE100443,0.0,,,0.3435,normal,0.1718,Low
JE105850,0.0,,,0.3437,normal,0.1718,Low
JE106584,0.0,,,0.3435,normal,0.1718,Low
JE102086,0.0,,,0.3434,normal,0.1717,Low
JE106281,0.0,,,0.3434,normal,0.1717,Low
JE103130,0.0,,,0.3434,normal,0.1717,Low
JE101423,0.0,,,0.3432,normal,0.1716,Low
JE104442,0.0,,,0.3432,normal,0.1716,Low
JE106657,0.0,,,0.3431,normal,0.1716,Low
JE100186,0.0,,,0.343,normal,0.1715,Low
JE102941,0.0,,,0.343,normal,0.1715,Low
JE105287,0.0,,,0.3428,normal,0.1714,Low
JE106814,0.0,,,0.3427,normal,0.1714,Low
JE106366,0.0,,,0.3428,normal,0.1714,Low
JE105588,0.0,,,0.3426,normal,0.1713,Low
JE105051,0.0,,,0.3426,normal,0.1713,Low
JE104083,0.0,,,0.3424,normal,0.1712,Low
JE107823,0.0,,,0.3422,normal,0.1711,Low
JE104257,0.0,,,0.3422,normal,0.1711,Low
JE102992,0.0,,,0.342,normal,0.171,Low
JE101058,0.0,,,0.3421,normal,0.171,Low
JE104620,0.0,,,0.342,normal,0.171,Low
JE106376,0.0,,,0.3421,normal,0.171,Low
JE106787,0.0,,,0.3418,normal,0.1709,Low
JE106183,0.0,,,0.3417,normal,0.1708,Low
JE105007,0.0,,,0.3417,normal,0.1708,Low
JE103500,0.0,,,0.3414,normal,0.1707,Low
JE106572,0.0,,,0.3414,normal,0.1707,Low
JE102332,0.0,,,0.3411,normal,0.1706,Low
JE107286,0.0,,,0.3413,normal,0.1706,Low
JE107370,0.0,,,0.3412,normal,0.1706,Low
JE106701,0.0,,,0.341,normal,0.1705,Low
JE101136,0.0,,,0.341,normal,0.1705,Low
JE103388,0.0,,,0.3407,normal,0.1704,Low
JE107600,0.0,,,0.3409,normal,0.1704,Low
JE104453,0.0,,,0.3407,normal,0.1704,Low
JE105828,0.0,,,0.3405,normal,0.1703,Low
JE105339,0.0,,,0.3405,normal,0.1703,Low
JE102329,0.0,,,0.3405,normal,0.1703,Low
JE101677,0.0,,,0.3405,normal,0.1703,Low
JE106511,0.0,,,0.3406,normal,0.1703,Low
JE106637,0.0,,,0.3405,normal,0.1703,Low
JE106796,0.0,,,0.3406,normal,0.1703,Low
JE104783,0.0,,,0.3403,normal,0.1702,Low
JE107731,0.0,,,0.3404,normal,0.1702,Low
JE104295,0.0,,,0.3404,normal,0.1702,Low
JE102375,0.0,,,0.3402,normal,0.1701,Low
JE104630,0.0,,,0.3399,normal,0.17,Low
JE102915,0.0,,,0.3401,normal,0.17,Low
JE101835,0.0,,,0.3399,normal,0.17,Low
JE100974,0.0,,,0.3396,normal,0.1698,Low
JE101172,0.0,,,0.3396,normal,0.1698,Low
JE106372,0.0,,,0.3397,normal,0.1698,Low
JE105845,0.0,,,0.3394,normal,0.1697,Low
JE106089,0.0,,,0.3392,normal,0.1696,Low
JE106454,0.0,,,0.3392,normal,0.1696,Low
JE101574,0.0,,,0.3391,normal,0.1696,Low
JE103081,0.0,,,0.3391,normal,0.1696,Low
JE107162,0.0,,,0.3393,normal,0.1696,Low
JE102198,0.0,,,0.3393,normal,0.1696,Low
JE105135,0.0,,,0.3392,normal,0.1696,Low
JE104518,0.0,,,0.3387,normal,0.1694,Low
JE102649,0.0,,,0.3388,normal,0.1694,Low
JE103849,0.0,,,0.3389,normal,0.1694,Low
JE100083,0.0,,,0.3388,normal,0.1694,Low
JE101086,0.0,,,0.3386,normal,0.1693,Low
JE106358,0.0,,,0.3386,normal,0.1693,Low
JE102475,0.0,,,0.3385,normal,0.1693,Low
JE106783,0.0,,,0.3384,normal,0.1692,Low
JE104175,0.0,,,0.3383,normal,0.1692,Low
JE106974,0.0,,,0.3383,normal,0.1692,Low
JE106703,0.0,,,0.3383,normal,0.1692,Low
JE101953,0.0,,,0.3383,normal,0.1692,Low
JE101944,0.0,,,0.3382,normal,0.1691,Low
JE104166,0.0,,,0.3382,normal,0.1691,Low
JE103318,0.0,,,0.3379,normal,0.169,Low
JE102269,0.0,,,0.3379,normal,0.169,Low
JE106713,0.0,,,0.3379,normal,0.169,Low
JE103145,0.0,,,0.3381,normal,0.169,Low
JE102584,0.0,,,0.3379,normal,0.169,Low
JE101898,0.0,,,0.3375,normal,0.1688,Low
JE101508,0.0,,,0.3376,normal,0.1688,Low
JE106552,0.0,,,0.3376,normal,0.1688,Low
JE104436,0.0,,,0.3376,normal,0.1688,Low
JE107992,0.0,,,0.3374,normal,0.1687,Low
JE105770,0.0,,,0.3374,normal,0.1687,Low
JE104589,0.0,,,0.3373,normal,0.1686,Low
JE103721,0.0,,,0.337,normal,0.1685,Low
JE103766,0.0,,,0.337,normal,0.1685,Low
JE107056,0.0,,,0.337,normal,0.1685,Low
JE107010,0.0,,,0.3367,normal,0.1684,Low
JE106891,0.0,,,0.3368,normal,0.1684,Low
JE103517,0.0,,,0.3367,normal,0.1684,Low
JE105678,0.0,,,0.3366,normal,0.1683,Low
JE101721,0.0,,,0.3366,normal,0.1683,Low
JE107879,0.0,,,0.3363,normal,0.1682,Low
JE101247,0.0,,,0.3364,normal,0.1682,Low
JE100604,0.0,,,0.3362,normal,0.1681,Low
JE103940,0.0,,,0.336,normal,0.168,Low
JE107703,0.0,,,0.336,normal,0.168,Low
JE107801,0.0,,,0.336,normal,0.168,Low
JE101843,0.0,,,0.3359,normal,0.1679,Low
JE107707,0.0,,,0.3358,normal,0.1679,Low
JE105092,0.0,,,0.3355,normal,0.1678,Low
JE107772,0.0,,,0.3355,normal,0.1678,Low
JE105626,0.0,,,0.3355,normal,0.1678,Low
JE100839,0.0,,,0.3357,normal,0.1678,Low
JE102823,0.0,,,0.3355,normal,0.1678,Low
JE104558,0.0,,,0.3356,normal,0.1678,Low
JE103694,0.0,,,0.3347,normal,0.1674,Low
JE103731,0.0,,,0.3348,normal,0.1674,Low
JE102500,0.0,,,0.3348,normal,0.1674,Low
JE104208,0.0,,,0.3349,normal,0.1674,Low
JE101343,0.0,,,0.3347,normal,0.1674,Low
JE100896,0.0,,,0.3346,normal,0.1673,Low
JE107580,0.0,,,0.3344,normal,0.1672,Low
JE101372,0.0,,,0.3345,normal,0.1672,Low
JE100592,0.0,,,0.3344,normal,0.1672,Low
JE105279,0.0,,,0.3342,normal,0.1671,Low
JE106926,0.0,,,0.3341,normal,0.167,Low
JE101210,0.0,,,0.334,normal,0.167,Low
JE103846,0.0,,,0.3339,normal,0.1669,Low
JE101403,0.0,,,0.3338,normal,0.1669,Low
JE107282,0.0,,,0.3338,normal,0.1669,Low
JE102943,0.0,,,0.3337,normal,0.1668,Low
JE105731,0.0,,,0.3334,normal,0.1667,Low
JE100931,0.0,,,0.3334,normal,0.1667,Low
JE107972,0.0,,,0.3334,normal,0.1667,Low
JE101415,0.0,,,0.3331,normal,0.1666,Low
JE103417,0.0,,,0.3332,normal,0.1666,Low
JE107112,0.0,,,0.3332,normal,0.1666,Low
JE106389,0.0,,,0.3327,normal,0.1664,Low
JE103336,0.0,,,0.3328,normal,0.1664,Low
JE103959,0.0,,,0.3328,normal,0.1664,Low
JE105877,0.0,,,0.3326,normal,0.1663,Low
JE101083,0.0,,,0.3324,normal,0.1662,Low
JE100246,0.0,,,0.3324,normal,0.1662,Low
JE100161,0.0,,,0.3323,normal,0.1662,Low
JE105002,0.0,,,0.3322,normal,0.1661,Low
JE100757,0.0,,,0.3321,normal,0.166,Low
JE107341,0.0,,,0.3321,normal,0.166,Low
JE100894,0.0,,,0.3321,normal,0.166,Low
JE105881,0.0,,,0.332,normal,0.166,Low
JE103411,0.0,,,0.332,normal,0.166,Low
JE105113,0.0,,,0.332,normal,0.166,Low
JE105114,0.0,,,0.3318,normal,0.1659,Low
JE100402,0.0,,,0.3319,normal,0.1659,Low
JE106731,0.0,,,0.3317,normal,0.1658,Low
JE104311,0.0,,,0.3316,normal,0.1658,Low
JE104636,0.0,,,0.3314,normal,0.1657,Low
JE100339,0.0,,,0.3313,normal,0.1656,Low
JE103785,0.0,,,0.331,normal,0.1655,Low
JE106943,0.0,,,0.331,normal,0.1655,Low
JE106587,0.0,,,0.3309,normal,0.1655,Low
JE102954,0.0,,,0.331,normal,0.1655,Low
JE103429,0.0,,,0.331,normal,0.1655,Low
JE102326,0.0,,,0.3308,normal,0.1654,Low
JE106929,0.0,,,0.3308,normal,0.1654,Low
JE103479,0.0,,,0.3308,normal,0.1654,Low
JE104420,0.0,,,0.3308,normal,0.1654,Low
JE107982,0.0,,,0.3305,normal,0.1652,Low
JE106182,0.0,,,0.3305,normal,0.1652,Low
JE101560,0.0,,,0.3305,normal,0.1652,Low
JE100362,0.0,,,0.3303,normal,0.1652,Low
JE100016,0.0,,,0.3301,normal,0.165,Low
JE101269,0.0,,,0.33,normal,0.165,Low
JE103885,0.0,,,0.33,normal,0.165,Low
JE107581,0.0,,,0.3299,normal,0.165,Low
JE100810,0.0,,,0.3299,normal,0.165,Low
JE102937,0.0,,,0.3298,normal,0.1649,Low
JE102324,0.0,,,0.3298,normal,0.1649,Low
JE102174,0.0,,,0.3296,normal,0.1648,Low
JE106786,0.0,,,0.3297,normal,0.1648,Low
JE100824,0.0,,,0.3296,normal,0.1648,Low
JE102702,0.0,,,0.3294,normal,0.1647,Low
JE106791,0.0,,,0.3294,normal,0.1647,Low
JE102921,0.0,,,0.3292,normal,0.1646,Low
JE107809,0.0,,,0.3293,normal,0.1646,Low
JE103432,0.0,,,0.3291,normal,0.1646,Low
JE100937,0.0,,,0.3293,normal,0.1646,Low
JE100317,0.0,,,0.3292,normal,0.1646,Low
JE106856,0.0,,,0.3292,normal,0.1646,Low
JE107086,0.0,,,0.3293,normal,0.1646,Low
JE102181,0.0,,,0.3289,normal,0.1645,Low
JE103194,0.0,,,0.3289,normal,0.1645,Low
JE101419,0.0,,,0.3287,normal,0.1644,Low
JE104842,0.0,,,0.3287,normal,0.1644,Low
JE102366,0.0,,,0.3286,normal,0.1643,Low
JE100175,0.0,,,0.3286,normal,0.1643,Low
JE101551,0.0,,,0.3286,normal,0.1643,Low
JE105097,0.0,,,0.3286,normal,0.1643,Low
JE107680,0.0,,,0.3283,normal,0.1642,Low
JE106084,0.0,,,0.3284,normal,0.1642,Low
JE100418,0.0,,,0.3284,normal,0.1642,Low
JE106053,0.0,,,0.3284,normal,0.1642,Low
JE102617,0.0,,,0.3283,normal,0.1642,Low
JE100298,0.0,,,0.3282,normal,0.1641,Low
JE107817,0.0,,,0.328,normal,0.164,Low
JE103327,0.0,,,0.3281,normal,0.164,Low
JE103307,0.0,,,0.3281,normal,0.164,Low
JE100633,0.0,,,0.328,normal,0.164,Low
JE100984,0.0,,,0.328,normal,0.164,Low
JE105352,0.0,,,0.3281,normal,0.164,Low
JE106850,0.0,,,0.3277,normal,0.1638,Low
JE107448,0.0,,,0.3276,normal,0.1638,Low
JE102903,0.0,,,0.3277,normal,0.1638,Low
JE101800,0.0,,,0.3276,normal,0.1638,Low
JE104283,0.0,,,0.3276,normal,0.1638,Low
JE106033,0.0,,,0.3276,normal,0.1638,Low
JE103482,0.0,,,0.3276,normal,0.1638,Low
JE103698,0.0,,,0.3274,normal,0.1637,Low
JE101531,0.0,,,0.3271,normal,0.1636,Low
JE103541,0.0,,,0.3273,normal,0.1636,Low
JE107411,0.0,,,0.3273,normal,0.1636,Low
JE103632,0.0,,,0.327,normal,0.1635,Low
JE105409,0.0,,,0.3267,normal,0.1634,Low
JE105467,0.0,,,0.3268,normal,0.1634,Low
JE102078,0.0,,,0.3267,normal,0.1634,Low
JE100184,0.0,,,0.3268,normal,0.1634,Low
JE100088,0.0,,,0.3267,normal,0.1634,Low
JE105423,0.0,,,0.3268,normal,0.1634,Low
JE107483,0.0,,,0.3268,normal,0.1634,Low
JE102858,0.0,,,0.3266,normal,0.1633,Low
JE100159,0.0,,,0.3266,normal,0.1633,Low
JE101805,0.0,,,0.3266,normal,0.1633,Low
JE103385,0.0,,,0.3266,normal,0.1633,Low
JE106081,0.0,,,0.3265,normal,0.1632,Low
JE106149,0.0,,,0.3261,normal,0.163,Low
JE102588,0.0,,,0.326,normal,0.163,Low
JE106250,0.0,,,0.3261,normal,0.163,Low
JE100907,0.0,,,0.3259,normal,0.163,Low
JE102285,0.0,,,0.3259,normal,0.163,Low
JE106049,0.0,,,0.3255,normal,0.1628,Low
JE107309,0.0,,,0.3257,normal,0.1628,Low
JE106016,0.0,,,0.325,normal,0.1625,Low
JE103968,0.0,,,0.325,normal,0.1625,Low
JE104865,0.0,,,0.3249,normal,0.1624,Low
JE104535,0.0,,,0.3248,normal,0.1624,Low
JE100912,0.0,,,0.3247,normal,0.1624,Low
JE104254,0.0,,,0.3247,normal,0.1624,Low
JE103897,0.0,,,0.3247,normal,0.1624,Low
JE105325,0.0,,,0.3246,normal,0.1623,Low
JE104067,0.0,,,0.3244,normal,0.1622,Low
JE102860,0.0,,,0.3245,normal,0.1622,Low
JE104845,0.0,,,0.3244,normal,0.1622,Low
JE105624,0.0,,,0.3241,normal,0.162,Low
JE103852,0.0,,,0.3239,normal,0.162,Low
JE106303,0.0,,,0.3241,normal,0.162,Low
JE105587,0.0,,,0.3236,normal,0.1618,Low
JE104297,0.0,,,0.3236,normal,0.1618,Low
JE106899,0.0,,,0.3237,normal,0.1618,Low
JE102906,0.0,,,0.3235,normal,0.1618,Low
JE103207,0.0,,,0.3237,normal,0.1618,Low
JE106756,0.0,,,0.3235,normal,0.1618,Low
JE107019,0.0,,,0.3236,normal,0.1618,Low
JE100381,0.0,,,0.3237,normal,0.1618,Low
JE100282,0.0,,,0.3236,normal,0.1618,Low
JE100850,0.0,,,0.3237,normal,0.1618,Low
JE106474,0.0,,,0.3234,normal,0.1617,Low
JE101612,0.0,,,0.3234,normal,0.1617,Low
JE104629,0.0,,,0.3234,normal,0.1617,Low
JE102079,0.0,,,0.3234,normal,0.1617,Low
JE100500,0.0,,,0.3232,normal,0.1616,Low
JE103745,0.0,,,0.3232,normal,0.1616,Low
JE101837,0.0,,,0.323,normal,0.1615,Low
JE104689,0.0,,,0.323,normal,0.1615,Low
JE101131,0.0,,,0.3228,normal,0.1614,Low
JE107227,0.0,,,0.3228,normal,0.1614,Low
JE107544,0.0,,,0.3227,normal,0.1614,Low
JE106575,0.0,,,0.3228,normal,0.1614,Low
JE101587,0.0,,,0.3227,normal,0.1614,Low
JE107696,0.0,,,0.3228,normal,0.1614,Low
JE101769,0.0,,,0.3225,normal,0.1612,Low
JE100909,0.0,,,0.3224,normal,0.1612,Low
JE105970,0.0,,,0.3222,normal,0.1611,Low
JE102241,0.0,,,0.3222,normal,0.1611,Low
JE106090,0.0,,,0.322,normal,0.161,Low
JE103250,0.0,,,0.322,normal,0.161,Low
JE106365,0.0,,,0.322,normal,0.161,Low
JE105011,0.0,,,0.322,normal,0.161,Low
JE100903,0.0,,,0.3218,normal,0.1609,Low
JE104038,0.0,,,0.3218,normal,0.1609,Low
JE105740,0.0,,,0.3218,normal,0.1609,Low
JE107917,0.0,,,0.3218,normal,0.1609,Low
JE106623,0.0,,,0.3216,normal,0.1608,Low
JE103398,0.0,,,0.3216,normal,0.1608,Low
JE100066,0.0,,,0.3216,normal,0.1608,Low
JE102847,0.0,,,0.3217,normal,0.1608,Low
JE105805,0.0,,,0.3217,normal,0.1608,Low
JE107308,0.0,,,0.3214,normal,0.1607,Low
JE102585,0.0,,,0.3214,normal,0.1607,Low
JE103428,0.0,,,0.3214,normal,0.1607,Low
JE105968,0.0,,,0.3214,normal,0.1607,Low
JE100719,0.0,,,0.3211,normal,0.1606,Low
JE107098,0.0,,,0.3213,normal,0.1606,Low
JE105208,0.0,,,0.3207,normal,0.1604,Low
JE101134,0.0,,,0.3205,normal,0.1602,Low
JE101154,0.0,,,0.3205,normal,0.1602,Low
JE105579,0.0,,,0.3204,normal,0.1602,Low
JE100191,0.0,,,0.3205,normal,0.1602,Low
JE101430,0.0,,,0.3204,normal,0.1602,Low
JE106455,0.0,,,0.3204,normal,0.1602,Low
JE107444,0.0,,,0.3203,normal,0.1601,Low
JE105464,0.0,,,0.3202,normal,0.1601,Low
JE103740,0.0,,,0.3199,normal,0.16,Low
JE104392,0.0,,,0.3197,normal,0.1598,Low
JE101540,0.0,,,0.3195,normal,0.1598,Low
JE101226,0.0,,,0.3195,normal,0.1598,Low
JE106640,0.0,,,0.3196,normal,0.1598,Low
JE107134,0.0,,,0.3197,normal,0.1598,Low
JE103177,0.0,,,0.3194,normal,0.1597,Low
JE101954,0.0,,,0.3194,normal,0.1597,Low
JE105755,0.0,,,0.3191,normal,0.1596,Low
JE101842,0.0,,,0.3192,normal,0.1596,Low
JE104893,0.0,,,0.3192,normal,0.1596,Low
JE105471,0.0,,,0.319,normal,0.1595,Low
JE100135,0.0,,,0.3188,normal,0.1594,Low
JE103331,0.0,,,0.3187,normal,0.1594,Low
JE104427,0.0,,,0.3186,normal,0.1593,Low
JE101506,0.0,,,0.3186,normal,0.1593,Low
JE105095,0.0,,,0.3186,normal,0.1593,Low
JE107592,0.0,,,0.3186,normal,0.1593,Low
JE104375,0.0,,,0.3184,normal,0.1592,Low
JE106726,0.0,,,0.3185,normal,0.1592,Low
JE107491,0.0,,,0.3183,normal,0.1592,Low
JE101913,0.0,,,0.3185,normal,0.1592,Low
JE103478,0.0,,,0.3185,normal,0.1592,Low
JE107016,0.0,,,0.3183,normal,0.1592,Low
JE107247,0.0,,,0.3185,normal,0.1592,Low
JE106658,0.0,,,0.3183,normal,0.1592,Low
JE107933,0.0,,,0.3182,normal,0.1591,Low
JE100338,0.0,,,0.3182,normal,0.1591,Low
JE105312,0.0,,,0.3182,normal,0.1591,Low
JE100209,0.0,,,0.318,normal,0.159,Low
JE100200,0.0,,,0.3177,normal,0.1588,Low
JE102929,0.0,,,0.3176,normal,0.1588,Low
JE104112,0.0,,,0.3176,normal,0.1588,Low
JE102845,0.0,,,0.3176,normal,0.1588,Low
JE100004,0.0,,,0.3174,normal,0.1587,Low
JE107771,0.0,,,0.3174,normal,0.1587,Low
JE104334,0.0,,,0.3173,normal,0.1587,Low
JE101569,0.0,,,0.3172,normal,0.1586,Low
JE100107,0.0,,,0.3172,normal,0.1586,Low
JE101510,0.0,,,0.317,normal,0.1585,Low
JE106976,0.0,,,0.3169,normal,0.1584,Low
JE104810,0.0,,,0.3167,normal,0.1584,Low
JE106380,0.0,,,0.3167,normal,0.1584,Low
JE105172,0.0,,,0.3168,normal,0.1584,Low
JE103932,0.0,,,0.3168,normal,0.1584,Low
JE103431,0.0,,,0.3167,normal,0.1584,Low
JE107670,0.0,,,0.3166,normal,0.1583,Low
JE104803,0.0,,,0.3166,normal,0.1583,Low
JE102295,0.0,,,0.3164,normal,0.1582,Low
JE100754,0.0,,,0.3165,normal,0.1582,Low
JE105044,0.0,,,0.3164,normal,0.1582,Low
JE103261,0.0,,,0.3163,normal,0.1582,Low
JE106210,0.0,,,0.3164,normal,0.1582,Low
JE104809,0.0,,,0.3162,normal,0.1581,Low
JE103792,0.0,,,0.3162,normal,0.1581,Low
JE102890,0.0,,,0.316,normal,0.158,Low
JE104105,0.0,,,0.3161,normal,0.158,Low
JE107296,0.0,,,0.3159,normal,0.158,Low
JE100435,0.0,,,0.316,normal,0.158,Low
JE101068,0.0,,,0.316,normal,0.158,Low
JE104204,0.0,,,0.316,normal,0.158,Low
JE104160,0.0,,,0.3161,normal,0.158,Low
JE104882,0.0,,,0.3158,normal,0.1579,Low
JE107495,0.0,,,0.3158,normal,0.1579,Low
JE102491,0.0,,,0.3157,normal,0.1578,Low
JE102211,0.0,,,0.3155,normal,0.1578,Low
JE100501,0.0,,,0.3156,normal,0.1578,Low
JE105825,0.0,,,0.3157,normal,0.1578,Low
JE104304,0.0,,,0.3153,normal,0.1577,Low
JE106190,0.0,,,0.3154,normal,0.1577,Low
JE100723,0.0,,,0.3154,normal,0.1577,Low
JE101608,0.0,,,0.3152,normal,0.1576,Low
JE106475,0.0,,,0.3152,normal,0.1576,Low
JE106247,0.0,,,0.3151,normal,0.1576,Low
JE102161,0.0,,,0.3151,normal,0.1576,Low
JE103166,0.0,,,0.3151,normal,0.1576,Low
JE103113,0.0,,,0.315,normal,0.1575,Low
JE100809,0.0,,,0.3147,normal,0.1574,Low
JE100296,0.0,,,0.3148,normal,0.1574,Low
JE103911,0.0,,,0.3147,normal,0.1574,Low
JE106654,0.0,,,0.3149,normal,0.1574,Low
JE107094,0.0,,,0.3149,normal,0.1574,Low
JE103879,0.0,,,0.3147,normal,0.1574,Low
JE101399,0.0,,,0.3149,normal,0.1574,Low
JE106117,0.0,,,0.3148,normal,0.1574,Low
JE104329,0.0,,,0.3147,normal,0.1574,Low
JE105610,0.0,,,0.3147,normal,0.1574,Low
JE102772,0.0,,,0.3143,normal,0.1572,Low
JE107789,0.0,,,0.3145,normal,0.1572,Low
JE104614,0.0,,,0.3143,normal,0.1572,Low
JE106364,0.0,,,0.3143,normal,0.1572,Low
JE100231,0.0,,,0.3142,normal,0.1571,Low
JE103051,0.0,,,0.3139,normal,0.157,Low
JE102912,0.0,,,0.3141,normal,0.157,Low
JE102958,0.0,,,0.3139,normal,0.157,Low
JE102969,0.0,,,0.3138,normal,0.1569,Low
JE101761,0.0,,,0.3138,normal,0.1569,Low
JE104950,0.0,,,0.3138,normal,0.1569,Low
JE103767,0.0,,,0.3138,normal,0.1569,Low
JE104795,0.0,,,0.3136,normal,0.1568,Low
JE100484,0.0,,,0.3135,normal,0.1568,Low
JE103067,0.0,,,0.3137,normal,0.1568,Low
JE103203,0.0,,,0.3137,normal,0.1568,Low
JE104005,0.0,,,0.3133,normal,0.1567,Low
JE106580,0.0,,,0.3133,normal,0.1567,Low
JE105222,0.0,,,0.3133,normal,0.1567,Low
JE105941,0.0,,,0.3134,normal,0.1567,Low
JE102665,0.0,,,0.3134,normal,0.1567,Low
JE103017,0.0,,,0.3127,normal,0.1564,Low
JE104198,0.0,,,0.3127,normal,0.1564,Low
JE101001,0.0,,,0.3126,normal,0.1563,Low
JE102297,0.0,,,0.3126,normal,0.1563,Low
JE101015,0.0,,,0.3126,normal,0.1563,Low
JE101682,0.0,,,0.3124,normal,0.1562,Low
JE102398,0.0,,,0.3124,normal,0.1562,Low
JE106405,0.0,,,0.3124,normal,0.1562,Low
JE102668,0.0,,,0.3119,normal,0.156,Low
JE101451,0.0,,,0.312,normal,0.156,Low
JE102983,0.0,,,0.3118,normal,0.1559,Low
JE100925,0.0,,,0.3118,normal,0.1559,Low
JE100497,0.0,,,0.3118,normal,0.1559,Low
JE101256,0.0,,,0.3117,normal,0.1558,Low
JE102892,0.0,,,0.3117,normal,0.1558,Low
JE105117,0.0,,,0.3117,normal,0.1558,Low
JE101426,0.0,,,0.3114,normal,0.1557,Low
JE101618,0.0,,,0.3111,normal,0.1556,Low
JE103824,0.0,,,0.3112,normal,0.1556,Low
JE107846,0.0,,,0.3111,normal,0.1556,Low
JE106621,0.0,,,0.3111,normal,0.1556,Low
JE104757,0.0,,,0.3113,normal,0.1556,Low
JE100572,0.0,,,0.3111,normal,0.1556,Low
JE100074,0.0,,,0.3112,normal,0.1556,Low
JE106256,0.0,,,0.3109,normal,0.1554,Low
JE101178,0.0,,,0.3106,normal,0.1553,Low
JE106992,0.0,,,0.3105,normal,0.1552,Low
JE100149,0.0,,,0.3104,normal,0.1552,Low
JE107096,0.0,,,0.3105,normal,0.1552,Low
JE107344,0.0,,,0.3101,normal,0.155,Low
JE106977,0.0,,,0.31,normal,0.155,Low
JE101441,0.0,,,0.31,normal,0.155,Low
JE107186,0.0,,,0.3101,normal,0.155,Low
JE100147,0.0,,,0.3098,normal,0.1549,Low
JE106942,0.0,,,0.3098,normal,0.1549,Low
JE102089,0.0,,,0.3098,normal,0.1549,Low
JE106231,0.0,,,0.3096,normal,0.1548,Low
JE100121,0.0,,,0.3095,normal,0.1548,Low
JE104239,0.0,,,0.3095,normal,0.1548,Low
JE101735,0.0,,,0.3094,normal,0.1547,Low
JE105195,0.0,,,0.3093,normal,0.1546,Low
JE103348,0.0,,,0.3093,normal,0.1546,Low
JE103696,0.0,,,0.3092,normal,0.1546,Low
JE101839,0.0,,,0.3091,normal,0.1546,Low
JE107526,0.0,,,0.309,normal,0.1545,Low
JE105382,0.0,,,0.309,normal,0.1545,Low
JE104169,0.0,,,0.3088,normal,0.1544,Low
JE104007,0.0,,,0.3089,normal,0.1544,Low
JE107340,0.0,,,0.3087,normal,0.1543,Low
JE107035,0.0,,,0.3087,normal,0.1543,Low
JE102686,0.0,,,0.3087,normal,0.1543,Low
JE100188,0.0,,,0.3086,normal,0.1543,Low
JE107005,0.0,,,0.3087,normal,0.1543,Low
JE105679,0.0,,,0.3083,normal,0.1542,Low
JE103154,0.0,,,0.3085,normal,0.1542,Low
JE107840,0.0,,,0.3085,normal,0.1542,Low
JE103629,0.0,,,0.3083,normal,0.1542,Low
JE103363,0.0,,,0.3084,normal,0.1542,Low
JE102520,0.0,,,0.3082,normal,0.1541,Low
JE107740,0.0,,,0.3082,normal,0.1541,Low
JE101756,0.0,,,0.308,normal,0.154,Low
JE103126,0.0,,,0.3081,normal,0.154,Low
JE106105,0.0,,,0.3081,normal,0.154,Low
JE101918,0.0,,,0.308,normal,0.154,Low
JE105209,0.0,,,0.3081,normal,0.154,Low
JE104875,0.0,,,0.3079,normal,0.154,Low
JE103474,0.0,,,0.3081,normal,0.154,Low
JE103699,0.0,,,0.3077,normal,0.1538,Low
JE105174,0.0,,,0.3077,normal,0.1538,Low
JE100540,0.0,,,0.3075,normal,0.1538,Low
JE106268,0.0,,,0.3075,normal,0.1538,Low
JE106736,0.0,,,0.3077,normal,0.1538,Low
JE106865,0.0,,,0.3077,normal,0.1538,Low
JE106261,0.0,,,0.3077,normal,0.1538,Low
JE100998,0.0,,,0.3077,normal,0.1538,Low
JE100534,0.0,,,0.3076,normal,0.1538,Low
JE100668,0.0,,,0.3076,normal,0.1538,Low
JE100052,0.0,,,0.3074,normal,0.1537,Low
JE103235,0.0,,,0.3074,normal,0.1537,Low
JE103184,0.0,,,0.3073,normal,0.1536,Low
JE100632,0.0,,,0.3073,normal,0.1536,Low
JE100093,0.0,,,0.3072,normal,0.1536,Low
JE107481,0.0,,,0.3073,normal,0.1536,Low
JE101812,0.0,,,0.3073,normal,0.1536,Low
JE100133,0.0,,,0.3073,normal,0.1536,Low
JE104384,0.0,,,0.3071,normal,0.1536,Low
JE105442,0.0,,,0.3071,normal,0.1536,Low
JE104903,0.0,,,0.307,normal,0.1535,Low
JE103220,0.0,,,0.307,normal,0.1535,Low
JE107664,0.0,,,0.307,normal,0.1535,Low
JE107287,0.0,,,0.307,normal,0.1535,Low
JE106114,0.0,,,0.307,normal,0.1535,Low
JE102255,0.0,,,0.3068,normal,0.1534,Low
JE105595,0.0,,,0.3068,normal,0.1534,Low
JE101386,0.0,,,0.3068,normal,0.1534,Low
JE105840,0.0,,,0.3069,normal,0.1534,Low
JE107759,0.0,,,0.3066,normal,0.1533,Low
JE105136,0.0,,,0.3067,normal,0.1533,Low
JE102353,0.0,,,0.3063,normal,0.1532,Low
JE107636,0.0,,,0.3063,normal,0.1532,Low
JE100627,0.0,,,0.3065,normal,0.1532,Low
JE107718,0.0,,,0.3063,normal,0.1532,Low
JE101128,0.0,,,0.3065,normal,0.1532,Low
JE107423,0.0,,,0.3065,normal,0.1532,Low
JE107532,0.0,,,0.3062,normal,0.1531,Low
JE104289,0.0,,,0.3059,normal,0.153,Low
JE105613,0.0,,,0.3059,normal,0.153,Low
JE101155,0.0,,,0.3059,normal,0.153,Low
JE100885,0.0,,,0.3061,normal,0.153,Low
JE102998,0.0,,,0.306,normal,0.153,Low
JE105644,0.0,,,0.306,normal,0.153,Low
JE103980,0.0,,,0.3058,normal,0.1529,Low
JE100825,0.0,,,0.3057,normal,0.1529,Low
JE103397,0.0,,,0.3058,normal,0.1529,Low
JE106295,0.0,,,0.3057,normal,0.1529,Low
JE104594,0.0,,,0.3057,normal,0.1529,Low
JE105346,0.0,,,0.3058,normal,0.1529,Low
JE107910,0.0,,,0.3056,normal,0.1528,Low
JE105229,0.0,,,0.3054,normal,0.1527,Low
JE104576,0.0,,,0.3051,normal,0.1526,Low
JE102282,0.0,,,0.3052,normal,0.1526,Low
JE101766,0.0,,,0.3053,normal,0.1526,Low
JE107821,0.0,,,0.3053,normal,0.1526,Low
JE105282,0.0,,,0.305,normal,0.1525,Low
JE105185,0.0,,,0.305,normal,0.1525,Low
JE104422,0.0,,,0.305,normal,0.1525,Low
JE106194,0.0,,,0.3048,normal,0.1524,Low
JE100543,0.0,,,0.3049,normal,0.1524,Low
JE102146,0.0,,,0.3047,normal,0.1524,Low
JE107274,0.0,,,0.3048,normal,0.1524,Low
JE100822,0.0,,,0.3049,normal,0.1524,Low
JE107811,0.0,,,0.3049,normal,0.1524,Low
JE101840,0.0,,,0.3048,normal,0.1524,Low
JE102931,0.0,,,0.3049,normal,0.1524,Low
JE104729,0.0,,,0.3047,normal,0.1524,Low
JE104138,0.0,,,0.3046,normal,0.1523,Low
JE104149,0.0,,,0.3046,normal,0.1523,Low
JE103379,0.0,,,0.3045,normal,0.1522,Low
JE103544,0.0,,,0.3045,normal,0.1522,Low
JE101028,0.0,,,0.3044,normal,0.1522,Low
JE105641,0.0,,,0.3044,normal,0.1522,Low
JE107105,0.0,,,0.3045,normal,0.1522,Low
JE106577,0.0,,,0.3043,normal,0.1522,Low
JE101502,0.0,,,0.3044,normal,0.1522,Low
JE104012,0.0,,,0.3042,normal,0.1521,Low
JE107792,0.0,,,0.3042,normal,0.1521,Low
JE106267,0.0,,,0.3042,normal,0.1521,Low
JE100768,0.0,,,0.3039,normal,0.152,Low
JE101124,0.0,,,0.3041,normal,0.152,Low
JE104972,0.0,,,0.3039,normal,0.152,Low
JE102813,0.0,,,0.3039,normal,0.152,Low
JE104525,0.0,,,0.304,normal,0.152,Low
JE102867,0.0,,,0.304,normal,0.152,Low
JE102381,0.0,,,0.3039,normal,0.152,Low
JE104844,0.0,,,0.304,normal,0.152,Low
JE104009,0.0,,,0.3038,normal,0.1519,Low
JE105431,0.0,,,0.3038,normal,0.1519,Low
JE104240,0.0,,,0.3036,normal,0.1518,Low
JE106308,0.0,,,0.3035,normal,0.1518,Low
JE104242,0.0,,,0.3035,normal,0.1518,Low
JE104887,0.0,,,0.3035,normal,0.1518,Low
JE104634,0.0,,,0.3035,normal,0.1518,Low
JE105862,0.0,,,0.3034,normal,0.1517,Low
JE106797,0.0,,,0.3031,normal,0.1516,Low
JE104541,0.0,,,0.3032,normal,0.1516,Low
JE106733,0.0,,,0.3032,normal,0.1516,Low
JE107855,0.0,,,0.3032,normal,0.1516,Low
JE100271,0.0,,,0.3032,normal,0.1516,Low
JE107929,0.0,,,0.3031,normal,0.1516,Low
JE103799,0.0,,,0.3028,normal,0.1514,Low
JE105656,0.0,,,0.3028,normal,0.1514,Low
JE104387,0.0,,,0.3029,normal,0.1514,Low
JE105446,0.0,,,0.3027,normal,0.1514,Low
JE106769,0.0,,,0.3029,normal,0.1514,Low
JE101522,0.0,,,0.3026,normal,0.1513,Low
JE100132,0.0,,,0.3025,normal,0.1512,Low
JE106302,0.0,,,0.3024,normal,0.1512,Low
JE103981,0.0,,,0.3023,normal,0.1512,Low
JE103850,0.0,,,0.3024,normal,0.1512,Low
JE103606,0.0,,,0.3025,normal,0.1512,Low
JE107684,0.0,,,0.3022,normal,0.1511,Low
JE107221,0.0,,,0.302,normal,0.151,Low
JE107936,0.0,,,0.3019,normal,0.151,Low
JE100198,0.0,,,0.3021,normal,0.151,Low
JE100705,0.0,,,0.302,normal,0.151,Low
JE106116,0.0,,,0.302,normal,0.151,Low
JE104772,0.0,,,0.3021,normal,0.151,Low
JE104826,0.0,,,0.302,normal,0.151,Low
JE103560,0.0,,,0.3018,normal,0.1509,Low
JE103442,0.0,,,0.3018,normal,0.1509,Low
JE105541,0.0,,,0.3018,normal,0.1509,Low
JE101350,0.0,,,0.3016,normal,0.1508,Low
JE103715,0.0,,,0.3016,normal,0.1508,Low
JE106296,0.0,,,0.3016,normal,0.1508,Low
JE107178,0.0,,,0.3015,normal,0.1508,Low
JE101054,0.0,,,0.3012,normal,0.1506,Low
JE106299,0.0,,,0.3011,normal,0.1506,Low
JE106893,0.0,,,0.3013,normal,0.1506,Low
JE102225,0.0,,,0.3013,normal,0.1506,Low
JE103689,0.0,,,0.3012,normal,0.1506,Low
JE105380,0.0,,,0.3011,normal,0.1506,Low
JE105384,0.0,,,0.3012,normal,0.1506,Low
JE103451,0.0,,,0.301,normal,0.1505,Low
JE104765,0.0,,,0.301,normal,0.1505,Low
JE102122,0.0,,,0.3007,normal,0.1504,Low
JE105875,0.0,,,0.3007,normal,0.1504,Low
JE105946,0.0,,,0.3009,normal,0.1504,Low
JE104551,0.0,,,0.3007,normal,0.1504,Low
JE106324,0.0,,,0.3006,normal,0.1503,Low
JE101749,0.0,,,0.3006,normal,0.1503,Low
JE106816,0.0,,,0.3006,normal,0.1503,Low
JE102842,0.0,,,0.3006,normal,0.1503,Low
JE106034,0.0,,,0.3006,normal,0.1503,Low
JE102609,0.0,,,0.3004,normal,0.1502,Low
JE103133,0.0,,,0.3003,normal,0.1502,Low
JE102110,0.0,,,0.3005,normal,0.1502,Low
JE101901,0.0,,,0.3005,normal,0.1502,Low
JE105482,0.0,,,0.3003,normal,0.1502,Low
JE107955,0.0,,,0.3003,normal,0.1502,Low
JE101329,0.0,,,0.3004,normal,0.1502,Low
JE105492,0.0,,,0.3005,normal,0.1502,Low
JE104897,0.0,,,0.3005,normal,0.1502,Low
JE102514,0.0,,,0.3002,normal,0.1501,Low
JE103894,0.0,,,0.3002,normal,0.1501,Low
JE103257,0.0,,,0.3002,normal,0.1501,Low
JE107039,0.0,,,0.3,normal,0.15,Low
JE106979,0.0,,,0.2999,normal,0.15,Low
JE105360,0.0,,,0.2999,normal,0.15,Low
JE106313,0.0,,,0.2999,normal,0.15,Low
JE102133,0.0,,,0.3001,normal,0.15,Low
JE104753,0.0,,,0.2998,normal,0.1499,Low
JE104409,0.0,,,0.2998,normal,0.1499,Low
JE104474,0.0,,,0.2998,normal,0.1499,Low
JE101014,0.0,,,0.2998,normal,0.1499,Low
JE103648,0.0,,,0.2998,normal,0.1499,Low
JE104383,0.0,,,0.2996,normal,0.1498,Low
JE100072,0.0,,,0.2995,normal,0.1498,Low
JE104191,0.0,,,0.2995,normal,0.1498,Low
JE105792,0.0,,,0.2997,normal,0.1498,Low
JE103047,0.0,,,0.2996,normal,0.1498,Low
JE107009,0.0,,,0.2994,normal,0.1497,Low
JE101507,0.0,,,0.2994,normal,0.1497,Low
JE101240,0.0,,,0.2994,normal,0.1497,Low
JE101904,0.0,,,0.2992,normal,0.1496,Low
JE100609,0.0,,,0.2992,normal,0.1496,Low
JE105476,0.0,,,0.2992,normal,0.1496,Low
JE103918,0.0,,,0.2992,normal,0.1496,Low
JE106975,0.0,,,0.2993,normal,0.1496,Low
JE103826,0.0,,,0.2991,normal,0.1495,Low
JE105434,0.0,,,0.299,normal,0.1495,Low
JE101318,0.0,,,0.2991,normal,0.1495,Low
JE106249,0.0,,,0.299,normal,0.1495,Low
JE105727,0.0,,,0.2991,normal,0.1495,Low
JE103269,0.0,,,0.2991,normal,0.1495,Low
JE105815,0.0,,,0.2989,normal,0.1494,Low
JE101873,0.0,,,0.2986,normal,0.1493,Low
JE101964,0.0,,,0.2986,normal,0.1493,Low
JE100222,0.0,,,0.2983,normal,0.1492,Low
JE103325,0.0,,,0.2984,normal,0.1492,Low
JE105503,0.0,,,0.2984,normal,0.1492,Low
JE101653,0.0,,,0.2985,normal,0.1492,Low
JE104133,0.0,,,0.2983,normal,0.1492,Low
JE107880,0.0,,,0.2982,normal,0.1491,Low
JE104512,0.0,,,0.2982,normal,0.1491,Low
JE105795,0.0,,,0.2982,normal,0.1491,Low
JE106719,0.0,,,0.2982,normal,0.1491,Low
JE106218,0.0,,,0.2979,normal,0.149,Low
JE100179,0.0,,,0.2979,normal,0.149,Low
JE102120,0.0,,,0.2979,normal,0.149,Low
JE107582,0.0,,,0.2978,normal,0.1489,Low
JE104917,0.0,,,0.2978,normal,0.1489,Low
JE101170,0.0,,,0.2977,normal,0.1488,Low
JE102808,0.0,,,0.2975,normal,0.1488,Low
JE107001,0.0,,,0.2976,normal,0.1488,Low
JE104182,0.0,,,0.2976,normal,0.1488,Low
JE100363,0.0,,,0.2975,normal,0.1488,Low
JE102511,0.0,,,0.2974,normal,0.1487,Low
JE102315,0.0,,,0.2974,normal,0.1487,Low
JE101287,0.0,,,0.2974,normal,0.1487,Low
JE106359,0.0,,,0.2973,normal,0.1486,Low
JE101115,0.0,,,0.2972,normal,0.1486,Low
JE105882,0.0,,,0.2973,normal,0.1486,Low
JE100423,0.0,,,0.2972,normal,0.1486,Low
JE105378,0.0,,,0.297,normal,0.1485,Low
JE100367,0.0,,,0.297,normal,0.1485,Low
JE101402,0.0,,,0.2968,normal,0.1484,Low
JE107547,0.0,,,0.2968,normal,0.1484,Low
JE101242,0.0,,,0.2969,normal,0.1484,Low
JE105189,0.0,,,0.2969,normal,0.1484,Low
JE104353,0.0,,,0.2968,normal,0.1484,Low
JE103065,0.0,,,0.2969,normal,0.1484,Low
JE104119,0.0,,,0.2966,normal,0.1483,Low
JE106329,0.0,,,0.2966,normal,0.1483,Low
JE102031,0.0,,,0.2966,normal,0.1483,Low
JE100233,0.0,,,0.2966,normal,0.1483,Low
JE103148,0.0,,,0.2966,normal,0.1483,Low
JE106073,0.0,,,0.2966,normal,0.1483,Low
JE106125,0.0,,,0.2966,normal,0.1483,Low
JE101852,0.0,,,0.2964,normal,0.1482,Low
JE104945,0.0,,,0.2963,normal,0.1482,Low
JE100748,0.0,,,0.2965,normal,0.1482,Low
JE102242,0.0,,,0.2964,normal,0.1482,Low
JE106080,0.0,,,0.2965,normal,0.1482,Low
JE106963,0.0,,,0.2964,normal,0.1482,Low
JE105658,0.0,,,0.2963,normal,0.1482,Low
JE107339,0.0,,,0.2965,normal,0.1482,Low
JE107508,0.0,,,0.2962,normal,0.1481,Low
JE100716,0.0,,,0.2962,normal,0.1481,Low
JE103308,0.0,,,0.2961,normal,0.148,Low
JE104702,0.0,,,0.2959,normal,0.148,Low
JE101378,0.0,,,0.2959,normal,0.148,Low
JE105772,0.0,,,0.2961,normal,0.148,Low
JE106604,0.0,,,0.2961,normal,0.148,Low
JE104719,0.0,,,0.2959,normal,0.148,Low
JE101149,0.0,,,0.2961,normal,0.148,Low
JE102252,0.0,,,0.2955,normal,0.1478,Low
JE107157,0.0,,,0.2955,normal,0.1478,Low
JE100982,0.0,,,0.2956,normal,0.1478,Low
JE104031,0.0,,,0.2956,normal,0.1478,Low
JE103519,0.0,,,0.2955,normal,0.1478,Low
JE102287,0.0,,,0.2956,normal,0.1478,Low
JE100688,0.0,,,0.2954,normal,0.1477,Low
JE105213,0.0,,,0.2952,normal,0.1476,Low
JE107166,0.0,,,0.2953,normal,0.1476,Low
JE100251,0.0,,,0.2951,normal,0.1475,Low
JE102615,0.0,,,0.2951,normal,0.1475,Low
JE101737,0.0,,,0.2951,normal,0.1475,Low
JE100816,0.0,,,0.295,normal,0.1475,Low
JE107524,0.0,,,0.2949,normal,0.1474,Low
JE107158,0.0,,,0.2949,normal,0.1474,Low
JE105046,0.0,,,0.2947,normal,0.1474,Low
JE106521,0.0,,,0.2946,normal,0.1473,Low
JE103531,0.0,,,0.2946,normal,0.1473,Low
JE102330,0.0,,,0.2944,normal,0.1472,Low
JE105016,0.0,,,0.2943,normal,0.1472,Low
JE105160,0.0,,,0.2945,normal,0.1472,Low
JE102570,0.0,,,0.2945,normal,0.1472,Low
JE101817,0.0,,,0.2944,normal,0.1472,Low
JE104145,0.0,,,0.2944,normal,0.1472,Low
JE105435,0.0,,,0.2945,normal,0.1472,Low
JE100503,0.0,,,0.2939,normal,0.147,Low
JE102963,0.0,,,0.294,normal,0.147,Low
JE100260,0.0,,,0.2938,normal,0.1469,Low
JE106141,0.0,,,0.2938,normal,0.1469,Low
JE103487,0.0,,,0.2938,normal,0.1469,Low
JE106593,0.0,,,0.2938,normal,0.1469,Low
JE104807,0.0,,,0.2937,normal,0.1468,Low
JE101747,0.0,,,0.2937,normal,0.1468,Low
JE103254,0.0,,,0.2937,normal,0.1468,Low
JE107276,0.0,,,0.2936,normal,0.1468,Low
JE100165,0.0,,,0.2935,normal,0.1468,Low
JE106150,0.0,,,0.2937,normal,0.1468,Low
JE106355,0.0,,,0.2936,normal,0.1468,Low
JE103514,0.0,,,0.2936,normal,0.1468,Low
JE101112,0.0,,,0.2937,normal,0.1468,Low
JE106709,0.0,,,0.2936,normal,0.1468,Low
JE101487,0.0,,,0.2936,normal,0.1468,Low
JE105959,0.0,,,0.2934,normal,0.1467,Low
JE103751,0.0,,,0.2934,normal,0.1467,Low
JE106421,0.0,,,0.2934,normal,0.1467,Low
JE107471,0.0,,,0.2933,normal,0.1466,Low
JE100462,0.0,,,0.293,normal,0.1465,Low
JE105934,0.0,,,0.293,normal,0.1465,Low
JE104738,0.0,,,0.293,normal,0.1465,Low
JE100442,0.0,,,0.2927,normal,0.1464,Low
JE105173,0.0,,,0.2929,normal,0.1464,Low
JE103942,0.0,,,0.2928,normal,0.1464,Low
JE106325,0.0,,,0.2929,normal,0.1464,Low
JE104201,0.0,,,0.2926,normal,0.1463,Low
JE102136,0.0,,,0.2923,normal,0.1462,Low
JE101382,0.0,,,0.2925,normal,0.1462,Low
JE106234,0.0,,,0.2924,normal,0.1462,Low
JE106040,0.0,,,0.2923,normal,0.1462,Low
JE103443,0.0,,,0.2924,normal,0.1462,Low
JE105428,0.0,,,0.2925,normal,0.1462,Low
JE100289,0.0,,,0.2925,normal,0.1462,Low
JE102007,0.0,,,0.2924,normal,0.1462,Low
JE100935,0.0,,,0.2924,normal,0.1462,Low
JE107269,0.0,,,0.2925,normal,0.1462,Low
JE107962,0.0,,,0.2922,normal,0.1461,Low
JE101554,0.0,,,0.2921,normal,0.1461,Low
JE104866,0.0,,,0.2922,normal,0.1461,Low
JE107862,0.0,,,0.2922,normal,0.1461,Low
JE100303,0.0,,,0.292,normal,0.146,Low
JE100101,0.0,,,0.2919,normal,0.146,Low
JE100290,0.0,,,0.292,normal,0.146,Low
JE107212,0.0,,,0.2918,normal,0.1459,Low
JE107497,0.0,,,0.2918,normal,0.1459,Low
JE100401,0.0,,,0.2918,normal,0.1459,Low
JE101658,0.0,,,0.2917,normal,0.1458,Low
JE107048,0.0,,,0.2916,normal,0.1458,Low
JE106162,0.0,,,0.2916,normal,0.1458,Low
JE104029,0.0,,,0.2915,normal,0.1458,Low
JE107535,0.0,,,0.2915,normal,0.1458,Low
JE102253,0.0,,,0.2916,normal,0.1458,Low
JE105050,0.0,,,0.2916,normal,0.1458,Low
JE107836,0.0,,,0.2914,normal,0.1457,Low
JE101489,0.0,,,0.2914,normal,0.1457,Low
JE103539,0.0,,,0.2913,normal,0.1456,Low
JE107391,0.0,,,0.2911,normal,0.1456,Low
JE105693,0.0,,,0.2912,normal,0.1456,Low
JE103509,0.0,,,0.2913,normal,0.1456,Low
JE104736,0.0,,,0.291,normal,0.1455,Low
JE106597,0.0,,,0.291,normal,0.1455,Low
JE102032,0.0,,,0.2908,normal,0.1454,Low
JE107677,0.0,,,0.2907,normal,0.1454,Low
JE106423,0.0,,,0.2907,normal,0.1454,Low
JE102033,0.0,,,0.2907,normal,0.1454,Low
JE103786,0.0,,,0.2906,normal,0.1453,Low
JE107577,0.0,,,0.2903,normal,0.1452,Low
JE104606,0.0,,,0.2904,normal,0.1452,Low
JE104583,0.0,,,0.2903,normal,0.1452,Low
JE103564,0.0,,,0.2905,normal,0.1452,Low
JE105415,0.0,,,0.2905,normal,0.1452,Low
JE107203,0.0,,,0.2904,normal,0.1452,Low
JE107604,0.0,,,0.2904,normal,0.1452,Low
JE104128,0.0,,,0.2903,normal,0.1452,Low
JE107170,0.0,,,0.2903,normal,0.1452,Low
JE101411,0.0,,,0.2901,normal,0.1451,Low
JE103296,0.0,,,0.2902,normal,0.1451,Low
JE107525,0.0,,,0.2901,normal,0.1451,Low
JE106350,0.0,,,0.2901,normal,0.1451,Low
JE101858,0.0,,,0.2902,normal,0.1451,Low
JE103472,0.0,,,0.2902,normal,0.1451,Low
JE106132,0.0,,,0.2901,normal,0.1451,Low
JE106776,0.0,,,0.29,normal,0.145,Low
JE102263,0.0,,,0.29,normal,0.145,Low
JE103430,0.0,,,0.29,normal,0.145,Low
JE101448,0.0,,,0.2899,normal,0.145,Low
JE100008,0.0,,,0.29,normal,0.145,Low
JE103865,0.0,,,0.29,normal,0.145,Low
JE103102,0.0,,,0.2897,normal,0.1448,Low
JE105765,0.0,,,0.2895,normal,0.1448,Low
JE104715,0.0,,,0.2896,normal,0.1448,Low
JE101376,0.0,,,0.2896,normal,0.1448,Low
JE106638,0.0,,,0.2897,normal,0.1448,Low
JE107354,0.0,,,0.2894,normal,0.1447,Low
JE107913,0.0,,,0.2891,normal,0.1446,Low
JE107723,0.0,,,0.2892,normal,0.1446,Low
JE105017,0.0,,,0.2892,normal,0.1446,Low
JE104936,0.0,,,0.2891,normal,0.1446,Low
JE100124,0.0,,,0.2891,normal,0.1446,Low
JE100150,0.0,,,0.2893,normal,0.1446,Low
JE107075,0.0,,,0.2891,normal,0.1446,Low
JE104802,0.0,,,0.2887,normal,0.1444,Low
JE101833,0.0,,,0.2887,normal,0.1444,Low
JE104459,0.0,,,0.2886,normal,0.1443,Low
JE106868,0.0,,,0.2886,normal,0.1443,Low
JE103834,0.0,,,0.2883,normal,0.1442,Low
JE107359,0.0,,,0.2884,normal,0.1442,Low
JE101206,0.0,,,0.2883,normal,0.1442,Low
JE100635,0.0,,,0.2883,normal,0.1442,Low
JE102250,0.0,,,0.2882,normal,0.1441,Low
JE100738,0.0,,,0.2882,normal,0.1441,Low
JE100857,0.0,,,0.2882,normal,0.1441,Low
JE102226,0.0,,,0.288,normal,0.144,Low
JE102723,0.0,,,0.2879,normal,0.144,Low
JE102807,0.0,,,0.2879,normal,0.144,Low
JE105093,0.0,,,0.2881,normal,0.144,Low
JE106684,0.0,,,0.2879,normal,0.144,Low
JE104804,0.0,,,0.2878,normal,0.1439,Low
JE103447,0.0,,,0.2878,normal,0.1439,Low
JE101746,0.0,,,0.2876,normal,0.1438,Low
JE103037,0.0,,,0.2875,normal,0.1438,Low
JE107474,0.0,,,0.2875,normal,0.1438,Low
JE106254,0.0,,,0.2875,normal,0.1438,Low
JE107663,0.0,,,0.2876,normal,0.1438,Low
JE101009,0.0,,,0.2876,normal,0.1438,Low
JE105165,0.0,,,0.2877,normal,0.1438,Low
JE106886,0.0,,,0.2874,normal,0.1437,Low
JE101361,0.0,,,0.2874,normal,0.1437,Low
JE102205,0.0,,,0.2871,normal,0.1436,Low
JE101994,0.0,,,0.2871,normal,0.1436,Low
JE107425,0.0,,,0.2872,normal,0.1436,Low
JE106958,0.0,,,0.2871,normal,0.1436,Low
JE104735,0.0,,,0.2872,normal,0.1436,Low
JE107897,0.0,,,0.2871,normal,0.1436,Low
JE106989,0.0,,,0.287,normal,0.1435,Low
JE106554,0.0,,,0.2869,normal,0.1434,Low
JE101831,0.0,,,0.2867,normal,0.1434,Low
JE103704,0.0,,,0.2868,normal,0.1434,Low
JE100389,0.0,,,0.2867,normal,0.1434,Low
JE100005,0.0,,,0.2868,normal,0.1434,Low
JE107959,0.0,,,0.2868,normal,0.1434,Low
JE100516,0.0,,,0.2867,normal,0.1434,Low
JE104185,0.0,,,0.2866,normal,0.1433,Low
JE105921,0.0,,,0.2864,normal,0.1432,Low
JE100561,0.0,,,0.2864,normal,0.1432,Low
JE103028,0.0,,,0.2863,normal,0.1432,Low
JE100254,0.0,,,0.2865,normal,0.1432,Low
JE105925,0.0,,,0.2863,normal,0.1432,Low
JE105081,0.0,,,0.2863,normal,0.1432,Low
JE102884,0.0,,,0.2862,normal,0.1431,Low
JE104276,0.0,,,0.2862,normal,0.1431,Low
JE101928,0.0,,,0.2862,normal,0.1431,Low
JE102351,0.0,,,0.2862,normal,0.1431,Low
JE103140,0.0,,,0.2862,normal,0.1431,Low
JE105203,0.0,,,0.2861,normal,0.143,Low
JE104318,0.0,,,0.2861,normal,0.143,Low
JE106195,0.0,,,0.286,normal,0.143,Low
JE105285,0.0,,,0.2861,normal,0.143,Low
JE104660,0.0,,,0.2861,normal,0.143,Low
JE107271,0.0,,,0.2861,normal,0.143,Low
JE100942,0.0,,,0.2857,normal,0.1428,Low
JE104994,0.0,,,0.2857,normal,0.1428,Low
JE103052,0.0,,,0.2857,normal,0.1428,Low
JE102071,0.0,,,0.2856,normal,0.1428,Low
JE107443,0.0,,,0.2854,normal,0.1427,Low
JE102567,0.0,,,0.2854,normal,0.1427,Low
JE104480,0.0,,,0.2853,normal,0.1426,Low
JE100812,0.0,,,0.2852,normal,0.1426,Low
JE107201,0.0,,,0.2853,normal,0.1426,Low
JE104440,0.0,,,0.2853,normal,0.1426,Low
JE100585,0.0,,,0.2852,normal,0.1426,Low
JE105858,0.0,,,0.2853,normal,0.1426,Low
JE100146,0.0,,,0.2851,normal,0.1426,Low
JE102236,0.0,,,0.285,normal,0.1425,Low
JE106407,0.0,,,0.2847,normal,0.1424,Low
JE106680,0.0,,,0.2849,normal,0.1424,Low
JE103137,0.0,,,0.2849,normal,0.1424,Low
JE100486,0.0,,,0.2849,normal,0.1424,Low
JE105168,0.0,,,0.2848,normal,0.1424,Low
JE107511,0.0,,,0.2847,normal,0.1424,Low
JE106050,0.0,,,0.2848,normal,0.1424,Low
JE105510,0.0,,,0.2844,normal,0.1422,Low
JE106570,0.0,,,0.2845,normal,0.1422,Low
JE105982,0.0,,,0.2842,normal,0.1421,Low
JE103903,0.0,,,0.2842,normal,0.1421,Low
JE105180,0.0,,,0.2842,normal,0.1421,Low
JE106439,0.0,,,0.2841,normal,0.142,Low
JE103840,0.0,,,0.2839,normal,0.142,Low
JE104693,0.0,,,0.2839,normal,0.142,Low
JE100060,0.0,,,0.284,normal,0.142,Low
JE106135,0.0,,,0.2839,normal,0.142,Low
JE105302,0.0,,,0.2838,normal,0.1419,Low
JE100141,0.0,,,0.2838,normal,0.1419,Low
JE107216,0.0,,,0.2838,normal,0.1419,Low
JE106083,0.0,,,0.2838,normal,0.1419,Low
JE103821,0.0,,,0.2838,normal,0.1419,Low
JE103001,0.0,,,0.2836,normal,0.1418,Low
JE106730,0.0,,,0.2836,normal,0.1418,Low
JE105625,0.0,,,0.2837,normal,0.1418,Low
JE102413,0.0,,,0.2837,normal,0.1418,Low
JE105370,0.0,,,0.2836,normal,0.1418,Low
JE105796,0.0,,,0.2837,normal,0.1418,Low
JE106152,0.0,,,0.2834,normal,0.1417,Low
JE106035,0.0,,,0.2834,normal,0.1417,Low
JE106108,0.0,,,0.2834,normal,0.1417,Low
JE100549,0.0,,,0.2834,normal,0.1417,Low
JE105006,0.0,,,0.2833,normal,0.1416,Low
JE101179,0.0,,,0.2833,normal,0.1416,Low
JE101533,0.0,,,0.2833,normal,0.1416,Low
JE100329,0.0,,,0.2833,normal,0.1416,Low
JE104545,0.0,,,0.2832,normal,0.1416,Low
JE104099,0.0,,,0.2832,normal,0.1416,Low
JE106768,0.0,,,0.2832,normal,0.1416,Low
JE100947,0.0,,,0.2833,normal,0.1416,Low
JE101431,0.0,,,0.283,normal,0.1415,Low
JE105502,0.0,,,0.283,normal,0.1415,Low
JE100808,0.0,,,0.2829,normal,0.1414,Low
JE105268,0.0,,,0.2827,normal,0.1414,Low
JE105356,0.0,,,0.2827,normal,0.1414,Low
JE100692,0.0,,,0.2828,normal,0.1414,Low
JE102682,0.0,,,0.2826,normal,0.1413,Low
JE102752,0.0,,,0.2826,normal,0.1413,Low
JE104082,0.0,,,0.2825,normal,0.1412,Low
JE100087,0.0,,,0.2825,normal,0.1412,Low
JE100160,0.0,,,0.2823,normal,0.1412,Low
JE103179,0.0,,,0.2823,normal,0.1412,Low
JE105949,0.0,,,0.2824,normal,0.1412,Low
JE102116,0.0,,,0.2825,normal,0.1412,Low
JE104622,0.0,,,0.2823,normal,0.1412,Low
JE101250,0.0,,,0.2823,normal,0.1412,Low
JE103711,0.0,,,0.2821,normal,0.141,Low
JE103453,0.0,,,0.2821,normal,0.141,Low
JE103659,0.0,,,0.282,normal,0.141,Low
JE103449,0.0,,,0.2821,normal,0.141,Low
JE104611,0.0,,,0.282,normal,0.141,Low
JE103943,0.0,,,0.2821,normal,0.141,Low
JE106649,0.0,,,0.2819,normal,0.141,Low
JE102748,0.0,,,0.2818,normal,0.1409,Low
JE101392,0.0,,,0.2818,normal,0.1409,Low
JE100983,0.0,,,0.2818,normal,0.1409,Low
JE101980,0.0,,,0.2818,normal,0.1409,Low
JE104877,0.0,,,0.2818,normal,0.1409,Low
JE104526,0.0,,,0.2817,normal,0.1408,Low
JE102608,0.0,,,0.2817,normal,0.1408,Low
JE103256,0.0,,,0.2817,normal,0.1408,Low
JE107477,0.0,,,0.2817,normal,0.1408,Low
JE104731,0.0,,,0.2817,normal,0.1408,Low
JE101740,0.0,,,0.2816,normal,0.1408,Low
JE101541,0.0,,,0.2816,normal,0.1408,Low
JE103201,0.0,,,0.2816,normal,0.1408,Low
JE107888,0.0,,,0.2814,normal,0.1407,Low
JE105956,0.0,,,0.2814,normal,0.1407,Low
JE102641,0.0,,,0.2815,normal,0.1407,Low
JE100267,0.0,,,0.2814,normal,0.1407,Low
JE107079,0.0,,,0.2814,normal,0.1407,Low
JE101243,0.0,,,0.2814,normal,0.1407,Low
JE101108,0.0,,,0.2814,normal,0.1407,Low
JE102509,0.0,,,0.2814,normal,0.1407,Low
JE105289,0.0,,,0.2811,normal,0.1406,Low
JE106712,0.0,,,0.2811,normal,0.1406,Low
JE106398,0.0,,,0.2813,normal,0.1406,Low
JE102833,0.0,,,0.2813,normal,0.1406,Low
JE100579,0.0,,,0.281,normal,0.1405,Low
JE100192,0.0,,,0.281,normal,0.1405,Low
JE105803,0.0,,,0.2807,normal,0.1404,Low
JE106764,0.0,,,0.2808,normal,0.1404,Low
JE104372,0.0,,,0.2808,normal,0.1404,Low
JE103789,0.0,,,0.2809,normal,0.1404,Low
JE102557,0.0,,,0.2809,normal,0.1404,Low
JE101187,0.0,,,0.2807,normal,0.1404,Low
JE100273,0.0,,,0.2807,normal,0.1404,Low
JE101615,0.0,,,0.2807,normal,0.1404,Low
JE106910,0.0,,,0.2807,normal,0.1404,Low
JE106859,0.0,,,0.2809,normal,0.1404,Low
JE100034,0.0,,,0.2808,normal,0.1404,Low
JE102602,0.0,,,0.2805,normal,0.1403,Low
JE105083,0.0,,,0.2805,normal,0.1403,Low
JE103287,0.0,,,0.2805,normal,0.1403,Low
JE105155,0.0,,,0.2806,normal,0.1403,Low
JE103661,0.0,,,0.2806,normal,0.1403,Low
JE103414,0.0,,,0.2804,normal,0.1402,Low
JE105010,0.0,,,0.2803,normal,0.1402,Low
JE101775,0.0,,,0.2804,normal,0.1402,Low
JE106639,0.0,,,0.2804,normal,0.1402,Low
JE107808,0.0,,,0.2804,normal,0.1402,Low
JE107815,0.0,,,0.2804,normal,0.1402,Low
JE101610,0.0,,,0.2802,normal,0.1401,Low
JE105685,0.0,,,0.2801,normal,0.14,Low
JE106803,0.0,,,0.2801,normal,0.14,Low
JE107539,0.0,,,0.2801,normal,0.14,Low
JE104504,0.0,,,0.28,normal,0.14,Low
JE101327,0.0,,,0.28,normal,0.14,Low
JE101832,0.0,,,0.2799,normal,0.14,Low
JE106677,0.0,,,0.2801,normal,0.14,Low
JE107138,0.0,,,0.2798,normal,0.1399,Low
JE107502,0.0,,,0.2798,normal,0.1399,Low
JE102855,0.0,,,0.2795,normal,0.1398,Low
JE105905,0.0,,,0.2795,normal,0.1398,Low
JE101559,0.0,,,0.2796,normal,0.1398,Low
JE100776,0.0,,,0.2795,normal,0.1398,Low
JE107342,0.0,,,0.2797,normal,0.1398,Low
JE106112,0.0,,,0.2796,normal,0.1398,Low
JE103744,0.0,,,0.2797,normal,0.1398,Low
JE101619,0.0,,,0.2795,normal,0.1398,Low
JE101362,0.0,,,0.2794,normal,0.1397,Low
JE103139,0.0,,,0.2794,normal,0.1397,Low
JE102005,0.0,,,0.2794,normal,0.1397,Low
JE103522,0.0,,,0.2794,normal,0.1397,Low
JE103672,0.0,,,0.2794,normal,0.1397,Low
JE103557,0.0,,,0.2794,normal,0.1397,Low
JE106600,0.0,,,0.2792,normal,0.1396,Low
JE104794,0.0,,,0.2793,normal,0.1396,Low
JE107647,0.0,,,0.2792,normal,0.1396,Low
JE103178,0.0,,,0.2793,normal,0.1396,Low
JE102062,0.0,,,0.2793,normal,0.1396,Low
JE102578,0.0,,,0.279,normal,0.1395,Low
JE103076,0.0,,,0.279,normal,0.1395,Low
JE103580,0.0,,,0.279,normal,0.1395,Low
JE100630,0.0,,,0.279,normal,0.1395,Low
JE104118,0.0,,,0.279,normal,0.1395,Low
JE101089,0.0,,,0.2789,normal,0.1394,Low
JE104219,0.0,,,0.2788,normal,0.1394,Low
JE106708,0.0,,,0.2789,normal,0.1394,Low
JE102690,0.0,,,0.2789,normal,0.1394,Low
JE100211,0.0,,,0.2787,normal,0.1394,Low
JE105426,0.0,,,0.2788,normal,0.1394,Low
JE104374,0.0,,,0.2788,normal,0.1394,Low
JE100370,0.0,,,0.2786,normal,0.1393,Low
JE106097,0.0,,,0.2785,normal,0.1393,Low
JE107262,0.0,,,0.2784,normal,0.1392,Low
JE100022,0.0,,,0.2784,normal,0.1392,Low
JE107665,0.0,,,0.2783,normal,0.1392,Low
JE105405,0.0,,,0.2784,normal,0.1392,Low
JE103869,0.0,,,0.2783,normal,0.1392,Low
JE100554,0.0,,,0.2783,normal,0.1392,Low
JE106205,0.0,,,0.2783,normal,0.1392,Low
JE103473,0.0,,,0.2782,normal,0.1391,Low
JE103095,0.0,,,0.2782,normal,0.1391,Low
JE105933,0.0,,,0.2782,normal,0.1391,Low
JE103309,0.0,,,0.2781,normal,0.139,Low
JE105330,0.0,,,0.278,normal,0.139,Low
JE101685,0.0,,,0.2779,normal,0.139,Low
JE107795,0.0,,,0.2779,normal,0.139,Low
JE107871,0.0,,,0.278,normal,0.139,Low
JE101400,0.0,,,0.2779,normal,0.139,Low
JE106515,0.0,,,0.278,normal,0.139,Low
JE102053,0.0,,,0.278,normal,0.139,Low
JE105709,0.0,,,0.2778,normal,0.1389,Low
JE100358,0.0,,,0.2778,normal,0.1389,Low
JE100985,0.0,,,0.2776,normal,0.1388,Low
JE102767,0.0,,,0.2776,normal,0.1388,Low
JE102732,0.0,,,0.2776,normal,0.1388,Low
JE104867,0.0,,,0.2775,normal,0.1388,Low
JE106919,0.0,,,0.2777,normal,0.1388,Low
JE100120,0.0,,,0.2777,normal,0.1388,Low
JE104708,0.0,,,0.2776,normal,0.1388,Low
JE100202,0.0,,,0.2776,normal,0.1388,Low
JE100893,0.0,,,0.2776,normal,0.1388,Low
JE106877,0.0,,,0.2776,normal,0.1388,Low
JE102465,0.0,,,0.2775,normal,0.1388,Low
JE104456,0.0,,,0.2777,normal,0.1388,Low
JE101854,0.0,,,0.2775,normal,0.1388,Low
JE103853,0.0,,,0.2775,normal,0.1388,Low
JE107496,0.0,,,0.2774,normal,0.1387,Low
JE103005,0.0,,,0.2774,normal,0.1387,Low
JE103930,0.0,,,0.2774,normal,0.1387,Low
JE104503,0.0,,,0.2774,normal,0.1387,Low
JE101239,0.0,,,0.2771,normal,0.1386,Low
JE105839,0.0,,,0.2773,normal,0.1386,Low
JE101518,0.0,,,0.2772,normal,0.1386,Low
JE107337,0.0,,,0.2773,normal,0.1386,Low
JE101914,0.0,,,0.2773,normal,0.1386,Low
JE106598,0.0,,,0.2773,normal,0.1386,Low
JE105418,0.0,,,0.2773,normal,0.1386,Low
JE107177,0.0,,,0.2771,normal,0.1386,Low
JE107591,0.0,,,0.2771,normal,0.1386,Low
JE103545,0.0,,,0.2771,normal,0.1386,Low
JE105573,0.0,,,0.2772,normal,0.1386,Low
JE103232,0.0,,,0.2772,normal,0.1386,Low
JE101435,0.0,,,0.277,normal,0.1385,Low
JE107246,0.0,,,0.277,normal,0.1385,Low
JE100831,0.0,,,0.277,normal,0.1385,Low
JE100791,0.0,,,0.2768,normal,0.1384,Low
JE105090,0.0,,,0.2767,normal,0.1384,Low
JE107232,0.0,,,0.2767,normal,0.1384,Low
JE107569,0.0,,,0.2768,normal,0.1384,Low
JE101859,0.0,,,0.2769,normal,0.1384,Low
JE104065,0.0,,,0.2768,normal,0.1384,Low
JE102862,0.0,,,0.2769,normal,0.1384,Low
JE100895,0.0,,,0.2769,normal,0.1384,Low
JE105417,0.0,,,0.2769,normal,0.1384,Low
JE104464,0.0,,,0.2768,normal,0.1384,Low
JE105495,0.0,,,0.2766,normal,0.1383,Low
JE104776,0.0,,,0.2766,normal,0.1383,Low
JE104870,0.0,,,0.2763,normal,0.1382,Low
JE105132,0.0,,,0.2763,normal,0.1382,Low
JE107382,0.0,,,0.2763,normal,0.1382,Low
JE106322,0.0,,,0.2762,normal,0.1381,Low
JE102712,0.0,,,0.2762,normal,0.1381,Low
JE103570,0.0,,,0.2762,normal,0.1381,Low
JE107052,0.0,,,0.2762,normal,0.1381,Low
JE105381,0.0,,,0.2761,normal,0.138,Low
JE102066,0.0,,,0.276,normal,0.138,Low
JE101363,0.0,,,0.276,normal,0.138,Low
JE101809,0.0,,,0.276,normal,0.138,Low
JE102806,0.0,,,0.276,normal,0.138,Low
JE104073,0.0,,,0.2761,normal,0.138,Low
JE106388,0.0,,,0.2761,normal,0.138,Low
JE100405,0.0,,,0.276,normal,0.138,Low
JE103549,0.0,,,0.2759,normal,0.138,Low
JE102365,0.0,,,0.2758,normal,0.1379,Low
JE101804,0.0,,,0.2758,normal,0.1379,Low
JE102456,0.0,,,0.2758,normal,0.1379,Low
JE101331,0.0,,,0.2755,normal,0.1378,Low
JE102731,0.0,,,0.2755,normal,0.1378,Low
JE105263,0.0,,,0.2757,normal,0.1378,Low
JE104948,0.0,,,0.2756,normal,0.1378,Low
JE101988,0.0,,,0.2754,normal,0.1377,Low
JE102395,0.0,,,0.2754,normal,0.1377,Low
JE106550,0.0,,,0.2753,normal,0.1376,Low
JE103032,0.0,,,0.2752,normal,0.1376,Low
JE107367,0.0,,,0.2753,normal,0.1376,Low
JE103936,0.0,,,0.2751,normal,0.1376,Low
JE106518,0.0,,,0.275,normal,0.1375,Low
JE107999,0.0,,,0.2747,normal,0.1374,Low
JE106110,0.0,,,0.2749,normal,0.1374,Low
JE105170,0.0,,,0.2749,normal,0.1374,Low
JE106321,0.0,,,0.2747,normal,0.1374,Low
JE107543,0.0,,,0.2746,normal,0.1373,Low
JE107678,0.0,,,0.2746,normal,0.1373,Low
JE106536,0.0,,,0.2745,normal,0.1372,Low
JE104922,0.0,,,0.2744,normal,0.1372,Low
JE107510,0.0,,,0.2743,normal,0.1372,Low
JE102278,0.0,,,0.2745,normal,0.1372,Low
JE103176,0.0,,,0.2743,normal,0.1372,Low
JE107108,0.0,,,0.2745,normal,0.1372,Low
JE107087,0.0,,,0.2744,normal,0.1372,Low
JE100583,0.0,,,0.2745,normal,0.1372,Low
JE103116,0.0,,,0.2745,normal,0.1372,Low
JE107030,0.0,,,0.2743,normal,0.1372,Low
JE103941,0.0,,,0.2745,normal,0.1372,Low
JE106666,0.0,,,0.2742,normal,0.1371,Low
JE105977,0.0,,,0.2742,normal,0.1371,Low
JE105948,0.0,,,0.274,normal,0.137,Low
JE105123,0.0,,,0.2741,normal,0.137,Low
JE105512,0.0,,,0.2739,normal,0.1369,Low
JE107595,0.0,,,0.2739,normal,0.1369,Low
JE102362,0.0,,,0.2739,normal,0.1369,Low
JE101984,0.0,,,0.2739,normal,0.1369,Low
JE104580,0.0,,,0.2739,normal,0.1369,Low
JE105994,0.0,,,0.2738,normal,0.1369,Low
JE100097,0.0,,,0.2736,normal,0.1368,Low
JE104142,0.0,,,0.2734,normal,0.1367,Low
JE102356,0.0,,,0.2734,normal,0.1367,Low
JE105288,0.0,,,0.2731,normal,0.1366,Low
JE107393,0.0,,,0.2733,normal,0.1366,Low
JE102540,0.0,,,0.2731,normal,0.1366,Low
JE106371,0.0,,,0.2731,normal,0.1366,Low
JE103491,0.0,,,0.2731,normal,0.1366,Low
JE105657,0.0,,,0.2731,normal,0.1366,Low
JE104958,0.0,,,0.2733,normal,0.1366,Low
JE107685,0.0,,,0.2732,normal,0.1366,Low
JE102982,0.0,,,0.2732,normal,0.1366,Low
JE106301,0.0,,,0.273,normal,0.1365,Low
JE101073,0.0,,,0.273,normal,0.1365,Low
JE101235,0.0,,,0.2729,normal,0.1364,Low
JE105162,0.0,,,0.2729,normal,0.1364,Low
JE103350,0.0,,,0.2729,normal,0.1364,Low
JE102621,0.0,,,0.2729,normal,0.1364,Low
JE100699,0.0,,,0.2728,normal,0.1364,Low
JE103016,0.0,,,0.2726,normal,0.1363,Low
JE106438,0.0,,,0.2726,normal,0.1363,Low
JE104964,0.0,,,0.2723,normal,0.1362,Low
JE100429,0.0,,,0.2725,normal,0.1362,Low
JE104831,0.0,,,0.2723,normal,0.1362,Low
JE107349,0.0,,,0.2725,normal,0.1362,Low
JE102479,0.0,,,0.2724,normal,0.1362,Low
JE104884,0.0,,,0.2725,normal,0.1362,Low
JE104417,0.0,,,0.2725,normal,0.1362,Low
JE105911,0.0,,,0.2725,normal,0.1362,Low
JE104228,0.0,,,0.2723,normal,0.1362,Low
JE100417,0.0,,,0.2724,normal,0.1362,Low
JE104168,0.0,,,0.2725,normal,0.1362,Low
JE103382,0.0,,,0.2724,normal,0.1362,Low
JE106722,0.0,,,0.2723,normal,0.1362,Low
JE100051,0.0,,,0.2722,normal,0.1361,Low
JE100019,0.0,,,0.2722,normal,0.1361,Low
JE103617,0.0,,,0.272,normal,0.136,Low
JE105521,0.0,,,0.2721,normal,0.136,Low
JE103107,0.0,,,0.2721,normal,0.136,Low
JE106784,0.0,,,0.272,normal,0.136,Low
JE107093,0.0,,,0.272,normal,0.136,Low
JE106931,0.0,,,0.2718,normal,0.1359,Low
JE106619,0.0,,,0.2719,normal,0.1359,Low
JE104548,0.0,,,0.2718,normal,0.1359,Low
JE101993,0.0,,,0.2719,normal,0.1359,Low
JE100997,0.0,,,0.2718,normal,0.1359,Low
JE106396,0.0,,,0.2716,normal,0.1358,Low
JE102720,0.0,,,0.2716,normal,0.1358,Low
JE105540,0.0,,,0.2716,normal,0.1358,Low
JE103144,0.0,,,0.2717,normal,0.1358,Low
JE105667,0.0,,,0.2715,normal,0.1358,Low
JE100203,0.0,,,0.2715,normal,0.1358,Low
JE100658,0.0,,,0.2716,normal,0.1358,Low
JE105401,0.0,,,0.2714,normal,0.1357,Low
JE103039,0.0,,,0.2713,normal,0.1356,Low
JE104646,0.0,,,0.2712,normal,0.1356,Low
JE105320,0.0,,,0.2713,normal,0.1356,Low
JE102633,0.0,,,0.2712,normal,0.1356,Low
JE102407,0.0,,,0.2711,normal,0.1356,Low
JE107834,0.0,,,0.271,normal,0.1355,Low
JE105039,0.0,,,0.271,normal,0.1355,Low
JE100736,0.0,,,0.2708,normal,0.1354,Low
JE102154,0.0,,,0.2708,normal,0.1354,Low
JE107701,0.0,,,0.2709,normal,0.1354,Low
JE102821,0.0,,,0.2709,normal,0.1354,Low
JE101936,0.0,,,0.2706,normal,0.1353,Low
JE106262,0.0,,,0.2703,normal,0.1352,Low
JE101036,0.0,,,0.2703,normal,0.1352,Low
JE103966,0.0,,,0.2705,normal,0.1352,Low
JE104724,0.0,,,0.2703,normal,0.1352,Low
JE102751,0.0,,,0.2705,normal,0.1352,Low
JE103136,0.0,,,0.2704,normal,0.1352,Low
JE100842,0.0,,,0.2705,normal,0.1352,Low
JE104612,0.0,,,0.2704,normal,0.1352,Low
JE103734,0.0,,,0.2702,normal,0.1351,Low
JE103701,0.0,,,0.2702,normal,0.1351,Low
JE100600,0.0,,,0.2702,normal,0.1351,Low
JE104424,0.0,,,0.2702,normal,0.1351,Low
JE105892,0.0,,,0.2702,normal,0.1351,Low
JE101847,0.0,,,0.27,normal,0.135,Low
JE101062,0.0,,,0.27,normal,0.135,Low
JE107864,0.0,,,0.27,normal,0.135,Low
JE105780,0.0,,,0.2701,normal,0.135,Low
JE102952,0.0,,,0.27,normal,0.135,Low
JE106689,0.0,,,0.2701,normal,0.135,Low
JE102907,0.0,,,0.2701,normal,0.135,Low
JE101340,0.0,,,0.2698,normal,0.1349,Low
JE103671,0.0,,,0.2699,normal,0.1349,Low
JE104382,0.0,,,0.2698,normal,0.1349,Low
JE100989,0.0,,,0.2699,normal,0.1349,Low
JE103092,0.0,,,0.2698,normal,0.1349,Low
JE104681,0.0,,,0.2698,normal,0.1349,Low
JE107184,0.0,,,0.2698,normal,0.1349,Low
JE103147,0.0,,,0.2699,normal,0.1349,Low
JE102830,0.0,,,0.2699,normal,0.1349,Low
JE105653,0.0,,,0.2696,normal,0.1348,Low
JE104832,0.0,,,0.2696,normal,0.1348,Low
JE102261,0.0,,,0.2696,normal,0.1348,Low
JE101344,0.0,,,0.2695,normal,0.1348,Low
JE107215,0.0,,,0.2696,normal,0.1348,Low
JE107191,0.0,,,0.2694,normal,0.1347,Low
JE101863,0.0,,,0.2694,normal,0.1347,Low
JE101589,0.0,,,0.2694,normal,0.1347,Low
JE103614,0.0,,,0.2691,normal,0.1346,Low
JE102023,0.0,,,0.2692,normal,0.1346,Low
JE102639,0.0,,,0.2693,normal,0.1346,Low
JE106230,0.0,,,0.2692,normal,0.1346,Low
JE103268,0.0,,,0.2692,normal,0.1346,Low
JE104701,0.0,,,0.2692,normal,0.1346,Low
JE106675,0.0,,,0.2692,normal,0.1346,Low
JE100745,0.0,,,0.2691,normal,0.1346,Low
JE103777,0.0,,,0.2692,normal,0.1346,Low
JE102248,0.0,,,0.2693,normal,0.1346,Low
JE100412,0.0,,,0.2693,normal,0.1346,Low
JE107036,0.0,,,0.269,normal,0.1345,Low
JE106009,0.0,,,0.2689,normal,0.1344,Low
JE104921,0.0,,,0.2688,normal,0.1344,Low
JE100021,0.0,,,0.2689,normal,0.1344,Low
JE105497,0.0,,,0.2687,normal,0.1344,Low
JE104008,0.0,,,0.2687,normal,0.1344,Low
JE103171,0.0,,,0.2687,normal,0.1344,Low
JE106629,0.0,,,0.2688,normal,0.1344,Low
JE100193,0.0,,,0.2686,normal,0.1343,Low
JE103273,0.0,,,0.2684,normal,0.1342,Low
JE100752,0.0,,,0.2684,normal,0.1342,Low
JE101985,0.0,,,0.2685,normal,0.1342,Low
JE103262,0.0,,,0.2684,normal,0.1342,Low
JE103856,0.0,,,0.2685,normal,0.1342,Low
JE104173,0.0,,,0.2684,normal,0.1342,Low
JE107074,0.0,,,0.2684,normal,0.1342,Low
JE100321,0.0,,,0.2685,normal,0.1342,Low
JE107320,0.0,,,0.2685,normal,0.1342,Low
JE105368,0.0,,,0.2685,normal,0.1342,Low
JE102354,0.0,,,0.2682,normal,0.1341,Low
JE102025,0.0,,,0.268,normal,0.134,Low
JE106948,0.0,,,0.268,normal,0.134,Low
JE104991,0.0,,,0.268,normal,0.134,Low
JE105089,0.0,,,0.268,normal,0.134,Low
JE105666,0.0,,,0.2681,normal,0.134,Low
JE107585,0.0,,,0.268,normal,0.134,Low
JE107971,0.0,,,0.2681,normal,0.134,Low
JE104036,0.0,,,0.2678,normal,0.1339,Low
JE103007,0.0,,,0.2678,normal,0.1339,Low
JE107804,0.0,,,0.2678,normal,0.1339,Low
JE105628,0.0,,,0.2675,normal,0.1338,Low
JE106339,0.0,,,0.2677,normal,0.1338,Low
JE102904,0.0,,,0.2677,normal,0.1338,Low
JE103444,0.0,,,0.2676,normal,0.1338,Low
JE100657,0.0,,,0.2676,normal,0.1338,Low
JE101937,0.0,,,0.2675,normal,0.1338,Low
JE100800,0.0,,,0.2676,normal,0.1338,Low
JE102339,0.0,,,0.2677,normal,0.1338,Low
JE106222,0.0,,,0.2677,normal,0.1338,Low
JE103000,0.0,,,0.2674,normal,0.1337,Low
JE107379,0.0,,,0.2674,normal,0.1337,Low
JE101305,0.0,,,0.2674,normal,0.1337,Low
JE104608,0.0,,,0.2674,normal,0.1337,Low
JE105623,0.0,,,0.2674,normal,0.1337,Low
JE102178,0.0,,,0.2674,normal,0.1337,Low
JE107549,0.0,,,0.2674,normal,0.1337,Low
JE106960,0.0,,,0.2672,normal,0.1336,Low
JE104664,0.0,,,0.2672,normal,0.1336,Low
JE102700,0.0,,,0.2672,normal,0.1336,Low
JE101290,0.0,,,0.2673,normal,0.1336,Low
JE106187,0.0,,,0.2671,normal,0.1336,Low
JE104351,0.0,,,0.2669,normal,0.1335,Low
JE105554,0.0,,,0.267,normal,0.1335,Low
JE104115,0.0,,,0.267,normal,0.1335,Low
JE101222,0.0,,,0.2667,normal,0.1334,Low
JE105600,0.0,,,0.2667,normal,0.1334,Low
JE105603,0.0,,,0.2668,normal,0.1334,Low
JE107111,0.0,,,0.2668,normal,0.1334,Low
JE102564,0.0,,,0.2667,normal,0.1334,Low
JE102426,0.0,,,0.2667,normal,0.1334,Low
JE105914,0.0,,,0.2663,normal,0.1332,Low
JE103822,0.0,,,0.2664,normal,0.1332,Low
JE107453,0.0,,,0.2663,normal,0.1332,Low
JE102167,0.0,,,0.2664,normal,0.1332,Low
JE104266,0.0,,,0.2663,normal,0.1332,Low
JE102999,0.0,,,0.2664,normal,0.1332,Low
JE100240,0.0,,,0.2663,normal,0.1332,Low
JE102390,0.0,,,0.2663,normal,0.1332,Low
JE100238,0.0,,,0.2663,normal,0.1332,Low
JE106553,0.0,,,0.2662,normal,0.1331,Low
JE102629,0.0,,,0.2662,normal,0.1331,Low
JE100205,0.0,,,0.2661,normal,0.133,Low
JE102259,0.0,,,0.2659,normal,0.133,Low
JE105844,0.0,,,0.2659,normal,0.133,Low
JE102530,0.0,,,0.2659,normal,0.133,Low
JE100992,0.0,,,0.266,normal,0.133,Low
JE105376,0.0,,,0.2659,normal,0.133,Low
JE103712,0.0,,,0.2659,normal,0.133,Low
JE103729,0.0,,,0.2658,normal,0.1329,Low
JE104507,0.0,,,0.2658,normal,0.1329,Low
JE100620,0.0,,,0.2658,normal,0.1329,Low
JE100917,0.0,,,0.2657,normal,0.1328,Low
JE106241,0.0,,,0.2655,normal,0.1328,Low
JE105456,0.0,,,0.2655,normal,0.1328,Low
JE102675,0.0,,,0.2656,normal,0.1328,Low
JE105167,0.0,,,0.2655,normal,0.1328,Low
JE106422,0.0,,,0.2656,normal,0.1328,Low
JE105539,0.0,,,0.2654,normal,0.1327,Low
JE107671,0.0,,,0.2654,normal,0.1327,Low
JE105216,0.0,,,0.2654,normal,0.1327,Low
JE103244,0.0,,,0.2654,normal,0.1327,Low
JE100422,0.0,,,0.2652,normal,0.1326,Low
JE101972,0.0,,,0.2653,normal,0.1326,Low
JE101879,0.0,,,0.2653,normal,0.1326,Low
JE101410,0.0,,,0.2651,normal,0.1326,Low
JE107061,0.0,,,0.265,normal,0.1325,Low
JE106123,0.0,,,0.265,normal,0.1325,Low
JE105868,0.0,,,0.265,normal,0.1325,Low
JE101224,0.0,,,0.265,normal,0.1325,Low
JE106699,0.0,,,0.265,normal,0.1325,Low
JE102249,0.0,,,0.2649,normal,0.1325,Low
JE105448,0.0,,,0.2647,normal,0.1324,Low
JE100377,0.0,,,0.2648,normal,0.1324,Low
JE100966,0.0,,,0.2648,normal,0.1324,Low
JE104136,0.0,,,0.2647,normal,0.1324,Low
JE107257,0.0,,,0.2647,normal,0.1324,Low
JE107427,0.0,,,0.2646,normal,0.1323,Low
JE101741,0.0,,,0.2646,normal,0.1323,Low
JE104793,0.0,,,0.2646,normal,0.1323,Low
JE104379,0.0,,,0.2646,normal,0.1323,Low
JE107848,0.0,,,0.2644,normal,0.1322,Low
JE102614,0.0,,,0.2643,normal,0.1322,Low
JE106925,0.0,,,0.2644,normal,0.1322,Low
JE103003,0.0,,,0.2644,normal,0.1322,Low
JE101890,0.0,,,0.2644,normal,0.1322,Low
JE102852,0.0,,,0.2645,normal,0.1322,Low
JE102441,0.0,,,0.2643,normal,0.1322,Low
JE100960,0.0,,,0.2644,normal,0.1322,Low
JE107455,0.0,,,0.2643,normal,0.1322,Low
JE101772,0.0,,,0.2643,normal,0.1322,Low
JE105321,0.0,,,0.2642,normal,0.1321,Low
JE100460,0.0,,,0.2642,normal,0.1321,Low
JE105343,0.0,,,0.2642,normal,0.1321,Low
JE102709,0.0,,,0.264,normal,0.132,Low
JE101173,0.0,,,0.2639,normal,0.132,Low
JE105198,0.0,,,0.2641,normal,0.132,Low
JE105873,0.0,,,0.2639,normal,0.132,Low
JE102443,0.0,,,0.264,normal,0.132,Low
JE100217,0.0,,,0.2641,normal,0.132,Low
JE103602,0.0,,,0.264,normal,0.132,Low
JE100431,0.0,,,0.264,normal,0.132,Low
JE105274,0.0,,,0.2639,normal,0.132,Low
JE107144,0.0,,,0.2638,normal,0.1319,Low
JE103249,0.0,,,0.2638,normal,0.1319,Low
JE104157,0.0,,,0.2638,normal,0.1319,Low
JE101214,0.0,,,0.2638,normal,0.1319,Low
JE104933,0.0,,,0.2637,normal,0.1318,Low
JE107954,0.0,,,0.2636,normal,0.1318,Low
JE101119,0.0,,,0.2635,normal,0.1318,Low
JE100571,0.0,,,0.2635,normal,0.1318,Low
JE106488,0.0,,,0.2637,normal,0.1318,Low
JE102081,0.0,,,0.2635,normal,0.1318,Low
JE106854,0.0,,,0.2634,normal,0.1317,Low
JE100685,0.0,,,0.2634,normal,0.1317,Low
JE103305,0.0,,,0.2634,normal,0.1317,Low
JE105094,0.0,,,0.2633,normal,0.1316,Low
JE100242,0.0,,,0.2631,normal,0.1316,Low
JE105822,0.0,,,0.2632,normal,0.1316,Low
JE102298,0.0,,,0.2631,normal,0.1316,Low
JE107943,0.0,,,0.2633,normal,0.1316,Low
JE103663,0.0,,,0.2633,normal,0.1316,Low
JE107449,0.0,,,0.2631,normal,0.1316,Low
JE102793,0.0,,,0.2633,normal,0.1316,Low
JE105487,0.0,,,0.2631,normal,0.1316,Low
JE102964,0.0,,,0.2631,normal,0.1316,Low
JE106569,0.0,,,0.263,normal,0.1315,Low
JE101728,0.0,,,0.2627,normal,0.1314,Low
JE107143,0.0,,,0.2629,normal,0.1314,Low
JE106451,0.0,,,0.2628,normal,0.1314,Low
JE100608,0.0,,,0.2627,normal,0.1314,Low
JE104929,0.0,,,0.2629,normal,0.1314,Low
JE105609,0.0,,,0.2628,normal,0.1314,Low
JE107641,0.0,,,0.2629,normal,0.1314,Low
JE104891,0.0,,,0.2628,normal,0.1314,Low
JE107416,0.0,,,0.2626,normal,0.1313,Low
JE105024,0.0,,,0.2626,normal,0.1313,Low
JE103328,0.0,,,0.2624,normal,0.1312,Low
JE105584,0.0,,,0.2624,normal,0.1312,Low
JE101827,0.0,,,0.2624,normal,0.1312,Low
JE104909,0.0,,,0.2625,normal,0.1312,Low
JE104768,0.0,,,0.2623,normal,0.1312,Low
JE102477,0.0,,,0.2623,normal,0.1312,Low
JE106100,0.0,,,0.2623,normal,0.1312,Low
JE105255,0.0,,,0.2624,normal,0.1312,Low
JE104597,0.0,,,0.2623,normal,0.1312,Low
JE104769,0.0,,,0.2622,normal,0.1311,Low
JE107782,0.0,,,0.2622,normal,0.1311,Low
JE100944,0.0,,,0.2622,normal,0.1311,Low
JE102145,0.0,,,0.2622,normal,0.1311,Low
JE103608,0.0,,,0.2621,normal,0.131,Low
JE100936,0.0,,,0.262,normal,0.131,Low
JE106831,0.0,,,0.262,normal,0.131,Low
JE100576,0.0,,,0.2621,normal,0.131,Low
JE105897,0.0,,,0.2621,normal,0.131,Low
JE103389,0.0,,,0.2621,normal,0.131,Low
JE104278,0.0,,,0.262,normal,0.131,Low
JE103298,0.0,,,0.2619,normal,0.131,Low
JE106547,0.0,,,0.262,normal,0.131,Low
JE105612,0.0,,,0.2619,normal,0.131,Low
JE104859,0.0,,,0.2618,normal,0.1309,Low
JE100837,0.0,,,0.2618,normal,0.1309,Low
JE105064,0.0,,,0.2618,normal,0.1309,Low
JE103224,0.0,,,0.2618,normal,0.1309,Low
JE103209,0.0,,,0.2618,normal,0.1309,Low
JE104354,0.0,,,0.2618,normal,0.1309,Low
JE100679,0.0,,,0.2618,normal,0.1309,Low
JE102848,0.0,,,0.2618,normal,0.1309,Low
JE105557,0.0,,,0.2615,normal,0.1308,Low
JE102859,0.0,,,0.2616,normal,0.1308,Low
JE101156,0.0,,,0.2615,normal,0.1308,Low
JE100215,0.0,,,0.2617,normal,0.1308,Low
JE101488,0.0,,,0.2616,normal,0.1308,Low
JE102652,0.0,,,0.2615,normal,0.1308,Low
JE104123,0.0,,,0.2617,normal,0.1308,Low
JE101563,0.0,,,0.2616,normal,0.1308,Low
JE106834,0.0,,,0.2617,normal,0.1308,Low
JE101449,0.0,,,0.2617,normal,0.1308,Low
JE106903,0.0,,,0.2615,normal,0.1308,Low
JE105257,0.0,,,0.2614,normal,0.1307,Low
JE107113,0.0,,,0.2614,normal,0.1307,Low
JE101455,0.0,,,0.2614,normal,0.1307,Low
JE102870,0.0,,,0.2614,normal,0.1307,Low
JE107919,0.0,,,0.2611,normal,0.1306,Low
JE103152,0.0,,,0.2613,normal,0.1306,Low
JE101750,0.0,,,0.2612,normal,0.1306,Low
JE105947,0.0,,,0.2611,normal,0.1306,Low
JE105052,0.0,,,0.2612,normal,0.1306,Low
JE100365,0.0,,,0.2612,normal,0.1306,Low
JE103099,0.0,,,0.2611,normal,0.1306,Low
JE106564,0.0,,,0.2611,normal,0.1306,Low
JE102469,0.0,,,0.261,normal,0.1305,Low
JE105408,0.0,,,0.2608,normal,0.1304,Low
JE103582,0.0,,,0.2608,normal,0.1304,Low
JE104024,0.0,,,0.2608,normal,0.1304,Low
JE101483,0.0,,,0.2609,normal,0.1304,Low
JE100818,0.0,,,0.2607,normal,0.1304,Low
JE101182,0.0,,,0.2609,normal,0.1304,Low
JE101356,0.0,,,0.2609,normal,0.1304,Low
JE104307,0.0,,,0.2607,normal,0.1304,Low
JE102408,0.0,,,0.2607,normal,0.1304,Low
JE100468,0.0,,,0.2607,normal,0.1304,Low
JE105141,0.0,,,0.2608,normal,0.1304,Low
JE104399,0.0,,,0.2609,normal,0.1304,Low
JE107672,0.0,,,0.2606,normal,0.1303,Low
JE103551,0.0,,,0.2606,normal,0.1303,Low
JE100063,0.0,,,0.2606,normal,0.1303,Low
JE105907,0.0,,,0.2605,normal,0.1302,Low
JE107856,0.0,,,0.2604,normal,0.1302,Low
JE100672,0.0,,,0.2605,normal,0.1302,Low
JE104205,0.0,,,0.2605,normal,0.1302,Low
JE106735,0.0,,,0.2604,normal,0.1302,Low
JE104337,0.0,,,0.2605,normal,0.1302,Low
JE102816,0.0,,,0.2605,normal,0.1302,Low
JE103982,0.0,,,0.2605,normal,0.1302,Low
JE104180,0.0,,,0.2602,normal,0.1301,Low
JE107722,0.0,,,0.2603,normal,0.1301,Low
JE100722,0.0,,,0.2603,normal,0.1301,Low
JE105725,0.0,,,0.2602,normal,0.1301,Low
JE100475,0.0,,,0.2603,normal,0.1301,Low
JE100478,0.0,,,0.2602,normal,0.1301,Low
JE107901,0.0,,,0.26,normal,0.13,Low
JE106945,0.0,,,0.2599,normal,0.13,Low
JE100898,0.0,,,0.2599,normal,0.13,Low
JE106158,0.0,,,0.26,normal,0.13,Low
JE103864,0.0,,,0.2601,normal,0.13,Low
JE107830,0.0,,,0.2599,normal,0.13,Low
JE103579,0.0,,,0.2601,normal,0.13,Low
JE104369,0.0,,,0.2599,normal,0.13,Low
JE105686,0.0,,,0.2599,normal,0.13,Low
JE106961,0.0,,,0.2601,normal,0.13,Low
JE103380,0.0,,,0.2598,normal,0.1299,Low
JE103157,0.0,,,0.2598,normal,0.1299,Low
JE101906,0.0,,,0.2598,normal,0.1299,Low
JE101457,0.0,,,0.2598,normal,0.1299,Low
JE107761,0.0,,,0.2598,normal,0.1299,Low
JE107869,0.0,,,0.2598,normal,0.1299,Low
JE102730,0.0,,,0.2598,normal,0.1299,Low
JE103181,0.0,,,0.2597,normal,0.1298,Low
JE105663,0.0,,,0.2596,normal,0.1298,Low
JE101184,0.0,,,0.2595,normal,0.1298,Low
JE105648,0.0,,,0.2595,normal,0.1298,Low
JE107650,0.0,,,0.2597,normal,0.1298,Low
JE105997,0.0,,,0.2595,normal,0.1298,Low
JE103105,0.0,,,0.2597,normal,0.1298,Low
JE103862,0.0,,,0.2596,normal,0.1298,Low
JE106003,0.0,,,0.2595,normal,0.1298,Low
JE103503,0.0,,,0.2595,normal,0.1298,Low
JE107616,0.0,,,0.2594,normal,0.1297,Low
JE104004,0.0,,,0.2594,normal,0.1297,Low
JE101997,0.0,,,0.2594,normal,0.1297,Low
JE101417,0.0,,,0.2594,normal,0.1297,Low
JE102727,0.0,,,0.2594,normal,0.1297,Low
JE107816,0.0,,,0.2591,normal,0.1296,Low
JE105723,0.0,,,0.2592,normal,0.1296,Low
JE106175,0.0,,,0.2592,normal,0.1296,Low
JE104973,0.0,,,0.2591,normal,0.1296,Low
JE102538,0.0,,,0.2593,normal,0.1296,Low
JE105756,0.0,,,0.2593,normal,0.1296,Low
JE103639,0.0,,,0.2593,normal,0.1296,Low
JE104923,0.0,,,0.2591,normal,0.1296,Low
JE106867,0.0,,,0.2591,normal,0.1296,Low
JE104878,0.0,,,0.2591,normal,0.1296,Low
JE105636,0.0,,,0.2587,normal,0.1294,Low
JE100954,0.0,,,0.2588,normal,0.1294,Low
JE102162,0.0,,,0.2589,normal,0.1294,Low
JE106634,0.0,,,0.2588,normal,0.1294,Low
JE106312,0.0,,,0.2588,normal,0.1294,Low
JE105535,0.0,,,0.2589,normal,0.1294,Low
JE105878,0.0,,,0.2587,normal,0.1294,Low
JE100750,0.0,,,0.2587,normal,0.1294,Low
JE101848,0.0,,,0.2589,normal,0.1294,Low
JE101216,0.0,,,0.2586,normal,0.1293,Low
JE105596,0.0,,,0.2586,normal,0.1293,Low
JE103565,0.0,,,0.2586,normal,0.1293,Low
JE102102,0.0,,,0.2586,normal,0.1293,Low
JE100055,0.0,,,0.2586,normal,0.1293,Low
JE106538,0.0,,,0.2585,normal,0.1292,Low
JE102706,0.0,,,0.2584,normal,0.1292,Low
JE100183,0.0,,,0.2584,normal,0.1292,Low
JE100048,0.0,,,0.2585,normal,0.1292,Low
JE103070,0.0,,,0.2584,normal,0.1292,Low
JE104218,0.0,,,0.2582,normal,0.1291,Low
JE104600,0.0,,,0.2582,normal,0.1291,Low
JE105214,0.0,,,0.2582,normal,0.1291,Low
JE101814,0.0,,,0.2582,normal,0.1291,Low
JE100315,0.0,,,0.2582,normal,0.1291,Low
JE103616,0.0,,,0.2583,normal,0.1291,Low
JE105775,0.0,,,0.2583,normal,0.1291,Low
JE105620,0.0,,,0.2583,normal,0.1291,Low
JE105886,0.0,,,0.258,normal,0.129,Low
JE106344,0.0,,,0.258,normal,0.129,Low
JE106792,0.0,,,0.258,normal,0.129,Low
JE107049,0.0,,,0.258,normal,0.129,Low
JE100671,0.0,,,0.258,normal,0.129,Low
JE101452,0.0,,,0.258,normal,0.129,Low
JE103044,0.0,,,0.258,normal,0.129,Low
JE105101,0.0,,,0.2578,normal,0.1289,Low
JE103212,0.0,,,0.2578,normal,0.1289,Low
JE106211,0.0,,,0.2578,normal,0.1289,Low
JE102838,0.0,,,0.2578,normal,0.1289,Low
JE102478,0.0,,,0.2578,normal,0.1289,Low
JE101723,0.0,,,0.2575,normal,0.1288,Low
JE101037,0.0,,,0.2575,normal,0.1288,Low
JE102227,0.0,,,0.2575,normal,0.1288,Low
JE104574,0.0,,,0.2577,normal,0.1288,Low
JE101163,0.0,,,0.2577,normal,0.1288,Low
JE106065,0.0,,,0.2575,normal,0.1288,Low
JE107977,0.0,,,0.2577,normal,0.1288,Low
JE106290,0.0,,,0.2576,normal,0.1288,Low
JE103597,0.0,,,0.2574,normal,0.1287,Low
JE102824,0.0,,,0.2574,normal,0.1287,Low
JE104152,0.0,,,0.2574,normal,0.1287,Low
JE102290,0.0,,,0.2574,normal,0.1287,Low
JE102774,0.0,,,0.2574,normal,0.1287,Low
JE100941,0.0,,,0.2574,normal,0.1287,Low
JE102745,0.0,,,0.2574,normal,0.1287,Low
JE101745,0.0,,,0.2574,normal,0.1287,Low
JE102604,0.0,,,0.2572,normal,0.1286,Low
JE103686,0.0,,,0.2573,normal,0.1286,Low
JE106031,0.0,,,0.2571,normal,0.1286,Low
JE100504,0.0,,,0.2573,normal,0.1286,Low
JE100533,0.0,,,0.2571,normal,0.1286,Low
JE107007,0.0,,,0.2571,normal,0.1286,Low
JE106516,0.0,,,0.2573,normal,0.1286,Low
JE107267,0.0,,,0.2572,normal,0.1286,Low
JE104883,0.0,,,0.2573,normal,0.1286,Low
JE106574,0.0,,,0.257,normal,0.1285,Low
JE107793,0.0,,,0.257,normal,0.1285,Low
JE106466,0.0,,,0.2568,normal,0.1284,Low
JE100755,0.0,,,0.2568,normal,0.1284,Low
JE103658,0.0,,,0.2568,normal,0.1284,Low
JE100137,0.0,,,0.2569,normal,0.1284,Low
JE107441,0.0,,,0.2566,normal,0.1283,Low
JE107290,0.0,,,0.2566,normal,0.1283,Low
JE107473,0.0,,,0.2566,normal,0.1283,Low
JE105295,0.0,,,0.2566,normal,0.1283,Low
JE104854,0.0,,,0.2566,normal,0.1283,Low
JE101316,0.0,,,0.2566,normal,0.1283,Low
JE105978,0.0,,,0.2565,normal,0.1282,Low
JE104951,0.0,,,0.2565,normal,0.1282,Low
JE101266,0.0,,,0.2565,normal,0.1282,Low
JE107458,0.0,,,0.2565,normal,0.1282,Low
JE100512,0.0,,,0.2564,normal,0.1282,Low
JE100710,0.0,,,0.2565,normal,0.1282,Low
JE103038,0.0,,,0.2564,normal,0.1282,Low
JE102080,0.0,,,0.2563,normal,0.1281,Low
JE107273,0.0,,,0.2563,normal,0.1281,Low
JE100838,0.0,,,0.2562,normal,0.1281,Low
JE107155,0.0,,,0.2562,normal,0.1281,Low
JE102679,0.0,,,0.2559,normal,0.128,Low
JE102934,0.0,,,0.2561,normal,0.128,Low
JE102864,0.0,,,0.2561,normal,0.128,Low
JE106252,0.0,,,0.256,normal,0.128,Low
JE104400,0.0,,,0.256,normal,0.128,Low
JE107990,0.0,,,0.256,normal,0.128,Low
JE104288,0.0,,,0.2559,normal,0.128,Low
JE107807,0.0,,,0.2559,normal,0.128,Low
JE106551,0.0,,,0.256,normal,0.128,Low
JE102554,0.0,,,0.2559,normal,0.128,Low
JE100617,0.0,,,0.2561,normal,0.128,Low
JE101626,0.0,,,0.2558,normal,0.1279,Low
JE101715,0.0,,,0.2558,normal,0.1279,Low
JE100557,0.0,,,0.2558,normal,0.1279,Low
JE102551,0.0,,,0.2556,normal,0.1278,Low
JE101960,0.0,,,0.2557,normal,0.1278,Low
JE107124,0.0,,,0.2557,normal,0.1278,Low
JE102165,0.0,,,0.2555,normal,0.1278,Low
JE106374,0.0,,,0.2555,normal,0.1278,Low
JE104894,0.0,,,0.2556,normal,0.1278,Low
JE102566,0.0,,,0.2557,normal,0.1278,Low
JE105552,0.0,,,0.2557,normal,0.1278,Low
JE100330,0.0,,,0.2557,normal,0.1278,Low
JE104226,0.0,,,0.2556,normal,0.1278,Low
JE102186,0.0,,,0.2554,normal,0.1277,Low
JE100652,0.0,,,0.2554,normal,0.1277,Low
JE102646,0.0,,,0.2553,normal,0.1277,Low
JE101757,0.0,,,0.2553,normal,0.1277,Low
JE104438,0.0,,,0.2554,normal,0.1277,Low
JE105910,0.0,,,0.2554,normal,0.1277,Low
JE102095,0.0,,,0.2554,normal,0.1277,Low
JE104078,0.0,,,0.2553,normal,0.1277,Low
JE104590,0.0,,,0.2551,normal,0.1276,Low
JE103311,0.0,,,0.2551,normal,0.1276,Low
JE104371,0.0,,,0.2551,normal,0.1276,Low
JE107946,0.0,,,0.2552,normal,0.1276,Low
JE103902,0.0,,,0.2551,normal,0.1276,Low
JE107045,0.0,,,0.255,normal,0.1275,Low
JE106715,0.0,,,0.255,normal,0.1275,Low
JE104986,0.0,,,0.2548,normal,0.1274,Low
JE100521,0.0,,,0.2549,normal,0.1274,Low
JE101661,0.0,,,0.2548,normal,0.1274,Low
JE104349,0.0,,,0.2548,normal,0.1274,Low
JE107950,0.0,,,0.2549,normal,0.1274,Low
JE101283,0.0,,,0.2548,normal,0.1274,Low
JE101416,0.0,,,0.2546,normal,0.1273,Low
JE107619,0.0,,,0.2546,normal,0.1273,Low
JE107140,0.0,,,0.2546,normal,0.1273,Low
JE101675,0.0,,,0.2546,normal,0.1273,Low
JE103337,0.0,,,0.2545,normal,0.1272,Low
JE103069,0.0,,,0.2544,normal,0.1272,Low
JE103062,0.0,,,0.2543,normal,0.1272,Low
JE100372,0.0,,,0.2545,normal,0.1272,Low
JE107066,0.0,,,0.2544,normal,0.1272,Low
JE102791,0.0,,,0.2545,normal,0.1272,Low
JE103334,0.0,,,0.2544,normal,0.1272,Low
JE101444,0.0,,,0.2544,normal,0.1272,Low
JE105513,0.0,,,0.2545,normal,0.1272,Low
JE104089,0.0,,,0.2544,normal,0.1272,Low
JE104040,0.0,,,0.2544,normal,0.1272,Low
JE101967,0.0,,,0.2543,normal,0.1272,Low
JE100382,0.0,,,0.254,normal,0.127,Low
JE104268,0.0,,,0.254,normal,0.127,Low
JE103291,0.0,,,0.254,normal,0.127,Low
JE103216,0.0,,,0.2539,normal,0.127,Low
JE102157,0.0,,,0.254,normal,0.127,Low
JE107033,0.0,,,0.254,normal,0.127,Low
JE107090,0.0,,,0.2541,normal,0.127,Low
JE106812,0.0,,,0.254,normal,0.127,Low
JE101425,0.0,,,0.2541,normal,0.127,Low
JE102744,0.0,,,0.254,normal,0.127,Low
JE107957,0.0,,,0.2541,normal,0.127,Low
JE104134,0.0,,,0.2538,normal,0.1269,Low
JE102412,0.0,,,0.2538,normal,0.1269,Low
JE101161,0.0,,,0.2538,normal,0.1269,Low
JE101582,0.0,,,0.2538,normal,0.1269,Low
JE106030,0.0,,,0.2537,normal,0.1268,Low
JE101905,0.0,,,0.2535,normal,0.1268,Low
JE101418,0.0,,,0.2535,normal,0.1268,Low
JE104680,0.0,,,0.2536,normal,0.1268,Low
JE106591,0.0,,,0.2537,normal,0.1268,Low
JE101896,0.0,,,0.2536,normal,0.1268,Low
JE105177,0.0,,,0.2536,normal,0.1268,Low
JE104968,0.0,,,0.2537,normal,0.1268,Low
JE105457,0.0,,,0.2536,normal,0.1268,Low
JE101101,0.0,,,0.2535,normal,0.1268,Low
JE104092,0.0,,,0.2534,normal,0.1267,Low
JE107384,0.0,,,0.2534,normal,0.1267,Low
JE106129,0.0,,,0.2533,normal,0.1267,Low
JE103578,0.0,,,0.2534,normal,0.1267,Low
JE106761,0.0,,,0.2531,normal,0.1266,Low
JE103243,0.0,,,0.2531,normal,0.1266,Low
JE106777,0.0,,,0.2532,normal,0.1266,Low
JE107499,0.0,,,0.2532,normal,0.1266,Low
JE105226,0.0,,,0.2532,normal,0.1266,Low
JE100798,0.0,,,0.2532,normal,0.1266,Low
JE105486,0.0,,,0.2531,normal,0.1266,Low
JE101215,0.0,,,0.2531,normal,0.1266,Low
JE104055,0.0,,,0.2531,normal,0.1266,Low
JE106714,0.0,,,0.253,normal,0.1265,Low
JE103611,0.0,,,0.253,normal,0.1265,Low
JE103386,0.0,,,0.253,normal,0.1265,Low
JE103206,0.0,,,0.253,normal,0.1265,Low
JE105987,0.0,,,0.253,normal,0.1265,Low
JE104448,0.0,,,0.253,normal,0.1265,Low
JE104817,0.0,,,0.2529,normal,0.1264,Low
JE106526,0.0,,,0.2529,normal,0.1264,Low
JE106279,0.0,,,0.2529,normal,0.1264,Low
JE105984,0.0,,,0.2529,normal,0.1264,Low
JE107891,0.0,,,0.2529,normal,0.1264,Low
JE105469,0.0,,,0.2529,normal,0.1264,Low
JE107428,0.0,,,0.2528,normal,0.1264,Low
JE107057,0.0,,,0.2528,normal,0.1264,Low
JE103760,0.0,,,0.2528,normal,0.1264,Low
JE104164,0.0,,,0.2527,normal,0.1264,Low
JE104938,0.0,,,0.2526,normal,0.1263,Low
JE103559,0.0,,,0.2526,normal,0.1263,Low
JE100611,0.0,,,0.2526,normal,0.1263,Low
JE105981,0.0,,,0.2526,normal,0.1263,Low
JE104148,0.0,,,0.2526,normal,0.1263,Low
JE100788,0.0,,,0.2524,normal,0.1262,Low
JE102994,0.0,,,0.2525,normal,0.1262,Low
JE103716,0.0,,,0.2525,normal,0.1262,Low
JE102878,0.0,,,0.2524,normal,0.1262,Low
JE101649,0.0,,,0.2523,normal,0.1262,Low
JE102406,0.0,,,0.2523,normal,0.1262,Low
JE106665,0.0,,,0.2525,normal,0.1262,Low
JE101579,0.0,,,0.2524,normal,0.1262,Low
JE103236,0.0,,,0.2523,normal,0.1262,Low
JE105344,0.0,,,0.2524,normal,0.1262,Low
JE103839,0.0,,,0.2524,normal,0.1262,Low
JE106911,0.0,,,0.2525,normal,0.1262,Low
JE106271,0.0,,,0.2524,normal,0.1262,Low
JE106749,0.0,,,0.2522,normal,0.1261,Low
JE101641,0.0,,,0.2522,normal,0.1261,Low
JE106938,0.0,,,0.2522,normal,0.1261,Low
JE103151,0.0,,,0.2522,normal,0.1261,Low
JE102323,0.0,,,0.2519,normal,0.126,Low
JE103995,0.0,,,0.2521,normal,0.126,Low
JE102169,0.0,,,0.2519,normal,0.126,Low
JE106479,0.0,,,0.2521,normal,0.126,Low
JE105749,0.0,,,0.252,normal,0.126,Low
JE101783,0.0,,,0.2519,normal,0.126,Low
JE104215,0.0,,,0.2519,normal,0.126,Low
JE106953,0.0,,,0.2519,normal,0.126,Low
JE101552,0.0,,,0.2519,normal,0.126,Low
JE100769,0.0,,,0.2518,normal,0.1259,Low
JE103404,0.0,,,0.2518,normal,0.1259,Low
JE102206,0.0,,,0.2515,normal,0.1258,Low
JE105259,0.0,,,0.2517,normal,0.1258,Low
JE105107,0.0,,,0.2516,normal,0.1258,Low
JE106331,0.0,,,0.2516,normal,0.1258,Low
JE102612,0.0,,,0.2516,normal,0.1258,Low
JE103459,0.0,,,0.2515,normal,0.1258,Low
JE105836,0.0,,,0.2516,normal,0.1258,Low
JE107294,0.0,,,0.2517,normal,0.1258,Low
JE106088,0.0,,,0.2516,normal,0.1258,Low
JE107318,0.0,,,0.2516,normal,0.1258,Low
JE102301,0.0,,,0.2513,normal,0.1257,Low
JE106980,0.0,,,0.2513,normal,0.1257,Low
JE100102,0.0,,,0.2514,normal,0.1257,Low
JE107660,0.0,,,0.2513,normal,0.1257,Low
JE106362,0.0,,,0.2513,normal,0.1257,Low
JE100187,0.0,,,0.2511,normal,0.1256,Low
JE106192,0.0,,,0.2511,normal,0.1256,Low
JE102363,0.0,,,0.2512,normal,0.1256,Low
JE106478,0.0,,,0.2512,normal,0.1256,Low
JE104792,0.0,,,0.2512,normal,0.1256,Low
JE101334,0.0,,,0.2512,normal,0.1256,Low
JE102515,0.0,,,0.2511,normal,0.1256,Low
JE106810,0.0,,,0.2511,normal,0.1256,Low
JE102417,0.0,,,0.2512,normal,0.1256,Low
JE106004,0.0,,,0.251,normal,0.1255,Low
JE101046,0.0,,,0.2509,normal,0.1254,Low
JE103624,0.0,,,0.2508,normal,0.1254,Low
JE101223,0.0,,,0.2509,normal,0.1254,Low
JE102022,0.0,,,0.2509,normal,0.1254,Low
JE100760,0.0,,,0.2508,normal,0.1254,Low
JE101637,0.0,,,0.2508,normal,0.1254,Low
JE100398,0.0,,,0.2508,normal,0.1254,Low
JE105701,0.0,,,0.2507,normal,0.1254,Low
JE103640,0.0,,,0.2509,normal,0.1254,Low
JE105204,0.0,,,0.2506,normal,0.1253,Low
JE101461,0.0,,,0.2506,normal,0.1253,Low
JE107374,0.0,,,0.2506,normal,0.1253,Low
JE103174,0.0,,,0.2506,normal,0.1253,Low
JE104685,0.0,,,0.2506,normal,0.1253,Low
JE101786,0.0,,,0.2506,normal,0.1253,Low
JE103480,0.0,,,0.2506,normal,0.1253,Low
JE100796,0.0,,,0.2506,normal,0.1253,Low
JE103633,0.0,,,0.2505,normal,0.1252,Low
JE103505,0.0,,,0.2503,normal,0.1252,Low
JE101198,0.0,,,0.2503,normal,0.1252,Low
JE105049,0.0,,,0.2505,normal,0.1252,Low
JE101776,0.0,,,0.2504,normal,0.1252,Low
JE102266,0.0,,,0.2505,normal,0.1252,Low
JE107422,0.0,,,0.2504,normal,0.1252,Low
JE104141,0.0,,,0.2504,normal,0.1252,Low
JE106916,0.0,,,0.2502,normal,0.1251,Low
JE103912,0.0,,,0.2502,normal,0.1251,Low
JE100128,0.0,,,0.2502,normal,0.1251,Low
JE103993,0.0,,,0.2501,normal,0.125,Low
JE100545,0.0,,,0.2501,normal,0.125,Low
JE101679,0.0,,,0.25,normal,0.125,Low
JE104477,0.0,,,0.2499,normal,0.125,Low
JE100794,0.0,,,0.2499,normal,0.125,Low
JE107406,0.0,,,0.25,normal,0.125,Low
JE107210,0.0,,,0.25,normal,0.125,Low
JE100689,0.0,,,0.2499,normal,0.125,Low
JE100451,0.0,,,0.25,normal,0.125,Low
JE102152,0.0,,,0.2499,normal,0.125,Low
JE104677,0.0,,,0.2501,normal,0.125,Low
JE100250,0.0,,,0.2498,normal,0.1249,Low
JE107130,0.0,,,0.2496,normal,0.1248,Low
JE106829,0.0,,,0.2495,normal,0.1248,Low
JE104330,0.0,,,0.2497,normal,0.1248,Low
JE106140,0.0,,,0.2496,normal,0.1248,Low
JE105455,0.0,,,0.2495,normal,0.1248,Low
JE107732,0.0,,,0.2495,normal,0.1248,Low
JE101002,0.0,,,0.2497,normal,0.1248,Low
JE102685,0.0,,,0.2494,normal,0.1247,Low
JE105614,0.0,,,0.2494,normal,0.1247,Low
JE104778,0.0,,,0.2494,normal,0.1247,Low
JE107100,0.0,,,0.2494,normal,0.1247,Low
JE101346,0.0,,,0.2494,normal,0.1247,Low
JE103595,0.0,,,0.2493,normal,0.1246,Low
JE102228,0.0,,,0.2491,normal,0.1246,Low
JE107041,0.0,,,0.2492,normal,0.1246,Low
JE106352,0.0,,,0.2493,normal,0.1246,Low
JE107687,0.0,,,0.2493,normal,0.1246,Low
JE105711,0.0,,,0.2493,normal,0.1246,Low
JE105531,0.0,,,0.2492,normal,0.1246,Low
JE101257,0.0,,,0.2491,normal,0.1246,Low
JE102803,0.0,,,0.249,normal,0.1245,Low
JE103845,0.0,,,0.249,normal,0.1245,Low
JE105449,0.0,,,0.249,normal,0.1245,Low
JE100425,0.0,,,0.2487,normal,0.1244,Low
JE100765,0.0,,,0.2487,normal,0.1244,Low
JE107278,0.0,,,0.2488,normal,0.1244,Low
JE104034,0.0,,,0.2488,normal,0.1244,Low
JE107866,0.0,,,0.2489,normal,0.1244,Low
JE107488,0.0,,,0.2489,normal,0.1244,Low
JE106348,0.0,,,0.2489,normal,0.1244,Low
JE100828,0.0,,,0.2489,normal,0.1244,Low
JE107798,0.0,,,0.2486,normal,0.1243,Low
JE100153,0.0,,,0.2486,normal,0.1243,Low
JE104952,0.0,,,0.2486,normal,0.1243,Low
JE101932,0.0,,,0.2486,normal,0.1243,Low
JE100268,0.0,,,0.2486,normal,0.1243,Low
JE105766,0.0,,,0.2486,normal,0.1243,Low
JE107762,0.0,,,0.2486,normal,0.1243,Low
JE102299,0.0,,,0.2485,normal,0.1242,Low
JE101486,0.0,,,0.2483,normal,0.1242,Low
JE105558,0.0,,,0.2485,normal,0.1242,Low
JE104913,0.0,,,0.2484,normal,0.1242,Low
JE105895,0.0,,,0.2485,normal,0.1242,Low
JE107603,0.0,,,0.2485,normal,0.1242,Low
JE107420,0.0,,,0.2484,normal,0.1242,Low
JE103160,0.0,,,0.2483,normal,0.1242,Low
JE100614,0.0,,,0.2482,normal,0.1241,Low
JE101434,0.0,,,0.2482,normal,0.1241,Low
JE100439,0.0,,,0.2482,normal,0.1241,Low
JE102093,0.0,,,0.2482,normal,0.1241,Low
JE105291,0.0,,,0.2482,normal,0.1241,Low
JE102034,0.0,,,0.2482,normal,0.1241,Low
JE104415,0.0,,,0.2482,normal,0.1241,Low
JE106846,0.0,,,0.2479,normal,0.124,Low
JE105599,0.0,,,0.2481,normal,0.124,Low
JE104270,0.0,,,0.2479,normal,0.124,Low
JE106819,0.0,,,0.2481,normal,0.124,Low
JE101183,0.0,,,0.2481,normal,0.124,Low
JE105489,0.0,,,0.2481,normal,0.124,Low
JE105465,0.0,,,0.2479,normal,0.124,Low
JE101553,0.0,,,0.2479,normal,0.124,Low
JE106429,0.0,,,0.2478,normal,0.1239,Low
JE105256,0.0,,,0.2478,normal,0.1239,Low
JE101397,0.0,,,0.2478,normal,0.1239,Low
JE105837,0.0,,,0.2478,normal,0.1239,Low
JE107515,0.0,,,0.2478,normal,0.1239,Low
JE107627,0.0,,,0.2478,normal,0.1239,Low
JE107338,0.0,,,0.2478,normal,0.1239,Low
JE100569,0.0,,,0.2476,normal,0.1238,Low
JE105062,0.0,,,0.2475,normal,0.1238,Low
JE100037,0.0,,,0.2476,normal,0.1238,Low
JE102369,0.0,,,0.2475,normal,0.1238,Low
JE105154,0.0,,,0.2477,normal,0.1238,Low
JE106139,0.0,,,0.2476,normal,0.1238,Low
JE104272,0.0,,,0.2475,normal,0.1238,Low
JE105032,0.0,,,0.2477,normal,0.1238,Low
JE100340,0.0,,,0.2475,normal,0.1238,Low
JE104260,0.0,,,0.2475,normal,0.1238,Low
JE101676,0.0,,,0.2474,normal,0.1237,Low
JE106130,0.0,,,0.2474,normal,0.1237,Low
JE100495,0.0,,,0.2474,normal,0.1237,Low
JE102601,0.0,,,0.2472,normal,0.1236,Low
JE104377,0.0,,,0.2471,normal,0.1236,Low
JE103800,0.0,,,0.2472,normal,0.1236,Low
JE106914,0.0,,,0.2472,normal,0.1236,Low
JE102689,0.0,,,0.2472,normal,0.1236,Low
JE104974,0.0,,,0.2473,normal,0.1236,Low
JE105110,0.0,,,0.2472,normal,0.1236,Low
JE107914,0.0,,,0.2473,normal,0.1236,Low
JE100883,0.0,,,0.2471,normal,0.1236,Low
JE106082,0.0,,,0.247,normal,0.1235,Low
JE102779,0.0,,,0.247,normal,0.1235,Low
JE106937,0.0,,,0.247,normal,0.1235,Low
JE105125,0.0,,,0.2467,normal,0.1234,Low
JE100129,0.0,,,0.2469,normal,0.1234,Low
JE102914,0.0,,,0.2468,normal,0.1234,Low
JE103868,0.0,,,0.2468,normal,0.1234,Low
JE105692,0.0,,,0.2469,normal,0.1234,Low
JE103494,0.0,,,0.2469,normal,0.1234,Low
JE107506,0.0,,,0.2469,normal,0.1234,Low
JE102155,0.0,,,0.2468,normal,0.1234,Low
JE103476,0.0,,,0.2466,normal,0.1233,Low
JE105677,0.0,,,0.2466,normal,0.1233,Low
JE104706,0.0,,,0.2463,normal,0.1232,Low
JE105518,0.0,,,0.2465,normal,0.1232,Low
JE107020,0.0,,,0.2464,normal,0.1232,Low
JE106622,0.0,,,0.2465,normal,0.1232,Low
JE105309,0.0,,,0.2463,normal,0.1232,Low
JE102462,0.0,,,0.2464,normal,0.1232,Low
JE101342,0.0,,,0.2464,normal,0.1232,Low
JE104016,0.0,,,0.2464,normal,0.1232,Low
JE106147,0.0,,,0.2462,normal,0.1231,Low
JE104569,0.0,,,0.2462,normal,0.1231,Low
JE100490,0.0,,,0.2462,normal,0.1231,Low
JE103439,0.0,,,0.2462,normal,0.1231,Low
JE103684,0.0,,,0.2462,normal,0.1231,Low
JE106981,0.0,,,0.2462,normal,0.1231,Low
JE102400,0.0,,,0.2462,normal,0.1231,Low
JE100666,0.0,,,0.246,normal,0.123,Low
JE100811,0.0,,,0.246,normal,0.123,Low
JE102135,0.0,,,0.2461,normal,0.123,Low
JE106592,0.0,,,0.2459,normal,0.123,Low
JE107818,0.0,,,0.2461,normal,0.123,Low
JE100335,0.0,,,0.246,normal,0.123,Low
JE103621,0.0,,,0.2461,normal,0.123,Low
JE100027,0.0,,,0.246,normal,0.123,Low
JE107205,0.0,,,0.246,normal,0.123,Low
JE106710,0.0,,,0.2458,normal,0.1229,Low
JE107651,0.0,,,0.2458,normal,0.1229,Low
JE100730,0.0,,,0.2457,normal,0.1228,Low
JE102957,0.0,,,0.2456,normal,0.1228,Low
JE100546,0.0,,,0.2456,normal,0.1228,Low
JE101601,0.0,,,0.2456,normal,0.1228,Low
JE106338,0.0,,,0.2457,normal,0.1228,Low
JE104800,0.0,,,0.2455,normal,0.1228,Low
JE101768,0.0,,,0.2456,normal,0.1228,Low
JE100575,0.0,,,0.2457,normal,0.1228,Low
JE101129,0.0,,,0.2455,normal,0.1228,Low
JE107998,0.0,,,0.2454,normal,0.1227,Low
JE105972,0.0,,,0.2454,normal,0.1227,Low
JE105747,0.0,,,0.2454,normal,0.1227,Low
JE105758,0.0,,,0.2454,normal,0.1227,Low
JE107939,0.0,,,0.2454,normal,0.1227,Low
JE102442,0.0,,,0.2452,normal,0.1226,Low
JE102569,0.0,,,0.2452,normal,0.1226,Low
JE100649,0.0,,,0.2451,normal,0.1226,Low
JE104915,0.0,,,0.2452,normal,0.1226,Low
JE107970,0.0,,,0.2451,normal,0.1226,Low
JE104688,0.0,,,0.2453,normal,0.1226,Low
JE107218,0.0,,,0.2451,normal,0.1226,Low
JE105801,0.0,,,0.2451,normal,0.1226,Low
JE107109,0.0,,,0.2453,normal,0.1226,Low
JE102374,0.0,,,0.2452,normal,0.1226,Low
JE101438,0.0,,,0.245,normal,0.1225,Low
JE100843,0.0,,,0.245,normal,0.1225,Low
JE102917,0.0,,,0.245,normal,0.1225,Low
JE107658,0.0,,,0.245,normal,0.1225,Low
JE103920,0.0,,,0.2447,normal,0.1224,Low
JE107786,0.0,,,0.2449,normal,0.1224,Low
JE105705,0.0,,,0.2447,normal,0.1224,Low
JE102124,0.0,,,0.2448,normal,0.1224,Low
JE101217,0.0,,,0.2449,normal,0.1224,Low
JE105567,0.0,,,0.2447,normal,0.1224,Low
JE106038,0.0,,,0.2447,normal,0.1224,Low
JE102881,0.0,,,0.2448,normal,0.1224,Low
JE101738,0.0,,,0.2448,normal,0.1224,Low
JE104927,0.0,,,0.2448,normal,0.1224,Low
JE100566,0.0,,,0.2446,normal,0.1223,Low
JE100761,0.0,,,0.2446,normal,0.1223,Low
JE104522,0.0,,,0.2444,normal,0.1222,Low
JE107368,0.0,,,0.2445,normal,0.1222,Low
JE100815,0.0,,,0.2443,normal,0.1222,Low
JE100249,0.0,,,0.2443,normal,0.1222,Low
JE105317,0.0,,,0.2445,normal,0.1222,Low
JE104593,0.0,,,0.2444,normal,0.1222,Low
JE106360,0.0,,,0.2445,normal,0.1222,Low
JE104602,0.0,,,0.2444,normal,0.1222,Low
JE103796,0.0,,,0.2444,normal,0.1222,Low
JE106058,0.0,,,0.2442,normal,0.1221,Low
JE101794,0.0,,,0.2442,normal,0.1221,Low
JE106490,0.0,,,0.2442,normal,0.1221,Low
JE105474,0.0,,,0.2442,normal,0.1221,Low
JE104513,0.0,,,0.2442,normal,0.1221,Low
JE103674,0.0,,,0.2441,normal,0.122,Low
JE103278,0.0,,,0.2439,normal,0.122,Low
JE102430,0.0,,,0.2439,normal,0.122,Low
JE102091,0.0,,,0.2439,normal,0.122,Low
JE102334,0.0,,,0.2441,normal,0.122,Low
JE103596,0.0,,,0.244,normal,0.122,Low
JE101164,0.0,,,0.244,normal,0.122,Low
JE106826,0.0,,,0.2441,normal,0.122,Low
JE102818,0.0,,,0.2438,normal,0.1219,Low
JE105824,0.0,,,0.2438,normal,0.1219,Low
JE102600,0.0,,,0.2435,normal,0.1218,Low
JE104245,0.0,,,0.2437,normal,0.1218,Low
JE103542,0.0,,,0.2436,normal,0.1218,Low
JE100105,0.0,,,0.2435,normal,0.1218,Low
JE100059,0.0,,,0.2436,normal,0.1218,Low
JE106585,0.0,,,0.2436,normal,0.1218,Low
JE101871,0.0,,,0.2437,normal,0.1218,Low
JE102303,0.0,,,0.2435,normal,0.1218,Low
JE102302,0.0,,,0.2434,normal,0.1217,Low
JE103665,0.0,,,0.2434,normal,0.1217,Low
JE107219,0.0,,,0.2434,normal,0.1217,Low
JE107704,0.0,,,0.2431,normal,0.1216,Low
JE107000,0.0,,,0.2431,normal,0.1216,Low
JE106876,0.0,,,0.2432,normal,0.1216,Low
JE103627,0.0,,,0.2432,normal,0.1216,Low
JE105969,0.0,,,0.2432,normal,0.1216,Low
JE105753,0.0,,,0.2433,normal,0.1216,Low
JE101727,0.0,,,0.2433,normal,0.1216,Low
JE104468,0.0,,,0.2432,normal,0.1216,Low
JE104492,0.0,,,0.2432,normal,0.1216,Low
JE103811,0.0,,,0.2431,normal,0.1216,Low
JE102814,0.0,,,0.2432,normal,0.1216,Low
JE100488,0.0,,,0.243,normal,0.1215,Low
JE104997,0.0,,,0.243,normal,0.1215,Low
JE103457,0.0,,,0.243,normal,0.1215,Low
JE101491,0.0,,,0.243,normal,0.1215,Low
JE101823,0.0,,,0.2429,normal,0.1214,Low
JE106385,0.0,,,0.2429,normal,0.1214,Low
JE102747,0.0,,,0.2427,normal,0.1214,Low
JE103770,0.0,,,0.2429,normal,0.1214,Low
JE104153,0.0,,,0.2428,normal,0.1214,Low
JE101951,0.0,,,0.2429,normal,0.1214,Low
JE103164,0.0,,,0.2428,normal,0.1214,Low
JE102894,0.0,,,0.2428,normal,0.1214,Low
JE100492,0.0,,,0.2426,normal,0.1213,Low
JE106878,0.0,,,0.2426,normal,0.1213,Low
JE106853,0.0,,,0.2426,normal,0.1213,Low
JE104625,0.0,,,0.2426,normal,0.1213,Low
JE107747,0.0,,,0.2426,normal,0.1213,Low
JE101578,0.0,,,0.2426,normal,0.1213,Low
JE105416,0.0,,,0.2426,normal,0.1213,Low
JE104749,0.0,,,0.2426,normal,0.1213,Low
JE102431,0.0,,,0.2426,normal,0.1213,Low
JE104483,0.0,,,0.2426,normal,0.1213,Low
JE102391,0.0,,,0.2423,normal,0.1212,Low
JE107521,0.0,,,0.2423,normal,0.1212,Low
JE106189,0.0,,,0.2423,normal,0.1212,Low
JE104747,0.0,,,0.2424,normal,0.1212,Low
JE102910,0.0,,,0.2423,normal,0.1212,Low
JE102203,0.0,,,0.2423,normal,0.1212,Low
JE105781,0.0,,,0.2424,normal,0.1212,Low
JE102504,0.0,,,0.2424,normal,0.1212,Low
JE106148,0.0,,,0.2425,normal,0.1212,Low
JE106633,0.0,,,0.2425,normal,0.1212,Low
JE107744,0.0,,,0.2422,normal,0.1211,Low
JE103534,0.0,,,0.2422,normal,0.1211,Low
JE100385,0.0,,,0.2422,normal,0.1211,Low
JE106326,0.0,,,0.2422,normal,0.1211,Low
JE104189,0.0,,,0.2422,normal,0.1211,Low
JE103954,0.0,,,0.2422,normal,0.1211,Low
JE106341,0.0,,,0.2422,normal,0.1211,Low
JE101509,0.0,,,0.2419,normal,0.121,Low
JE105990,0.0,,,0.242,normal,0.121,Low
JE107418,0.0,,,0.2421,normal,0.121,Low
JE107945,0.0,,,0.242,normal,0.121,Low
JE106625,0.0,,,0.2419,normal,0.121,Low
JE105966,0.0,,,0.2421,normal,0.121,Low
JE104356,0.0,,,0.2419,normal,0.121,Low
JE101663,0.0,,,0.2419,normal,0.121,Low
JE106800,0.0,,,0.242,normal,0.121,Low
JE105441,0.0,,,0.242,normal,0.121,Low
JE105704,0.0,,,0.2421,normal,0.121,Low
JE106590,0.0,,,0.2421,normal,0.121,Low
JE101126,0.0,,,0.2419,normal,0.121,Low
JE101966,0.0,,,0.2418,normal,0.1209,Low
JE105817,0.0,,,0.2418,normal,0.1209,Low
JE104556,0.0,,,0.2418,normal,0.1209,Low
JE106109,0.0,,,0.2418,normal,0.1209,Low
JE104096,0.0,,,0.2418,normal,0.1209,Low
JE103726,0.0,,,0.2418,normal,0.1209,Low
JE104348,0.0,,,0.2417,normal,0.1208,Low
JE105826,0.0,,,0.2417,normal,0.1208,Low
JE105509,0.0,,,0.2416,normal,0.1208,Low
JE103481,0.0,,,0.2417,normal,0.1208,Low
JE102869,0.0,,,0.2415,normal,0.1208,Low
JE102556,0.0,,,0.2417,normal,0.1208,Low
JE103146,0.0,,,0.2417,normal,0.1208,Low
JE104472,0.0,,,0.2417,normal,0.1208,Low
JE101429,0.0,,,0.2416,normal,0.1208,Low
JE103103,0.0,,,0.2416,normal,0.1208,Low
JE103795,0.0,,,0.2415,normal,0.1208,Low
JE102822,0.0,,,0.2414,normal,0.1207,Low
JE107928,0.0,,,0.2414,normal,0.1207,Low
JE102625,0.0,,,0.2414,normal,0.1207,Low
JE102346,0.0,,,0.2414,normal,0.1207,Low
JE102489,0.0,,,0.2414,normal,0.1207,Low
JE100648,0.0,,,0.2412,normal,0.1206,Low
JE101543,0.0,,,0.2412,normal,0.1206,Low
JE100226,0.0,,,0.2411,normal,0.1206,Low
JE103014,0.0,,,0.2412,normal,0.1206,Low
JE107705,0.0,,,0.2412,normal,0.1206,Low
JE107154,0.0,,,0.2413,normal,0.1206,Low
JE106605,0.0,,,0.2411,normal,0.1206,Low
JE107303,0.0,,,0.2413,normal,0.1206,Low
JE101202,0.0,,,0.2412,normal,0.1206,Low
JE100189,0.0,,,0.2413,normal,0.1206,Low
JE102872,0.0,,,0.241,normal,0.1205,Low
JE107369,0.0,,,0.241,normal,0.1205,Low
JE104631,0.0,,,0.241,normal,0.1205,Low
JE103304,0.0,,,0.241,normal,0.1205,Low
JE105575,0.0,,,0.2407,normal,0.1204,Low
JE106641,0.0,,,0.2407,normal,0.1204,Low
JE102012,0.0,,,0.2407,normal,0.1204,Low
JE104563,0.0,,,0.2407,normal,0.1204,Low
JE101275,0.0,,,0.2409,normal,0.1204,Low
JE106889,0.0,,,0.2409,normal,0.1204,Low
JE103964,0.0,,,0.2409,normal,0.1204,Low
JE105034,0.0,,,0.2409,normal,0.1204,Low
JE106936,0.0,,,0.2408,normal,0.1204,Low
JE106913,0.0,,,0.2409,normal,0.1204,Low
JE101484,0.0,,,0.2407,normal,0.1204,Low
JE101822,0.0,,,0.2406,normal,0.1203,Low
JE100118,0.0,,,0.2406,normal,0.1203,Low
JE102715,0.0,,,0.2403,normal,0.1202,Low
JE100061,0.0,,,0.2404,normal,0.1202,Low
JE101168,0.0,,,0.2405,normal,0.1202,Low
JE107894,0.0,,,0.2405,normal,0.1202,Low
JE105943,0.0,,,0.2405,normal,0.1202,Low
JE107164,0.0,,,0.2405,normal,0.1202,Low
JE105909,0.0,,,0.2403,normal,0.1202,Low
JE107381,0.0,,,0.2405,normal,0.1202,Low
JE106844,0.0,,,0.2405,normal,0.1202,Low
JE102013,0.0,,,0.2405,normal,0.1202,Low
JE105971,0.0,,,0.2403,normal,0.1202,Low
JE102965,0.0,,,0.2405,normal,0.1202,Low
JE103074,0.0,,,0.2402,normal,0.1201,Low
JE107316,0.0,,,0.2402,normal,0.1201,Low
JE107141,0.0,,,0.2402,normal,0.1201,Low
JE101885,0.0,,,0.2402,normal,0.1201,Low
JE105807,0.0,,,0.24,normal,0.12,Low
JE100913,0.0,,,0.2401,normal,0.12,Low
JE106721,0.0,,,0.24,normal,0.12,Low
JE102447,0.0,,,0.2399,normal,0.12,Low
JE104530,0.0,,,0.2398,normal,0.1199,Low
JE101700,0.0,,,0.2398,normal,0.1199,Low
JE102372,0.0,,,0.2398,normal,0.1199,Low
JE104015,0.0,,,0.2398,normal,0.1199,Low
JE105106,0.0,,,0.2398,normal,0.1199,Low
JE100489,0.0,,,0.2398,normal,0.1199,Low
JE103895,0.0,,,0.2396,normal,0.1198,Low
JE103233,0.0,,,0.2396,normal,0.1198,Low
JE103125,0.0,,,0.2396,normal,0.1198,Low
JE100299,0.0,,,0.2396,normal,0.1198,Low
JE100082,0.0,,,0.2396,normal,0.1198,Low
JE107847,0.0,,,0.2397,normal,0.1198,Low
JE106678,0.0,,,0.2395,normal,0.1198,Low
JE101475,0.0,,,0.2396,normal,0.1198,Low
JE103832,0.0,,,0.2396,normal,0.1198,Low
JE100804,0.0,,,0.2394,normal,0.1197,Low
JE104121,0.0,,,0.2394,normal,0.1197,Low
JE101792,0.0,,,0.2394,normal,0.1197,Low
JE105061,0.0,,,0.2393,normal,0.1196,Low
JE106982,0.0,,,0.2392,normal,0.1196,Low
JE104695,0.0,,,0.2393,normal,0.1196,Low
JE104934,0.0,,,0.2392,normal,0.1196,Low
JE103195,0.0,,,0.2393,normal,0.1196,Low
JE106696,0.0,,,0.2393,normal,0.1196,Low
JE106529,0.0,,,0.2391,normal,0.1196,Low
JE104527,0.0,,,0.2393,normal,0.1196,Low
JE103390,0.0,,,0.2393,normal,0.1196,Low
JE102392,0.0,,,0.2393,normal,0.1196,Low
JE100376,0.0,,,0.2393,normal,0.1196,Low
JE106048,0.0,,,0.2392,normal,0.1196,Low
JE102753,0.0,,,0.2392,normal,0.1196,Low
JE105891,0.0,,,0.239,normal,0.1195,Low
JE104333,0.0,,,0.239,normal,0.1195,Low
JE100136,0.0,,,0.239,normal,0.1195,Low
JE106292,0.0,,,0.2387,normal,0.1194,Low
JE103650,0.0,,,0.2388,normal,0.1194,Low
JE100874,0.0,,,0.2387,normal,0.1194,Low
JE103946,0.0,,,0.2387,normal,0.1194,Low
JE101799,0.0,,,0.2387,normal,0.1194,Low
JE105450,0.0,,,0.2388,normal,0.1194,Low
JE104963,0.0,,,0.2386,normal,0.1193,Low
JE105496,0.0,,,0.2386,normal,0.1193,Low
JE100314,0.0,,,0.2386,normal,0.1193,Low
JE105462,0.0,,,0.2385,normal,0.1192,Low
JE106327,0.0,,,0.2384,normal,0.1192,Low
JE100130,0.0,,,0.2385,normal,0.1192,Low
JE107437,0.0,,,0.2384,normal,0.1192,Low
JE106991,0.0,,,0.2384,normal,0.1192,Low
JE102790,0.0,,,0.2383,normal,0.1192,Low
JE103339,0.0,,,0.2385,normal,0.1192,Low
JE107241,0.0,,,0.2384,normal,0.1192,Low
JE102470,0.0,,,0.2383,normal,0.1192,Low
JE101440,0.0,,,0.2385,normal,0.1192,Low
JE101310,0.0,,,0.2385,normal,0.1192,Low
JE103516,0.0,,,0.2385,normal,0.1192,Low
JE101992,0.0,,,0.2382,normal,0.1191,Low
JE106471,0.0,,,0.2382,normal,0.1191,Low
JE101265,0.0,,,0.2379,normal,0.119,Low
JE104591,0.0,,,0.2379,normal,0.119,Low
JE105583,0.0,,,0.2379,normal,0.119,Low
JE102692,0.0,,,0.2379,normal,0.119,Low
JE100456,0.0,,,0.238,normal,0.119,Low
JE103749,0.0,,,0.2379,normal,0.119,Low
JE101146,0.0,,,0.2379,normal,0.119,Low
JE103971,0.0,,,0.238,normal,0.119,Low
JE101970,0.0,,,0.238,normal,0.119,Low
JE103680,0.0,,,0.2381,normal,0.119,Low
JE100524,0.0,,,0.2378,normal,0.1189,Low
JE105617,0.0,,,0.2378,normal,0.1189,Low
JE102664,0.0,,,0.2378,normal,0.1189,Low
JE106539,0.0,,,0.2378,normal,0.1189,Low
JE101070,0.0,,,0.2378,normal,0.1189,Low
JE104691,0.0,,,0.2378,normal,0.1189,Low
JE101584,0.0,,,0.2376,normal,0.1188,Low
JE102273,0.0,,,0.2376,normal,0.1188,Low
JE105863,0.0,,,0.2375,normal,0.1188,Low
JE103260,0.0,,,0.2377,normal,0.1188,Low
JE107149,0.0,,,0.2375,normal,0.1188,Low
JE103198,0.0,,,0.2377,normal,0.1188,Low
JE102719,0.0,,,0.2375,normal,0.1188,Low
JE105220,0.0,,,0.2376,normal,0.1188,Low
JE101806,0.0,,,0.2377,normal,0.1188,Low
JE105183,0.0,,,0.2375,normal,0.1188,Low
JE104697,0.0,,,0.2375,normal,0.1188,Low
JE103830,0.0,,,0.2377,normal,0.1188,Low
JE105869,0.0,,,0.2376,normal,0.1188,Low
JE102434,0.0,,,0.2374,normal,0.1187,Low
JE105394,0.0,,,0.2372,normal,0.1186,Low
JE101304,0.0,,,0.2371,normal,0.1186,Low
JE102688,0.0,,,0.2373,normal,0.1186,Low
JE103370,0.0,,,0.2372,normal,0.1186,Low
JE107934,0.0,,,0.2371,normal,0.1186,Low
JE104874,0.0,,,0.2372,normal,0.1186,Low
JE103928,0.0,,,0.2373,normal,0.1186,Low
JE102809,0.0,,,0.2372,normal,0.1186,Low
JE107769,0.0,,,0.2372,normal,0.1186,Low
JE100544,0.0,,,0.2371,normal,0.1186,Low
JE102759,0.0,,,0.2372,normal,0.1186,Low
JE105292,0.0,,,0.2372,normal,0.1186,Low
JE105750,0.0,,,0.2371,normal,0.1186,Low
JE100568,0.0,,,0.2372,normal,0.1186,Low
JE105504,0.0,,,0.2372,normal,0.1186,Low
JE105163,0.0,,,0.2371,normal,0.1186,Low
JE101396,0.0,,,0.237,normal,0.1185,Low
JE103396,0.0,,,0.2368,normal,0.1184,Low
JE106288,0.0,,,0.2368,normal,0.1184,Low
JE102687,0.0,,,0.2367,normal,0.1184,Low
JE103690,0.0,,,0.2367,normal,0.1184,Low
JE103284,0.0,,,0.2369,normal,0.1184,Low
JE102501,0.0,,,0.2366,normal,0.1183,Low
JE103353,0.0,,,0.2366,normal,0.1183,Low
JE102436,0.0,,,0.2366,normal,0.1183,Low
JE101583,0.0,,,0.2366,normal,0.1183,Low
JE105045,0.0,,,0.2363,normal,0.1182,Low
JE104106,0.0,,,0.2364,normal,0.1182,Low
JE106051,0.0,,,0.2364,normal,0.1182,Low
JE103412,0.0,,,0.2365,normal,0.1182,Low
JE107062,0.0,,,0.2363,normal,0.1182,Low
JE107174,0.0,,,0.2364,normal,0.1182,Low
JE104461,0.0,,,0.2365,normal,0.1182,Low
JE103344,0.0,,,0.2363,normal,0.1182,Low
JE104177,0.0,,,0.2362,normal,0.1181,Low
JE106837,0.0,,,0.2362,normal,0.1181,Low
JE102051,0.0,,,0.2362,normal,0.1181,Low
JE100390,0.0,,,0.2362,normal,0.1181,Low
JE103828,0.0,,,0.2362,normal,0.1181,Low
JE105879,0.0,,,0.236,normal,0.118,Low
JE106145,0.0,,,0.2359,normal,0.118,Low
JE106214,0.0,,,0.2359,normal,0.118,Low
JE100430,0.0,,,0.2359,normal,0.118,Low
JE103587,0.0,,,0.236,normal,0.118,Low
JE107334,0.0,,,0.2361,normal,0.118,Low
JE104107,0.0,,,0.2359,normal,0.118,Low
JE101236,0.0,,,0.2361,normal,0.118,Low
JE101536,0.0,,,0.2358,normal,0.1179,Low
JE106952,0.0,,,0.2358,normal,0.1179,Low
JE107272,0.0,,,0.2358,normal,0.1179,Low
JE105478,0.0,,,0.2356,normal,0.1178,Low
JE102270,0.0,,,0.2355,normal,0.1178,Low
JE100472,0.0,,,0.2355,normal,0.1178,Low
JE104197,0.0,,,0.2356,normal,0.1178,Low
JE102873,0.0,,,0.2357,normal,0.1178,Low
JE103708,0.0,,,0.2357,normal,0.1178,Low
JE103322,0.0,,,0.2356,normal,0.1178,Low
JE107347,0.0,,,0.2357,normal,0.1178,Low
JE101169,0.0,,,0.2357,normal,0.1178,Low
JE101861,0.0,,,0.2354,normal,0.1177,Low
JE104763,0.0,,,0.2354,normal,0.1177,Low
JE103779,0.0,,,0.2351,normal,0.1176,Low
JE103041,0.0,,,0.2353,normal,0.1176,Low
JE103223,0.0,,,0.2353,normal,0.1176,Low
JE100939,0.0,,,0.2353,normal,0.1176,Low
JE107456,0.0,,,0.2351,normal,0.1176,Low
JE100707,0.0,,,0.2351,normal,0.1176,Low
JE106334,0.0,,,0.2353,normal,0.1176,Low
JE106993,0.0,,,0.2352,normal,0.1176,Low
JE102281,0.0,,,0.2353,normal,0.1176,Low
JE104995,0.0,,,0.2351,normal,0.1176,Low
JE100661,0.0,,,0.2351,normal,0.1176,Low
JE105684,0.0,,,0.2351,normal,0.1176,Low
JE105638,0.0,,,0.2352,normal,0.1176,Low
JE102487,0.0,,,0.2351,normal,0.1176,Low
JE106029,0.0,,,0.235,normal,0.1175,Low
JE104699,0.0,,,0.235,normal,0.1175,Low
JE103988,0.0,,,0.235,normal,0.1175,Low
JE106799,0.0,,,0.235,normal,0.1175,Low
JE104815,0.0,,,0.235,normal,0.1175,Low
JE101133,0.0,,,0.2349,normal,0.1174,Low
JE107503,0.0,,,0.2348,normal,0.1174,Low
JE100493,0.0,,,0.2348,normal,0.1174,Low
JE105347,0.0,,,0.2347,normal,0.1174,Low
JE104888,0.0,,,0.2348,normal,0.1174,Low
JE104613,0.0,,,0.2347,normal,0.1174,Low
JE103135,0.0,,,0.2348,normal,0.1174,Low
JE104076,0.0,,,0.2349,normal,0.1174,Low
JE103952,0.0,,,0.2349,normal,0.1174,Low
JE103997,0.0,,,0.2347,normal,0.1174,Low
JE107430,0.0,,,0.2348,normal,0.1174,Low
JE100272,0.0,,,0.2349,normal,0.1174,Low
JE104151,0.0,,,0.2346,normal,0.1173,Low
JE102018,0.0,,,0.2346,normal,0.1173,Low
JE101894,0.0,,,0.2346,normal,0.1173,Low
JE103332,0.0,,,0.2346,normal,0.1173,Low
JE103598,0.0,,,0.2346,normal,0.1173,Low
JE105310,0.0,,,0.2346,normal,0.1173,Low
JE100196,0.0,,,0.2343,normal,0.1172,Low
JE100342,0.0,,,0.2343,normal,0.1172,Low
JE107249,0.0,,,0.2345,normal,0.1172,Low
JE101855,0.0,,,0.2345,normal,0.1172,Low
JE107598,0.0,,,0.2345,normal,0.1172,Low
JE105597,0.0,,,0.2344,normal,0.1172,Low
JE106433,0.0,,,0.2343,normal,0.1172,Low
JE107692,0.0,,,0.2344,normal,0.1172,Low
JE107575,0.0,,,0.2344,normal,0.1172,Low
JE103889,0.0,,,0.2342,normal,0.1171,Low
JE100119,0.0,,,0.2342,normal,0.1171,Low
JE107574,0.0,,,0.2341,normal,0.117,Low
JE103119,0.0,,,0.2339,normal,0.117,Low
JE107638,0.0,,,0.2339,normal,0.117,Low
JE105726,0.0,,,0.234,normal,0.117,Low
JE103877,0.0,,,0.234,normal,0.117,Low
JE101504,0.0,,,0.2339,normal,0.117,Low
JE101614,0.0,,,0.234,normal,0.117,Low
JE100360,0.0,,,0.234,normal,0.117,Low
JE101048,0.0,,,0.2341,normal,0.117,Low
JE101927,0.0,,,0.2341,normal,0.117,Low
JE102966,0.0,,,0.2339,normal,0.117,Low
JE102271,0.0,,,0.2341,normal,0.117,Low
JE105555,0.0,,,0.2341,normal,0.117,Low
JE103416,0.0,,,0.234,normal,0.117,Low
JE105439,0.0,,,0.2338,normal,0.1169,Low
JE106670,0.0,,,0.2338,normal,0.1169,Low
JE104966,0.0,,,0.2338,normal,0.1169,Low
JE106648,0.0,,,0.2338,normal,0.1169,Low
JE103009,0.0,,,0.2337,normal,0.1168,Low
JE104300,0.0,,,0.2335,normal,0.1168,Low
JE101447,0.0,,,0.2337,normal,0.1168,Low
JE107509,0.0,,,0.2337,normal,0.1168,Low
JE102411,0.0,,,0.2337,normal,0.1168,Low
JE107181,0.0,,,0.2337,normal,0.1168,Low
JE107766,0.0,,,0.2335,normal,0.1168,Low
JE100892,0.0,,,0.2335,normal,0.1168,Low
JE101012,0.0,,,0.2336,normal,0.1168,Low
JE106353,0.0,,,0.2335,normal,0.1168,Low
JE100888,0.0,,,0.2337,normal,0.1168,Low
JE104798,0.0,,,0.2334,normal,0.1167,Low
JE106485,0.0,,,0.2334,normal,0.1167,Low
JE104233,0.0,,,0.2334,normal,0.1167,Low
JE100473,0.0,,,0.2332,normal,0.1166,Low
JE103527,0.0,,,0.2332,normal,0.1166,Low
JE105514,0.0,,,0.2333,normal,0.1166,Low
JE106316,0.0,,,0.2331,normal,0.1166,Low
JE106146,0.0,,,0.2332,normal,0.1166,Low
JE105392,0.0,,,0.2333,normal,0.1166,Low
JE107826,0.0,,,0.2333,normal,0.1166,Low
JE104959,0.0,,,0.2333,normal,0.1166,Low
JE105166,0.0,,,0.2333,normal,0.1166,Low
JE100978,0.0,,,0.2332,normal,0.1166,Low
JE102995,0.0,,,0.2333,normal,0.1166,Low
JE103975,0.0,,,0.2332,normal,0.1166,Low
JE103297,0.0,,,0.2333,normal,0.1166,Low
JE105615,0.0,,,0.2332,normal,0.1166,Low
JE106293,0.0,,,0.2332,normal,0.1166,Low
JE101620,0.0,,,0.233,normal,0.1165,Low
JE102961,0.0,,,0.233,normal,0.1165,Low
JE103098,0.0,,,0.233,normal,0.1165,Low
JE107454,0.0,,,0.2329,normal,0.1164,Low
JE101924,0.0,,,0.2329,normal,0.1164,Low
JE100122,0.0,,,0.2328,normal,0.1164,Low
JE101207,0.0,,,0.2327,normal,0.1164,Low
JE100678,0.0,,,0.2328,normal,0.1164,Low
JE105965,0.0,,,0.2329,normal,0.1164,Low
JE100766,0.0,,,0.2328,normal,0.1164,Low
JE104851,0.0,,,0.2326,normal,0.1163,Low
JE102900,0.0,,,0.2326,normal,0.1163,Low
JE107190,0.0,,,0.2326,normal,0.1163,Low
JE103569,0.0,,,0.2326,normal,0.1163,Low
JE103523,0.0,,,0.2326,normal,0.1163,Low
JE102467,0.0,,,0.2323,normal,0.1162,Low
JE104022,0.0,,,0.2325,normal,0.1162,Low
JE101008,0.0,,,0.2324,normal,0.1162,Low
JE100914,0.0,,,0.2323,normal,0.1162,Low
JE104193,0.0,,,0.2323,normal,0.1162,Low
JE107788,0.0,,,0.2325,normal,0.1162,Low
JE101907,0.0,,,0.2324,normal,0.1162,Low
JE107357,0.0,,,0.2324,normal,0.1162,Low
JE105427,0.0,,,0.2325,normal,0.1162,Low
JE102673,0.0,,,0.2324,normal,0.1162,Low
JE106013,0.0,,,0.2324,normal,0.1162,Low
JE100334,0.0,,,0.2322,normal,0.1161,Low
JE103880,0.0,,,0.2322,normal,0.1161,Low
JE100297,0.0,,,0.2322,normal,0.1161,Low
JE102484,0.0,,,0.2319,normal,0.116,Low
JE103446,0.0,,,0.2321,normal,0.116,Low
JE107724,0.0,,,0.2319,normal,0.116,Low
JE101875,0.0,,,0.2321,normal,0.116,Low
JE105429,0.0,,,0.232,normal,0.116,Low
JE106282,0.0,,,0.2321,normal,0.116,Low
JE100786,0.0,,,0.2319,normal,0.116,Low
JE103787,0.0,,,0.2318,normal,0.1159,Low
JE104425,0.0,,,0.2316,normal,0.1158,Low
JE100970,0.0,,,0.2317,normal,0.1158,Low
JE100882,0.0,,,0.2316,normal,0.1158,Low
JE104981,0.0,,,0.2315,normal,0.1158,Low
JE100178,0.0,,,0.2317,normal,0.1158,Low
JE102923,0.0,,,0.2317,normal,0.1158,Low
JE103884,0.0,,,0.2317,normal,0.1158,Low
JE100958,0.0,,,0.2315,normal,0.1158,Low
JE104742,0.0,,,0.2315,normal,0.1158,Low
JE104752,0.0,,,0.2315,normal,0.1158,Low
JE101517,0.0,,,0.2315,normal,0.1158,Low
JE107387,0.0,,,0.2317,normal,0.1158,Low
JE105993,0.0,,,0.2316,normal,0.1158,Low
JE104323,0.0,,,0.2317,normal,0.1158,Low
JE101052,0.0,,,0.2314,normal,0.1157,Low
JE102256,0.0,,,0.2314,normal,0.1157,Low
JE100143,0.0,,,0.2314,normal,0.1157,Low
JE103110,0.0,,,0.2312,normal,0.1156,Low
JE106008,0.0,,,0.2313,normal,0.1156,Low
JE102882,0.0,,,0.2313,normal,0.1156,Low
JE107222,0.0,,,0.2312,normal,0.1156,Low
JE102035,0.0,,,0.2311,normal,0.1156,Low
JE105919,0.0,,,0.2312,normal,0.1156,Low
JE100602,0.0,,,0.2312,normal,0.1156,Low
JE107728,0.0,,,0.2312,normal,0.1156,Low
JE101315,0.0,,,0.2313,normal,0.1156,Low
JE103764,0.0,,,0.2312,normal,0.1156,Low
JE104862,0.0,,,0.2312,normal,0.1156,Low
JE105776,0.0,,,0.2312,normal,0.1156,Low
JE105264,0.0,,,0.2313,normal,0.1156,Low
JE106545,0.0,,,0.2311,normal,0.1156,Low
JE104779,0.0,,,0.231,normal,0.1155,Low
JE106452,0.0,,,0.231,normal,0.1155,Low
JE100463,0.0,,,0.231,normal,0.1155,Low
JE103469,0.0,,,0.231,normal,0.1155,Low
JE103056,0.0,,,0.2307,normal,0.1154,Low
JE100505,0.0,,,0.2309,normal,0.1154,Low
JE100887,0.0,,,0.2307,normal,0.1154,Low
JE103189,0.0,,,0.2308,normal,0.1154,Low
JE103228,0.0,,,0.2309,normal,0.1154,Low
JE103844,0.0,,,0.2307,normal,0.1154,Low
JE102342,0.0,,,0.2308,normal,0.1154,Low
JE106875,0.0,,,0.2308,normal,0.1154,Low
JE107874,0.0,,,0.2309,normal,0.1154,Low
JE101142,0.0,,,0.2306,normal,0.1153,Low
JE107568,0.0,,,0.2306,normal,0.1153,Low
JE101939,0.0,,,0.2306,normal,0.1153,Low
JE100781,0.0,,,0.2306,normal,0.1153,Low
JE106556,0.0,,,0.2305,normal,0.1152,Low
JE103667,0.0,,,0.2303,normal,0.1152,Low
JE104812,0.0,,,0.2303,normal,0.1152,Low
JE101734,0.0,,,0.2305,normal,0.1152,Low
JE104937,0.0,,,0.2304,normal,0.1152,Low
JE100068,0.0,,,0.2302,normal,0.1151,Low
JE107043,0.0,,,0.2302,normal,0.1151,Low
JE100432,0.0,,,0.23,normal,0.115,Low
JE100601,0.0,,,0.2299,normal,0.115,Low
JE106851,0.0,,,0.2301,normal,0.115,Low
JE100309,0.0,,,0.23,normal,0.115,Low
JE100793,0.0,,,0.23,normal,0.115,Low
JE102960,0.0,,,0.2301,normal,0.115,Low
JE103335,0.0,,,0.2299,normal,0.115,Low
JE107583,0.0,,,0.2301,normal,0.115,Low
JE105327,0.0,,,0.23,normal,0.115,Low
JE106879,0.0,,,0.2299,normal,0.115,Low
JE104784,0.0,,,0.2301,normal,0.115,Low
JE104605,0.0,,,0.2298,normal,0.1149,Low
JE106558,0.0,,,0.2298,normal,0.1149,Low
JE102811,0.0,,,0.2298,normal,0.1149,Low
JE107904,0.0,,,0.2298,normal,0.1149,Low
JE105300,0.0,,,0.2296,normal,0.1148,Low
JE103175,0.0,,,0.2296,normal,0.1148,Low
JE101276,0.0,,,0.2295,normal,0.1148,Low
JE100865,0.0,,,0.2297,normal,0.1148,Low
JE104552,0.0,,,0.2295,normal,0.1148,Low
JE100767,0.0,,,0.2295,normal,0.1148,Low
JE101709,0.0,,,0.2296,normal,0.1148,Low
JE107494,0.0,,,0.2296,normal,0.1148,Low
JE101096,0.0,,,0.2297,normal,0.1148,Low
JE100662,0.0,,,0.2294,normal,0.1147,Low
JE103303,0.0,,,0.2294,normal,0.1147,Low
JE101983,0.0,,,0.2291,normal,0.1146,Low
JE107012,0.0,,,0.2292,normal,0.1146,Low
JE103886,0.0,,,0.2293,normal,0.1146,Low
JE102187,0.0,,,0.2293,normal,0.1146,Low
JE107717,0.0,,,0.2293,normal,0.1146,Low
JE100687,0.0,,,0.2293,normal,0.1146,Low
JE101005,0.0,,,0.2291,normal,0.1146,Low
JE107556,0.0,,,0.2292,normal,0.1146,Low
JE101107,0.0,,,0.2291,normal,0.1146,Low
JE100013,0.0,,,0.2292,normal,0.1146,Low
JE103470,0.0,,,0.2291,normal,0.1146,Low
JE106368,0.0,,,0.2291,normal,0.1146,Low
JE104970,0.0,,,0.2293,normal,0.1146,Low
JE103127,0.0,,,0.2291,normal,0.1146,Low
JE105511,0.0,,,0.2292,normal,0.1146,Low
JE102603,0.0,,,0.2291,normal,0.1146,Low
JE107883,0.0,,,0.229,normal,0.1145,Low
JE101345,0.0,,,0.2287,normal,0.1144,Low
JE105569,0.0,,,0.2288,normal,0.1144,Low
JE103401,0.0,,,0.2287,normal,0.1144,Low
JE104279,0.0,,,0.2289,normal,0.1144,Low
JE104100,0.0,,,0.2287,normal,0.1144,Low
JE104320,0.0,,,0.2289,normal,0.1144,Low
JE103586,0.0,,,0.2289,normal,0.1144,Low
JE105217,0.0,,,0.2289,normal,0.1144,Low
JE106196,0.0,,,0.2287,normal,0.1144,Low
JE103702,0.0,,,0.2287,normal,0.1144,Low
JE104690,0.0,,,0.2287,normal,0.1144,Low
JE107152,0.0,,,0.2287,normal,0.1144,Low
JE106507,0.0,,,0.2289,normal,0.1144,Low
JE100541,0.0,,,0.2288,normal,0.1144,Low
JE103186,0.0,,,0.2286,normal,0.1143,Low
JE101878,0.0,,,0.2286,normal,0.1143,Low
JE104116,0.0,,,0.2284,normal,0.1142,Low
JE101279,0.0,,,0.2284,normal,0.1142,Low
JE106890,0.0,,,0.2285,normal,0.1142,Low
JE104514,0.0,,,0.2285,normal,0.1142,Low
JE107522,0.0,,,0.2285,normal,0.1142,Low
JE103346,0.0,,,0.2285,normal,0.1142,Low
JE107918,0.0,,,0.2283,normal,0.1142,Low
JE104538,0.0,,,0.2285,normal,0.1142,Low
JE100127,0.0,,,0.2283,normal,0.1142,Low
JE100054,0.0,,,0.2285,normal,0.1142,Low
JE102188,0.0,,,0.2284,normal,0.1142,Low
JE105169,0.0,,,0.2285,normal,0.1142,Low
JE101725,0.0,,,0.2285,normal,0.1142,Low
JE103662,0.0,,,0.2285,normal,0.1142,Low
JE107822,0.0,,,0.2282,normal,0.1141,Low
JE105964,0.0,,,0.2281,normal,0.114,Low
JE103636,0.0,,,0.2279,normal,0.114,Low
JE107400,0.0,,,0.2279,normal,0.114,Low
JE104639,0.0,,,0.2279,normal,0.114,Low
JE103825,0.0,,,0.2281,normal,0.114,Low
JE107693,0.0,,,0.228,normal,0.114,Low
JE104018,0.0,,,0.2281,normal,0.114,Low
JE106328,0.0,,,0.2279,normal,0.114,Low
JE103584,0.0,,,0.2279,normal,0.114,Low
JE101338,0.0,,,0.2279,normal,0.114,Low
JE100018,0.0,,,0.2279,normal,0.114,Low
JE100945,0.0,,,0.228,normal,0.114,Low
JE101797,0.0,,,0.2281,normal,0.114,Low
JE107116,0.0,,,0.2278,normal,0.1139,Low
JE102224,0.0,,,0.2278,normal,0.1139,Low
JE106361,0.0,,,0.2275,normal,0.1138,Low
JE107739,0.0,,,0.2275,normal,0.1138,Low
JE101480,0.0,,,0.2275,normal,0.1138,Low
JE103931,0.0,,,0.2276,normal,0.1138,Low
JE101736,0.0,,,0.2277,normal,0.1138,Low
JE101495,0.0,,,0.2275,normal,0.1138,Low
JE102741,0.0,,,0.2277,normal,0.1138,Low
JE107588,0.0,,,0.2276,normal,0.1138,Low
JE106774,0.0,,,0.2277,normal,0.1138,Low
JE100674,0.0,,,0.2276,normal,0.1138,Low
JE106608,0.0,,,0.2277,normal,0.1138,Low
JE105927,0.0,,,0.2277,normal,0.1138,Low
JE100637,0.0,,,0.2276,normal,0.1138,Low
JE106419,0.0,,,0.2276,normal,0.1138,Low
JE107187,0.0,,,0.2277,normal,0.1138,Low
JE104165,0.0,,,0.2274,normal,0.1137,Low
JE101244,0.0,,,0.2274,normal,0.1137,Low
JE101607,0.0,,,0.2272,normal,0.1136,Low
JE103772,0.0,,,0.2272,normal,0.1136,Low
JE103713,0.0,,,0.2272,normal,0.1136,Low
JE102948,0.0,,,0.2271,normal,0.1136,Low
JE105778,0.0,,,0.2272,normal,0.1136,Low
JE103537,0.0,,,0.2271,normal,0.1136,Low
JE101326,0.0,,,0.2273,normal,0.1136,Low
JE107683,0.0,,,0.2271,normal,0.1136,Low
JE100827,0.0,,,0.2273,normal,0.1136,Low
JE105974,0.0,,,0.2271,normal,0.1136,Low
JE102476,0.0,,,0.2272,normal,0.1136,Low
JE105682,0.0,,,0.227,normal,0.1135,Low
JE106533,0.0,,,0.2268,normal,0.1134,Low
JE104050,0.0,,,0.2268,normal,0.1134,Low
JE101665,0.0,,,0.2269,normal,0.1134,Low
JE102794,0.0,,,0.2267,normal,0.1134,Low
JE103592,0.0,,,0.2267,normal,0.1134,Low
JE105254,0.0,,,0.2269,normal,0.1134,Low
JE102043,0.0,,,0.2267,normal,0.1134,Low
JE106450,0.0,,,0.2269,normal,0.1134,Low
JE100182,0.0,,,0.2266,normal,0.1133,Low
JE107172,0.0,,,0.2266,normal,0.1133,Low
JE101515,0.0,,,0.2266,normal,0.1133,Low
JE107397,0.0,,,0.2266,normal,0.1133,Low
JE106966,0.0,,,0.2265,normal,0.1132,Low
JE102875,0.0,,,0.2264,normal,0.1132,Low
JE104733,0.0,,,0.2265,normal,0.1132,Low
JE102382,0.0,,,0.2263,normal,0.1132,Low
JE105108,0.0,,,0.2264,normal,0.1132,Low
JE103666,0.0,,,0.2264,normal,0.1132,Low
JE105979,0.0,,,0.2263,normal,0.1132,Low
JE102229,0.0,,,0.2265,normal,0.1132,Low
JE107206,0.0,,,0.2264,normal,0.1132,Low
JE107986,0.0,,,0.2262,normal,0.1131,Low
JE103558,0.0,,,0.2262,normal,0.1131,Low
JE105730,0.0,,,0.2262,normal,0.1131,Low
JE103973,0.0,,,0.2262,normal,0.1131,Low
JE102891,0.0,,,0.2262,normal,0.1131,Low
JE104396,0.0,,,0.2262,normal,0.1131,Low
JE107560,0.0,,,0.2262,normal,0.1131,Low
JE101364,0.0,,,0.2259,normal,0.113,Low
JE107565,0.0,,,0.226,normal,0.113,Low
JE107433,0.0,,,0.226,normal,0.113,Low
JE103714,0.0,,,0.2261,normal,0.113,Low
JE101820,0.0,,,0.2259,normal,0.113,Low
JE105247,0.0,,,0.2261,normal,0.113,Low
JE106523,0.0,,,0.2259,normal,0.113,Low
JE106402,0.0,,,0.226,normal,0.113,Low
JE107255,0.0,,,0.2259,normal,0.113,Low
JE107460,0.0,,,0.226,normal,0.113,Low
JE103141,0.0,,,0.2259,normal,0.113,Low
JE105286,0.0,,,0.226,normal,0.113,Low
JE103725,0.0,,,0.2258,normal,0.1129,Low
JE107156,0.0,,,0.2258,normal,0.1129,Low
JE105936,0.0,,,0.2258,normal,0.1129,Low
JE102739,0.0,,,0.2258,normal,0.1129,Low
JE106842,0.0,,,0.2257,normal,0.1128,Low
JE107597,0.0,,,0.2255,normal,0.1128,Low
JE102463,0.0,,,0.2256,normal,0.1128,Low
JE101624,0.0,,,0.2255,normal,0.1128,Low
JE107587,0.0,,,0.2257,normal,0.1128,Low
JE107291,0.0,,,0.2255,normal,0.1128,Low
JE107436,0.0,,,0.2255,normal,0.1128,Low
JE100508,0.0,,,0.2256,normal,0.1128,Low
JE104497,0.0,,,0.2257,normal,0.1128,Low
JE102535,0.0,,,0.2254,normal,0.1127,Low
JE105917,0.0,,,0.2253,normal,0.1126,Low
JE105694,0.0,,,0.2252,normal,0.1126,Low
JE107661,0.0,,,0.2253,normal,0.1126,Low
JE104919,0.0,,,0.2253,normal,0.1126,Low
JE100071,0.0,,,0.2251,normal,0.1126,Low
JE103035,0.0,,,0.2253,normal,0.1126,Low
JE106219,0.0,,,0.2252,normal,0.1126,Low
JE103530,0.0,,,0.2252,normal,0.1126,Low
JE100301,0.0,,,0.2251,normal,0.1126,Low
JE102978,0.0,,,0.2252,normal,0.1126,Low
JE102173,0.0,,,0.2253,normal,0.1126,Low
JE103463,0.0,,,0.2252,normal,0.1126,Low
JE104028,0.0,,,0.225,normal,0.1125,Low
JE107383,0.0,,,0.225,normal,0.1125,Low
JE106813,0.0,,,0.225,normal,0.1125,Low
JE104873,0.0,,,0.2249,normal,0.1124,Low
JE104238,0.0,,,0.2247,normal,0.1124,Low
JE106425,0.0,,,0.2247,normal,0.1124,Low
JE103455,0.0,,,0.2248,normal,0.1124,Low
JE104521,0.0,,,0.2249,normal,0.1124,Low
JE102740,0.0,,,0.2247,normal,0.1124,Low
JE106012,0.0,,,0.2247,normal,0.1124,Low
JE103197,0.0,,,0.2247,normal,0.1124,Low
JE103876,0.0,,,0.2247,normal,0.1124,Low
JE106186,0.0,,,0.2248,normal,0.1124,Low
JE103960,0.0,,,0.2248,normal,0.1124,Low
JE102548,0.0,,,0.2246,normal,0.1123,Low
JE101513,0.0,,,0.2246,normal,0.1123,Low
JE101473,0.0,,,0.2246,normal,0.1123,Low
JE103773,0.0,,,0.2246,normal,0.1123,Low
JE102936,0.0,,,0.2244,normal,0.1122,Low
JE101241,0.0,,,0.2243,normal,0.1122,Low
JE106541,0.0,,,0.2244,normal,0.1122,Low
JE105398,0.0,,,0.2245,normal,0.1122,Low
JE102405,0.0,,,0.2243,normal,0.1122,Low
JE107783,0.0,,,0.2243,normal,0.1122,Low
JE103383,0.0,,,0.2243,normal,0.1122,Low
JE107042,0.0,,,0.2244,normal,0.1122,Low
JE107234,0.0,,,0.2243,normal,0.1122,Low
JE102246,0.0,,,0.2243,normal,0.1122,Low
JE104102,0.0,,,0.2244,normal,0.1122,Low
JE102591,0.0,,,0.2242,normal,0.1121,Low
JE103015,0.0,,,0.2242,normal,0.1121,Low
JE101793,0.0,,,0.2242,normal,0.1121,Low
JE106382,0.0,,,0.2242,normal,0.1121,Low
JE102711,0.0,,,0.2242,normal,0.1121,Low
JE101836,0.0,,,0.2242,normal,0.1121,Low
JE102264,0.0,,,0.2239,normal,0.112,Low
JE100520,0.0,,,0.224,normal,0.112,Low
JE102307,0.0,,,0.224,normal,0.112,Low
JE104985,0.0,,,0.224,normal,0.112,Low
JE104495,0.0,,,0.2241,normal,0.112,Low
JE104868,0.0,,,0.2241,normal,0.112,Low
JE102409,0.0,,,0.2239,normal,0.112,Low
JE101175,0.0,,,0.2241,normal,0.112,Low
JE102182,0.0,,,0.2239,normal,0.112,Low
JE105389,0.0,,,0.2239,normal,0.112,Low
JE100171,0.0,,,0.224,normal,0.112,Low
JE101116,0.0,,,0.2239,normal,0.112,Low
JE103543,0.0,,,0.224,normal,0.112,Low
JE107189,0.0,,,0.2239,normal,0.112,Low
JE105276,0.0,,,0.2238,normal,0.1119,Low
JE100709,0.0,,,0.2238,normal,0.1119,Low
JE106755,0.0,,,0.2238,normal,0.1119,Low
JE107285,0.0,,,0.2236,normal,0.1118,Low
JE100697,0.0,,,0.2236,normal,0.1118,Low
JE105849,0.0,,,0.2237,normal,0.1118,Low
JE103957,0.0,,,0.2236,normal,0.1118,Low
JE103944,0.0,,,0.2237,normal,0.1118,Low
JE102599,0.0,,,0.2237,normal,0.1118,Low
JE105085,0.0,,,0.2237,normal,0.1118,Low
JE105601,0.0,,,0.2236,normal,0.1118,Low
JE103756,0.0,,,0.2235,normal,0.1118,Low
JE104458,0.0,,,0.2237,normal,0.1118,Low
JE106379,0.0,,,0.2237,normal,0.1118,Low
JE102524,0.0,,,0.2237,normal,0.1118,Low
JE104737,0.0,,,0.2235,normal,0.1118,Low
JE100650,0.0,,,0.2231,normal,0.1116,Low
JE107712,0.0,,,0.2233,normal,0.1116,Low
JE100030,0.0,,,0.2231,normal,0.1116,Low
JE107373,0.0,,,0.2232,normal,0.1116,Low
JE107120,0.0,,,0.2233,normal,0.1116,Low
JE102902,0.0,,,0.2231,normal,0.1116,Low
JE106720,0.0,,,0.2231,normal,0.1116,Low
JE105009,0.0,,,0.2231,normal,0.1116,Low
JE104414,0.0,,,0.2232,normal,0.1116,Low
JE103691,0.0,,,0.2232,normal,0.1116,Low
JE107757,0.0,,,0.2233,normal,0.1116,Low
JE106276,0.0,,,0.2232,normal,0.1116,Low
JE104829,0.0,,,0.223,normal,0.1115,Low
JE101374,0.0,,,0.223,normal,0.1115,Low
JE104258,0.0,,,0.223,normal,0.1115,Low
JE105754,0.0,,,0.2228,normal,0.1114,Low
JE103574,0.0,,,0.2229,normal,0.1114,Low
JE103970,0.0,,,0.2229,normal,0.1114,Low
JE107365,0.0,,,0.2228,normal,0.1114,Low
JE102291,0.0,,,0.2228,normal,0.1114,Low
JE102338,0.0,,,0.2228,normal,0.1114,Low
JE103933,0.0,,,0.2229,normal,0.1114,Low
JE106099,0.0,,,0.2229,normal,0.1114,Low
JE102645,0.0,,,0.2228,normal,0.1114,Low
JE105923,0.0,,,0.2227,normal,0.1114,Low
JE102156,0.0,,,0.2226,normal,0.1113,Low
JE104146,0.0,,,0.2226,normal,0.1113,Low
JE106707,0.0,,,0.2226,normal,0.1113,Low
JE105150,0.0,,,0.2223,normal,0.1112,Low
JE101986,0.0,,,0.2224,normal,0.1112,Low
JE105616,0.0,,,0.2225,normal,0.1112,Low
JE100033,0.0,,,0.2223,normal,0.1112,Low
JE102610,0.0,,,0.2224,normal,0.1112,Low
JE102619,0.0,,,0.2223,normal,0.1112,Low
JE104847,0.0,,,0.2223,normal,0.1112,Low
JE102009,0.0,,,0.2223,normal,0.1112,Low
JE102333,0.0,,,0.2222,normal,0.1111,Low
JE100675,0.0,,,0.2222,normal,0.1111,Low
JE100482,0.0,,,0.2222,normal,0.1111,Low
JE106603,0.0,,,0.222,normal,0.111,Low
JE107055,0.0,,,0.2221,normal,0.111,Low
JE104080,0.0,,,0.2219,normal,0.111,Low
JE103664,0.0,,,0.2219,normal,0.111,Low
JE102528,0.0,,,0.2219,normal,0.111,Low
JE104673,0.0,,,0.222,normal,0.111,Low
JE105924,0.0,,,0.2221,normal,0.111,Low
JE105014,0.0,,,0.2221,normal,0.111,Low
JE107714,0.0,,,0.2219,normal,0.111,Low
JE105454,0.0,,,0.222,normal,0.111,Low
JE106056,0.0,,,0.2218,normal,0.1109,Low
JE101585,0.0,,,0.2216,normal,0.1108,Low
JE100420,0.0,,,0.2215,normal,0.1108,Low
JE100444,0.0,,,0.2216,normal,0.1108,Low
JE103030,0.0,,,0.2216,normal,0.1108,Low
JE101171,0.0,,,0.2217,normal,0.1108,Low
JE105651,0.0,,,0.2215,normal,0.1108,Low
JE105357,0.0,,,0.2216,normal,0.1108,Low
JE100104,0.0,,,0.2216,normal,0.1108,Low
JE104313,0.0,,,0.2215,normal,0.1108,Low
JE104511,0.0,,,0.2217,normal,0.1108,Low
JE106909,0.0,,,0.2215,normal,0.1108,Low
JE103774,0.0,,,0.2214,normal,0.1107,Low
JE105019,0.0,,,0.2214,normal,0.1107,Low
JE103231,0.0,,,0.2214,normal,0.1107,Low
JE107083,0.0,,,0.2214,normal,0.1107,Low
JE107115,0.0,,,0.2214,normal,0.1107,Low
JE107915,0.0,,,0.2212,normal,0.1106,Low
JE100782,0.0,,,0.2213,normal,0.1106,Low
JE107176,0.0,,,0.2213,normal,0.1106,Low
JE106512,0.0,,,0.2211,normal,0.1106,Low
JE107517,0.0,,,0.2213,normal,0.1106,Low
JE100223,0.0,,,0.2212,normal,0.1106,Low
JE107328,0.0,,,0.2212,normal,0.1106,Low
JE106579,0.0,,,0.2213,normal,0.1106,Low
JE107594,0.0,,,0.2212,normal,0.1106,Low
JE102843,0.0,,,0.221,normal,0.1105,Low
JE100826,0.0,,,0.221,normal,0.1105,Low
JE103504,0.0,,,0.221,normal,0.1105,Low
JE103024,0.0,,,0.221,normal,0.1105,Low
JE102887,0.0,,,0.221,normal,0.1105,Low
JE100526,0.0,,,0.221,normal,0.1105,Low
JE104388,0.0,,,0.221,normal,0.1105,Low
JE106032,0.0,,,0.221,normal,0.1105,Low
JE103183,0.0,,,0.2207,normal,0.1104,Low
JE102698,0.0,,,0.2208,normal,0.1104,Low
JE104043,0.0,,,0.2207,normal,0.1104,Low
JE107407,0.0,,,0.2209,normal,0.1104,Low
JE104135,0.0,,,0.2208,normal,0.1104,Low
JE105451,0.0,,,0.2207,normal,0.1104,Low
JE101059,0.0,,,0.2206,normal,0.1103,Low
JE103031,0.0,,,0.2206,normal,0.1103,Low
JE101681,0.0,,,0.2205,normal,0.1102,Low
JE107715,0.0,,,0.2205,normal,0.1102,Low
JE100720,0.0,,,0.2204,normal,0.1102,Low
JE105105,0.0,,,0.2204,normal,0.1102,Low
JE105315,0.0,,,0.2203,normal,0.1102,Low
JE102561,0.0,,,0.2204,normal,0.1102,Low
JE105838,0.0,,,0.2202,normal,0.1101,Low
JE103454,0.0,,,0.2202,normal,0.1101,Low
JE103518,0.0,,,0.2202,normal,0.1101,Low
JE107527,0.0,,,0.2201,normal,0.11,Low
JE106671,0.0,,,0.2199,normal,0.11,Low
JE102308,0.0,,,0.22,normal,0.11,Low
JE104404,0.0,,,0.2199,normal,0.11,Low
JE106723,0.0,,,0.2199,normal,0.11,Low
JE107963,0.0,,,0.2199,normal,0.11,Low
JE105733,0.0,,,0.2199,normal,0.11,Low
JE100803,0.0,,,0.22,normal,0.11,Low
JE103106,0.0,,,0.22,normal,0.11,Low
JE102784,0.0,,,0.2199,normal,0.11,Low
JE101490,0.0,,,0.2199,normal,0.11,Low
JE104669,0.0,,,0.22,normal,0.11,Low
JE105958,0.0,,,0.2199,normal,0.11,Low
JE100487,0.0,,,0.22,normal,0.11,Low
JE106999,0.0,,,0.2198,normal,0.1099,Low
JE103427,0.0,,,0.2198,normal,0.1099,Low
JE102871,0.0,,,0.2198,normal,0.1099,Low
JE107849,0.0,,,0.2197,normal,0.1098,Low
JE105654,0.0,,,0.2197,normal,0.1098,Low
JE101323,0.0,,,0.2195,normal,0.1098,Low
JE100139,0.0,,,0.2194,normal,0.1097,Low
JE101478,0.0,,,0.2194,normal,0.1097,Low
JE105284,0.0,,,0.2194,normal,0.1097,Low
JE101150,0.0,,,0.2194,normal,0.1097,Low
JE100343,0.0,,,0.2194,normal,0.1097,Low
JE104416,0.0,,,0.2193,normal,0.1096,Low
JE103205,0.0,,,0.2193,normal,0.1096,Low
JE100647,0.0,,,0.2193,normal,0.1096,Low
JE105559,0.0,,,0.2191,normal,0.1096,Low
JE102050,0.0,,,0.2191,normal,0.1096,Low
JE105063,0.0,,,0.2191,normal,0.1096,Low
JE101722,0.0,,,0.2192,normal,0.1096,Low
JE106995,0.0,,,0.2193,normal,0.1096,Low
JE105935,0.0,,,0.2191,normal,0.1096,Low
JE106613,0.0,,,0.2193,normal,0.1096,Low
JE104739,0.0,,,0.219,normal,0.1095,Low
JE102595,0.0,,,0.219,normal,0.1095,Low
JE107676,0.0,,,0.219,normal,0.1095,Low
JE104686,0.0,,,0.219,normal,0.1095,Low
JE104491,0.0,,,0.2189,normal,0.1094,Low
JE101895,0.0,,,0.2189,normal,0.1094,Low
JE100176,0.0,,,0.2189,normal,0.1094,Low
JE102085,0.0,,,0.2187,normal,0.1094,Low
JE102662,0.0,,,0.2189,normal,0.1094,Low
JE102454,0.0,,,0.2189,normal,0.1094,Low
JE100587,0.0,,,0.2188,normal,0.1094,Low
JE104291,0.0,,,0.2187,normal,0.1094,Low
JE106070,0.0,,,0.2188,normal,0.1094,Low
JE103615,0.0,,,0.2186,normal,0.1093,Low
JE102737,0.0,,,0.2186,normal,0.1093,Low
JE106226,0.0,,,0.2183,normal,0.1092,Low
JE107805,0.0,,,0.2185,normal,0.1092,Low
JE102335,0.0,,,0.2183,normal,0.1092,Low
JE104780,0.0,,,0.2185,normal,0.1092,Low
JE102494,0.0,,,0.2184,normal,0.1092,Low
JE107845,0.0,,,0.2185,normal,0.1092,Low
JE103765,0.0,,,0.2183,normal,0.1092,Low
JE104263,0.0,,,0.2183,normal,0.1092,Low
JE102238,0.0,,,0.2184,normal,0.1092,Low
JE104520,0.0,,,0.2184,normal,0.1092,Low
JE106393,0.0,,,0.2182,normal,0.1091,Low
JE106069,0.0,,,0.2182,normal,0.1091,Low
JE105091,0.0,,,0.218,normal,0.109,Low
JE101648,0.0,,,0.218,normal,0.109,Low
JE107401,0.0,,,0.218,normal,0.109,Low
JE104955,0.0,,,0.2179,normal,0.109,Low
JE107563,0.0,,,0.2179,normal,0.109,Low
JE103288,0.0,,,0.2179,normal,0.109,Low
JE101412,0.0,,,0.218,normal,0.109,Low
JE105593,0.0,,,0.2181,normal,0.109,Low
JE107446,0.0,,,0.2179,normal,0.109,Low
JE106775,0.0,,,0.2179,normal,0.109,Low
JE106491,0.0,,,0.218,normal,0.109,Low
JE105294,0.0,,,0.2181,normal,0.109,Low
JE101167,0.0,,,0.2181,normal,0.109,Low
JE102656,0.0,,,0.2178,normal,0.1089,Low
JE105980,0.0,,,0.2178,normal,0.1089,Low
JE102251,0.0,,,0.2178,normal,0.1089,Low
JE107490,0.0,,,0.2178,normal,0.1089,Low
JE103375,0.0,,,0.2178,normal,0.1089,Low
JE104126,0.0,,,0.2178,normal,0.1089,Low
JE106542,0.0,,,0.2176,normal,0.1088,Low
JE100522,0.0,,,0.2177,normal,0.1088,Low
JE104418,0.0,,,0.2176,normal,0.1088,Low
JE100483,0.0,,,0.2176,normal,0.1088,Low
JE103925,0.0,,,0.2177,normal,0.1088,Low
JE101420,0.0,,,0.2176,normal,0.1088,Low
JE102650,0.0,,,0.2177,normal,0.1088,Low
JE107674,0.0,,,0.2176,normal,0.1088,Low
JE105436,0.0,,,0.2177,normal,0.1088,Low
JE104261,0.0,,,0.2174,normal,0.1087,Low
JE103722,0.0,,,0.2174,normal,0.1087,Low
JE104562,0.0,,,0.2174,normal,0.1087,Low
JE107248,0.0,,,0.2174,normal,0.1087,Low
JE102643,0.0,,,0.2171,normal,0.1086,Low
JE104559,0.0,,,0.2171,normal,0.1086,Low
JE106263,0.0,,,0.2173,normal,0.1086,Low
JE103875,0.0,,,0.2173,normal,0.1086,Low
JE106746,0.0,,,0.2171,normal,0.1086,Low
JE107064,0.0,,,0.2171,normal,0.1086,Low
JE107322,0.0,,,0.2171,normal,0.1086,Low
JE104137,0.0,,,0.2171,normal,0.1086,Low
JE101127,0.0,,,0.2173,normal,0.1086,Low
JE106061,0.0,,,0.2171,normal,0.1086,Low
JE105655,0.0,,,0.217,normal,0.1085,Low
JE105227,0.0,,,0.217,normal,0.1085,Low
JE100669,0.0,,,0.217,normal,0.1085,Low
JE101494,0.0,,,0.2168,normal,0.1084,Low
JE102788,0.0,,,0.2169,normal,0.1084,Low
JE105118,0.0,,,0.2167,normal,0.1084,Low
JE105930,0.0,,,0.2168,normal,0.1084,Low
JE101876,0.0,,,0.2167,normal,0.1084,Low
JE102492,0.0,,,0.2168,normal,0.1084,Low
JE105145,0.0,,,0.2168,normal,0.1084,Low
JE100532,0.0,,,0.2167,normal,0.1084,Low
JE107852,0.0,,,0.2168,normal,0.1084,Low
JE106395,0.0,,,0.2168,normal,0.1084,Low
JE105794,0.0,,,0.2169,normal,0.1084,Low
JE102464,0.0,,,0.2169,normal,0.1084,Low
JE101549,0.0,,,0.2168,normal,0.1084,Low
JE107774,0.0,,,0.2167,normal,0.1084,Low
JE100933,0.0,,,0.2167,normal,0.1084,Low
JE102336,0.0,,,0.2167,normal,0.1084,Low
JE105716,0.0,,,0.2166,normal,0.1083,Low
JE103838,0.0,,,0.2166,normal,0.1083,Low
JE102582,0.0,,,0.2166,normal,0.1083,Low
JE101903,0.0,,,0.2166,normal,0.1083,Low
JE100310,0.0,,,0.2166,normal,0.1083,Low
JE106278,0.0,,,0.2165,normal,0.1082,Low
JE102055,0.0,,,0.2164,normal,0.1082,Low
JE106661,0.0,,,0.2165,normal,0.1082,Low
JE105271,0.0,,,0.2165,normal,0.1082,Low
JE100302,0.0,,,0.2163,normal,0.1082,Low
JE104357,0.0,,,0.2164,normal,0.1082,Low
JE103836,0.0,,,0.2164,normal,0.1082,Low
JE100474,0.0,,,0.2163,normal,0.1082,Low
JE101810,0.0,,,0.2162,normal,0.1081,Low
JE100415,0.0,,,0.2159,normal,0.108,Low
JE101654,0.0,,,0.2159,normal,0.108,Low
JE105872,0.0,,,0.2161,normal,0.108,Low
JE105751,0.0,,,0.2161,normal,0.108,Low
JE104544,0.0,,,0.2159,normal,0.108,Low
JE101853,0.0,,,0.2159,normal,0.108,Low
JE102158,0.0,,,0.2159,normal,0.108,Low
JE104644,0.0,,,0.2161,normal,0.108,Low
JE100397,0.0,,,0.216,normal,0.108,Low
JE105479,0.0,,,0.216,normal,0.108,Low
JE105719,0.0,,,0.2158,normal,0.1079,Low
JE102072,0.0,,,0.2157,normal,0.1078,Low
JE105407,0.0,,,0.2156,normal,0.1078,Low
JE105038,0.0,,,0.2157,normal,0.1078,Low
JE105843,0.0,,,0.2155,normal,0.1078,Low
JE102451,0.0,,,0.2157,normal,0.1078,Low
JE103732,0.0,,,0.2155,normal,0.1078,Low
JE103138,0.0,,,0.2155,normal,0.1078,Low
JE103289,0.0,,,0.2157,normal,0.1078,Low
JE105490,0.0,,,0.2155,normal,0.1078,Low
JE107217,0.0,,,0.2155,normal,0.1078,Low
JE106500,0.0,,,0.2157,normal,0.1078,Low
JE100854,0.0,,,0.2154,normal,0.1077,Low
JE100170,0.0,,,0.2154,normal,0.1077,Low
JE106808,0.0,,,0.2154,normal,0.1077,Low
JE101684,0.0,,,0.2154,normal,0.1077,Low
JE100280,0.0,,,0.2154,normal,0.1077,Low
JE100327,0.0,,,0.2153,normal,0.1076,Low
JE102474,0.0,,,0.2152,normal,0.1076,Low
JE104635,0.0,,,0.2151,normal,0.1076,Low
JE105438,0.0,,,0.2152,normal,0.1076,Low
JE104209,0.0,,,0.2151,normal,0.1076,Low
JE107948,0.0,,,0.2151,normal,0.1076,Low
JE101077,0.0,,,0.2152,normal,0.1076,Low
JE107145,0.0,,,0.215,normal,0.1075,Low
JE104740,0.0,,,0.215,normal,0.1075,Low
JE100393,0.0,,,0.2149,normal,0.1074,Low
JE101577,0.0,,,0.2148,normal,0.1074,Low
JE101981,0.0,,,0.2148,normal,0.1074,Low
JE105197,0.0,,,0.2148,normal,0.1074,Low
JE107820,0.0,,,0.2149,normal,0.1074,Low
JE102257,0.0,,,0.2149,normal,0.1074,Low
JE106079,0.0,,,0.2148,normal,0.1074,Low
JE101113,0.0,,,0.2148,normal,0.1074,Low
JE103683,0.0,,,0.2147,normal,0.1074,Low
JE102099,0.0,,,0.2149,normal,0.1074,Low
JE102835,0.0,,,0.2146,normal,0.1073,Low
JE101503,0.0,,,0.2146,normal,0.1073,Low
JE101297,0.0,,,0.2144,normal,0.1072,Low
JE103055,0.0,,,0.2143,normal,0.1072,Low
JE100625,0.0,,,0.2145,normal,0.1072,Low
JE100807,0.0,,,0.2145,normal,0.1072,Low
JE107741,0.0,,,0.2144,normal,0.1072,Low
JE104104,0.0,,,0.2145,normal,0.1072,Low
JE104618,0.0,,,0.2145,normal,0.1072,Low
JE100746,0.0,,,0.2144,normal,0.1072,Low
JE101281,0.0,,,0.2144,normal,0.1072,Low
JE100578,0.0,,,0.2144,normal,0.1072,Low
JE100965,0.0,,,0.2144,normal,0.1072,Low
JE104246,0.0,,,0.2145,normal,0.1072,Low
JE106838,0.0,,,0.2144,normal,0.1072,Low
JE101963,0.0,,,0.2145,normal,0.1072,Low
JE107082,0.0,,,0.2145,normal,0.1072,Low
JE105586,0.0,,,0.2145,normal,0.1072,Low
JE104975,0.0,,,0.2139,normal,0.107,Low
JE101185,0.0,,,0.2141,normal,0.107,Low
JE101923,0.0,,,0.214,normal,0.107,Low
JE106122,0.0,,,0.2141,normal,0.107,Low
JE104035,0.0,,,0.214,normal,0.107,Low
JE107523,0.0,,,0.214,normal,0.107,Low
JE103053,0.0,,,0.214,normal,0.107,Low
JE107194,0.0,,,0.2139,normal,0.107,Low
JE106160,0.0,,,0.214,normal,0.107,Low
JE101125,0.0,,,0.2141,normal,0.107,Low
JE102783,0.0,,,0.2141,normal,0.107,Low
JE105406,0.0,,,0.2138,normal,0.1069,Low
JE103906,0.0,,,0.2138,normal,0.1069,Low
JE106652,0.0,,,0.2138,normal,0.1069,Low
JE102708,0.0,,,0.2138,normal,0.1069,Low
JE106165,0.0,,,0.2138,normal,0.1069,Low
JE103364,0.0,,,0.2138,normal,0.1069,Low
JE106729,0.0,,,0.2138,normal,0.1069,Low
JE104108,0.0,,,0.2138,normal,0.1069,Low
JE107480,0.0,,,0.2138,normal,0.1069,Low
JE100553,0.0,,,0.2137,normal,0.1068,Low
JE101007,0.0,,,0.2135,normal,0.1068,Low
JE105350,0.0,,,0.2136,normal,0.1068,Low
JE104183,0.0,,,0.2135,normal,0.1068,Low
JE107173,0.0,,,0.2136,normal,0.1068,Low
JE103955,0.0,,,0.2136,normal,0.1068,Low
JE100125,0.0,,,0.2134,normal,0.1067,Low
JE105707,0.0,,,0.2134,normal,0.1067,Low
JE100245,0.0,,,0.2134,normal,0.1067,Low
JE101567,0.0,,,0.2134,normal,0.1067,Low
JE105072,0.0,,,0.2134,normal,0.1067,Low
JE103315,0.0,,,0.2134,normal,0.1067,Low
JE100694,0.0,,,0.2134,normal,0.1067,Low
JE101143,0.0,,,0.2134,normal,0.1067,Low
JE107884,0.0,,,0.2131,normal,0.1066,Low
JE101153,0.0,,,0.2132,normal,0.1066,Low
JE100636,0.0,,,0.2133,normal,0.1066,Low
JE107833,0.0,,,0.2132,normal,0.1066,Low
JE102636,0.0,,,0.2133,normal,0.1066,Low
JE101348,0.0,,,0.2133,normal,0.1066,Low
JE103485,0.0,,,0.2131,normal,0.1066,Low
JE101580,0.0,,,0.2132,normal,0.1066,Low
JE103214,0.0,,,0.2132,normal,0.1066,Low
JE106470,0.0,,,0.2133,normal,0.1066,Low
JE100292,0.0,,,0.213,normal,0.1065,Low
JE107545,0.0,,,0.213,normal,0.1065,Low
JE105937,0.0,,,0.213,normal,0.1065,Low
JE107785,0.0,,,0.2129,normal,0.1064,Low
JE103061,0.0,,,0.2128,normal,0.1064,Low
JE104072,0.0,,,0.2129,normal,0.1064,Low
JE103215,0.0,,,0.2129,normal,0.1064,Low
JE102418,0.0,,,0.2128,normal,0.1064,Low
JE105903,0.0,,,0.2128,normal,0.1064,Low
JE103295,0.0,,,0.2128,normal,0.1064,Low
JE106990,0.0,,,0.2127,normal,0.1064,Low
JE100373,0.0,,,0.2126,normal,0.1063,Low
JE100787,0.0,,,0.2126,normal,0.1063,Low
JE100727,0.0,,,0.2126,normal,0.1063,Low
JE100459,0.0,,,0.2126,normal,0.1063,Low
JE102831,0.0,,,0.2126,normal,0.1063,Low
JE100510,0.0,,,0.2124,normal,0.1062,Low
JE106336,0.0,,,0.2123,normal,0.1062,Low
JE101140,0.0,,,0.2124,normal,0.1062,Low
JE100255,0.0,,,0.2124,normal,0.1062,Low
JE101470,0.0,,,0.2124,normal,0.1062,Low
JE100090,0.0,,,0.2124,normal,0.1062,Low
JE103561,0.0,,,0.2124,normal,0.1062,Low
JE105549,0.0,,,0.2125,normal,0.1062,Low
JE105059,0.0,,,0.2125,normal,0.1062,Low
JE100142,0.0,,,0.2123,normal,0.1062,Low
JE104328,0.0,,,0.2122,normal,0.1061,Low
JE100559,0.0,,,0.2122,normal,0.1061,Low
JE107570,0.0,,,0.2119,normal,0.106,Low
JE105820,0.0,,,0.2119,normal,0.106,Low
JE103333,0.0,,,0.2119,normal,0.106,Low
JE106340,0.0,,,0.2119,normal,0.106,Low
JE100779,0.0,,,0.2121,normal,0.106,Low
JE107372,0.0,,,0.2121,normal,0.106,Low
JE106391,0.0,,,0.2119,normal,0.106,Low
JE104954,0.0,,,0.212,normal,0.106,Low
JE106544,0.0,,,0.212,normal,0.106,Low
JE103128,0.0,,,0.2121,normal,0.106,Low
JE102876,0.0,,,0.2121,normal,0.106,Low
JE102632,0.0,,,0.2119,normal,0.106,Low
JE101299,0.0,,,0.212,normal,0.106,Low
JE107630,0.0,,,0.2121,normal,0.106,Low
JE105362,0.0,,,0.2118,normal,0.1059,Low
JE100538,0.0,,,0.2118,normal,0.1059,Low
JE101764,0.0,,,0.2118,normal,0.1059,Low
JE107908,0.0,,,0.2118,normal,0.1059,Low
JE106209,0.0,,,0.2117,normal,0.1058,Low
JE105042,0.0,,,0.2117,normal,0.1058,Low
JE102975,0.0,,,0.2115,normal,0.1058,Low
JE106208,0.0,,,0.2117,normal,0.1058,Low
JE106415,0.0,,,0.2116,normal,0.1058,Low
JE100774,0.0,,,0.2115,normal,0.1058,Low
JE100732,0.0,,,0.2115,normal,0.1058,Low
JE105906,0.0,,,0.2117,normal,0.1058,Low
JE107584,0.0,,,0.2115,normal,0.1058,Low
JE106524,0.0,,,0.2116,normal,0.1058,Low
JE107973,0.0,,,0.2115,normal,0.1058,Low
JE101026,0.0,,,0.2117,normal,0.1058,Low
JE103293,0.0,,,0.2115,normal,0.1058,Low
JE105319,0.0,,,0.2116,normal,0.1058,Low
JE102217,0.0,,,0.2114,normal,0.1057,Low
JE100108,0.0,,,0.2114,normal,0.1057,Low
JE103409,0.0,,,0.2114,normal,0.1057,Low
JE107868,0.0,,,0.2114,normal,0.1057,Low
JE102088,0.0,,,0.2114,normal,0.1057,Low
JE105437,0.0,,,0.2112,normal,0.1056,Low
JE105390,0.0,,,0.2113,normal,0.1056,Low
JE104756,0.0,,,0.2112,normal,0.1056,Low
JE101525,0.0,,,0.2112,normal,0.1056,Low
JE103083,0.0,,,0.2111,normal,0.1056,Low
JE101571,0.0,,,0.2113,normal,0.1056,Low
JE103122,0.0,,,0.2111,normal,0.1056,Low
JE102003,0.0,,,0.2112,normal,0.1056,Low
JE107412,0.0,,,0.2111,normal,0.1056,Low
JE101032,0.0,,,0.2111,normal,0.1056,Low
JE102073,0.0,,,0.2113,normal,0.1056,Low
JE103466,0.0,,,0.211,normal,0.1055,Low
JE106566,0.0,,,0.211,normal,0.1055,Low
JE102857,0.0,,,0.211,normal,0.1055,Low
JE102754,0.0,,,0.2109,normal,0.1054,Low
JE101726,0.0,,,0.2107,normal,0.1054,Low
JE105290,0.0,,,0.2108,normal,0.1054,Low
JE105534,0.0,,,0.2108,normal,0.1054,Low
JE102180,0.0,,,0.2108,normal,0.1054,Low
JE102247,0.0,,,0.2107,normal,0.1054,Low
JE100212,0.0,,,0.2107,normal,0.1054,Low
JE105833,0.0,,,0.2109,normal,0.1054,Low
JE106119,0.0,,,0.2109,normal,0.1054,Low
JE101691,0.0,,,0.2109,normal,0.1054,Low
JE107756,0.0,,,0.2109,normal,0.1054,Low
JE102084,0.0,,,0.2106,normal,0.1053,Low
JE106669,0.0,,,0.2106,normal,0.1053,Low
JE102618,0.0,,,0.2106,normal,0.1053,Low
JE105238,0.0,,,0.2106,normal,0.1053,Low
JE107461,0.0,,,0.2105,normal,0.1052,Low
JE106406,0.0,,,0.2104,normal,0.1052,Low
JE106387,0.0,,,0.2103,normal,0.1052,Low
JE106617,0.0,,,0.2103,normal,0.1052,Low
JE105124,0.0,,,0.2102,normal,0.1051,Low
JE105499,0.0,,,0.2102,normal,0.1051,Low
JE104946,0.0,,,0.2102,normal,0.1051,Low
JE105029,0.0,,,0.2102,normal,0.1051,Low
JE104554,0.0,,,0.2099,normal,0.105,Low
JE101294,0.0,,,0.2099,normal,0.105,Low
JE104523,0.0,,,0.21,normal,0.105,Low
JE105525,0.0,,,0.2101,normal,0.105,Low
JE103939,0.0,,,0.21,normal,0.105,Low
JE105516,0.0,,,0.21,normal,0.105,Low
JE105832,0.0,,,0.2099,normal,0.105,Low
JE102216,0.0,,,0.2101,normal,0.105,Low
JE100350,0.0,,,0.2099,normal,0.105,Low
JE103860,0.0,,,0.21,normal,0.105,Low
JE105338,0.0,,,0.2099,normal,0.105,Low
JE107991,0.0,,,0.21,normal,0.105,Low
JE102970,0.0,,,0.2098,normal,0.1049,Low
JE101319,0.0,,,0.2098,normal,0.1049,Low
JE106155,0.0,,,0.2098,normal,0.1049,Low
JE100219,0.0,,,0.2096,normal,0.1048,Low
JE104294,0.0,,,0.2096,normal,0.1048,Low
JE105278,0.0,,,0.2096,normal,0.1048,Low
JE104816,0.0,,,0.2096,normal,0.1048,Low
JE100596,0.0,,,0.2095,normal,0.1048,Low
JE107330,0.0,,,0.2095,normal,0.1048,Low
JE102425,0.0,,,0.2097,normal,0.1048,Low
JE102885,0.0,,,0.2094,normal,0.1047,Low
JE102592,0.0,,,0.2094,normal,0.1047,Low
JE103402,0.0,,,0.2094,normal,0.1047,Low
JE106602,0.0,,,0.2094,normal,0.1047,Low
JE105088,0.0,,,0.2093,normal,0.1046,Low
JE102040,0.0,,,0.2093,normal,0.1046,Low
JE106440,0.0,,,0.2091,normal,0.1046,Low
JE107259,0.0,,,0.2093,normal,0.1046,Low
JE101760,0.0,,,0.2093,normal,0.1046,Low
JE104490,0.0,,,0.2091,normal,0.1046,Low
JE101889,0.0,,,0.2093,normal,0.1046,Low
JE100862,0.0,,,0.2092,normal,0.1046,Low
JE104607,0.0,,,0.2091,normal,0.1046,Low
JE105003,0.0,,,0.2092,normal,0.1046,Low
JE107895,0.0,,,0.2091,normal,0.1046,Low
JE107493,0.0,,,0.2091,normal,0.1046,Low
JE103018,0.0,,,0.2093,normal,0.1046,Low
JE101929,0.0,,,0.209,normal,0.1045,Low
JE100864,0.0,,,0.209,normal,0.1045,Low
JE104560,0.0,,,0.209,normal,0.1045,Low
JE105023,0.0,,,0.209,normal,0.1045,Low
JE106771,0.0,,,0.209,normal,0.1045,Low
JE105473,0.0,,,0.2088,normal,0.1044,Low
JE100455,0.0,,,0.2089,normal,0.1044,Low
JE100634,0.0,,,0.2089,normal,0.1044,Low
JE100987,0.0,,,0.2089,normal,0.1044,Low
JE104835,0.0,,,0.2087,normal,0.1044,Low
JE101638,0.0,,,0.2088,normal,0.1044,Low
JE107311,0.0,,,0.2087,normal,0.1044,Low
JE103974,0.0,,,0.2088,normal,0.1044,Low
JE101947,0.0,,,0.2087,normal,0.1044,Low
JE101189,0.0,,,0.2089,normal,0.1044,Low
JE105008,0.0,,,0.2088,normal,0.1044,Low
JE104273,0.0,,,0.2088,normal,0.1044,Low
JE100201,0.0,,,0.2088,normal,0.1044,Low
JE106489,0.0,,,0.2087,normal,0.1044,Low
JE106495,0.0,,,0.2088,normal,0.1044,Low
JE107763,0.0,,,0.2086,normal,0.1043,Low
JE103275,0.0,,,0.2086,normal,0.1043,Low
JE100374,0.0,,,0.2086,normal,0.1043,Low
JE105908,0.0,,,0.2086,normal,0.1043,Low
JE107029,0.0,,,0.2086,normal,0.1043,Low
JE103609,0.0,,,0.2086,normal,0.1043,Low
JE103622,0.0,,,0.2083,normal,0.1042,Low
JE101232,0.0,,,0.2085,normal,0.1042,Low
JE102194,0.0,,,0.2084,normal,0.1042,Low
JE102221,0.0,,,0.2084,normal,0.1042,Low
JE106932,0.0,,,0.2083,normal,0.1042,Low
JE101949,0.0,,,0.2082,normal,0.1041,Low
JE105734,0.0,,,0.2082,normal,0.1041,Low
JE100053,0.0,,,0.2082,normal,0.1041,Low
JE100295,0.0,,,0.2082,normal,0.1041,Low
JE105717,0.0,,,0.208,normal,0.104,Low
JE102576,0.0,,,0.208,normal,0.104,Low
JE103085,0.0,,,0.2081,normal,0.104,Low
JE107336,0.0,,,0.2081,normal,0.104,Low
JE107835,0.0,,,0.2081,normal,0.104,Low
JE105084,0.0,,,0.2079,normal,0.104,Low
JE100820,0.0,,,0.2081,normal,0.104,Low
JE107469,0.0,,,0.208,normal,0.104,Low
JE106818,0.0,,,0.2081,normal,0.104,Low
JE102684,0.0,,,0.2078,normal,0.1039,Low
JE104698,0.0,,,0.2078,normal,0.1039,Low
JE107126,0.0,,,0.2078,normal,0.1039,Low
JE103077,0.0,,,0.2078,normal,0.1039,Low
JE101437,0.0,,,0.2078,normal,0.1039,Low
JE104441,0.0,,,0.2078,normal,0.1039,Low
JE106106,0.0,,,0.2078,normal,0.1039,Low
JE103302,0.0,,,0.2075,normal,0.1038,Low
JE105342,0.0,,,0.2076,normal,0.1038,Low
JE101212,0.0,,,0.2075,normal,0.1038,Low
JE105070,0.0,,,0.2075,normal,0.1038,Low
JE103872,0.0,,,0.2077,normal,0.1038,Low
JE107037,0.0,,,0.2076,normal,0.1038,Low
JE105301,0.0,,,0.2077,normal,0.1038,Low
JE100406,0.0,,,0.2077,normal,0.1038,Low
JE100785,0.0,,,0.2077,normal,0.1038,Low
JE102143,0.0,,,0.2071,normal,0.1036,Low
JE104596,0.0,,,0.2071,normal,0.1036,Low
JE100667,0.0,,,0.2073,normal,0.1036,Low
JE104391,0.0,,,0.2071,normal,0.1036,Low
JE104841,0.0,,,0.2071,normal,0.1036,Low
JE104380,0.0,,,0.2073,normal,0.1036,Low
JE100031,0.0,,,0.2072,normal,0.1036,Low
JE106920,0.0,,,0.2072,normal,0.1036,Low
JE100580,0.0,,,0.207,normal,0.1035,Low
JE104647,0.0,,,0.207,normal,0.1035,Low
JE107947,0.0,,,0.2068,normal,0.1034,Low
JE105594,0.0,,,0.2069,normal,0.1034,Low
JE103324,0.0,,,0.2068,normal,0.1034,Low
JE101366,0.0,,,0.2069,normal,0.1034,Low
JE101880,0.0,,,0.2069,normal,0.1034,Low
JE107898,0.0,,,0.2068,normal,0.1034,Low
JE103441,0.0,,,0.2069,normal,0.1034,Low
JE102427,0.0,,,0.2069,normal,0.1034,Low
JE105134,0.0,,,0.2068,normal,0.1034,Low
JE103540,0.0,,,0.2069,normal,0.1034,Low
JE105668,0.0,,,0.2069,normal,0.1034,Low
JE103329,0.0,,,0.2068,normal,0.1034,Low
JE106309,0.0,,,0.2068,normal,0.1034,Low
JE100841,0.0,,,0.2068,normal,0.1034,Low
JE107231,0.0,,,0.2069,normal,0.1034,Low
JE104186,0.0,,,0.2067,normal,0.1034,Low
JE105646,0.0,,,0.2067,normal,0.1034,Low
JE105888,0.0,,,0.2069,normal,0.1034,Low
JE100378,0.0,,,0.2066,normal,0.1033,Low
JE103651,0.0,,,0.2066,normal,0.1033,Low
JE106170,0.0,,,0.2063,normal,0.1032,Low
JE101943,0.0,,,0.2065,normal,0.1032,Low
JE104770,0.0,,,0.2064,normal,0.1032,Low
JE101565,0.0,,,0.2065,normal,0.1032,Low
JE102126,0.0,,,0.2065,normal,0.1032,Low
JE102959,0.0,,,0.2065,normal,0.1032,Low
JE104838,0.0,,,0.2065,normal,0.1032,Low
JE100007,0.0,,,0.2063,normal,0.1032,Low
JE102799,0.0,,,0.2064,normal,0.1032,Low
JE106173,0.0,,,0.2063,normal,0.1032,Low
JE105077,0.0,,,0.2062,normal,0.1031,Low
JE101030,0.0,,,0.206,normal,0.103,Low
JE101558,0.0,,,0.206,normal,0.103,Low
JE104601,0.0,,,0.2061,normal,0.103,Low
JE101710,0.0,,,0.2061,normal,0.103,Low
JE107404,0.0,,,0.2061,normal,0.103,Low
JE103923,0.0,,,0.2061,normal,0.103,Low
JE104413,0.0,,,0.2059,normal,0.103,Low
JE102502,0.0,,,0.2059,normal,0.103,Low
JE105831,0.0,,,0.206,normal,0.103,Low
JE106645,0.0,,,0.2059,normal,0.103,Low
JE101273,0.0,,,0.206,normal,0.103,Low
JE107755,0.0,,,0.206,normal,0.103,Low
JE106734,0.0,,,0.206,normal,0.103,Low
JE102710,0.0,,,0.2058,normal,0.1029,Low
JE100035,0.0,,,0.2058,normal,0.1029,Low
JE102021,0.0,,,0.2058,normal,0.1029,Low
JE102172,0.0,,,0.2057,normal,0.1028,Low
JE103340,0.0,,,0.2057,normal,0.1028,Low
JE101548,0.0,,,0.2056,normal,0.1028,Low
JE106052,0.0,,,0.2056,normal,0.1028,Low
JE107979,0.0,,,0.2055,normal,0.1028,Low
JE107060,0.0,,,0.2057,normal,0.1028,Low
JE105827,0.0,,,0.2055,normal,0.1028,Low
JE102410,0.0,,,0.2056,normal,0.1028,Low
JE100419,0.0,,,0.2057,normal,0.1028,Low
JE106071,0.0,,,0.2054,normal,0.1027,Low
JE104582,0.0,,,0.2054,normal,0.1027,Low
JE104496,0.0,,,0.2051,normal,0.1026,Low
JE103605,0.0,,,0.2053,normal,0.1026,Low
JE100733,0.0,,,0.2053,normal,0.1026,Low
JE100436,0.0,,,0.2052,normal,0.1026,Low
JE101888,0.0,,,0.2051,normal,0.1026,Low
JE104202,0.0,,,0.2052,normal,0.1026,Low
JE103965,0.0,,,0.205,normal,0.1025,Low
JE102460,0.0,,,0.205,normal,0.1025,Low
JE102691,0.0,,,0.205,normal,0.1025,Low
JE100353,0.0,,,0.205,normal,0.1025,Low
JE100565,0.0,,,0.205,normal,0.1025,Low
JE105989,0.0,,,0.2048,normal,0.1024,Low
JE101732,0.0,,,0.2048,normal,0.1024,Low
JE100045,0.0,,,0.2048,normal,0.1024,Low
JE106861,0.0,,,0.2049,normal,0.1024,Low
JE106481,0.0,,,0.2048,normal,0.1024,Low
JE105267,0.0,,,0.2049,normal,0.1024,Low
JE105186,0.0,,,0.2049,normal,0.1024,Low
JE107327,0.0,,,0.2049,normal,0.1024,Low
JE104075,0.0,,,0.2048,normal,0.1024,Low
JE101152,0.0,,,0.2048,normal,0.1024,Low
JE107238,0.0,,,0.2048,normal,0.1024,Low
JE105128,0.0,,,0.2047,normal,0.1024,Low
JE107635,0.0,,,0.2049,normal,0.1024,Low
JE106346,0.0,,,0.2048,normal,0.1024,Low
JE102508,0.0,,,0.2046,normal,0.1023,Low
JE103199,0.0,,,0.2046,normal,0.1023,Low
JE104110,0.0,,,0.2044,normal,0.1022,Low
JE102041,0.0,,,0.2045,normal,0.1022,Low
JE107175,0.0,,,0.2043,normal,0.1022,Low
JE104485,0.0,,,0.2045,normal,0.1022,Low
JE104746,0.0,,,0.2045,normal,0.1022,Low
JE105900,0.0,,,0.2044,normal,0.1022,Low
JE104956,0.0,,,0.2043,normal,0.1022,Low
JE100772,0.0,,,0.2042,normal,0.1021,Low
JE100802,0.0,,,0.2042,normal,0.1021,Low
JE103763,0.0,,,0.2042,normal,0.1021,Low
JE101111,0.0,,,0.2042,normal,0.1021,Low
JE105142,0.0,,,0.2039,normal,0.102,Low
JE103739,0.0,,,0.2041,normal,0.102,Low
JE106305,0.0,,,0.204,normal,0.102,Low
JE106246,0.0,,,0.2041,normal,0.102,Low
JE100690,0.0,,,0.2039,normal,0.102,Low
JE102571,0.0,,,0.2041,normal,0.102,Low
JE103737,0.0,,,0.204,normal,0.102,Low
JE103646,0.0,,,0.204,normal,0.102,Low
JE104543,0.0,,,0.2038,normal,0.1019,Low
JE103006,0.0,,,0.2038,normal,0.1019,Low
JE107072,0.0,,,0.2038,normal,0.1019,Low
JE107892,0.0,,,0.2037,normal,0.1018,Low
JE106067,0.0,,,0.2036,normal,0.1018,Low
JE102325,0.0,,,0.2036,normal,0.1018,Low
JE100274,0.0,,,0.2037,normal,0.1018,Low
JE100092,0.0,,,0.2037,normal,0.1018,Low
JE105491,0.0,,,0.2037,normal,0.1018,Low
JE103192,0.0,,,0.2037,normal,0.1018,Low
JE101390,0.0,,,0.2037,normal,0.1018,Low
JE102930,0.0,,,0.2036,normal,0.1018,Low
JE107790,0.0,,,0.2036,normal,0.1018,Low
JE103227,0.0,,,0.2036,normal,0.1018,Low
JE101460,0.0,,,0.2035,normal,0.1017,Low
JE103657,0.0,,,0.2034,normal,0.1017,Low
JE103011,0.0,,,0.2035,normal,0.1017,Low
JE102337,0.0,,,0.2034,normal,0.1017,Low
JE104834,0.0,,,0.2035,normal,0.1017,Low
JE104327,0.0,,,0.2035,normal,0.1017,Low
JE103546,0.0,,,0.2035,normal,0.1017,Low
JE107876,0.0,,,0.2033,normal,0.1016,Low
JE104610,0.0,,,0.2033,normal,0.1016,Low
JE104064,0.0,,,0.2032,normal,0.1016,Low
JE107694,0.0,,,0.2031,normal,0.1016,Low
JE103654,0.0,,,0.2033,normal,0.1016,Low
JE105336,0.0,,,0.2032,normal,0.1016,Low
JE100961,0.0,,,0.2032,normal,0.1016,Low
JE106201,0.0,,,0.203,normal,0.1015,Low
JE107500,0.0,,,0.203,normal,0.1015,Low
JE105129,0.0,,,0.203,normal,0.1015,Low
JE105916,0.0,,,0.203,normal,0.1015,Low
JE101135,0.0,,,0.2028,normal,0.1014,Low
JE102663,0.0,,,0.2028,normal,0.1014,Low
JE106753,0.0,,,0.2029,normal,0.1014,Low
JE101379,0.0,,,0.2028,normal,0.1014,Low
JE101053,0.0,,,0.2028,normal,0.1014,Low
JE102738,0.0,,,0.2029,normal,0.1014,Low
JE105606,0.0,,,0.2027,normal,0.1014,Low
JE100286,0.0,,,0.2028,normal,0.1014,Low
JE107912,0.0,,,0.2028,normal,0.1014,Low
JE106154,0.0,,,0.2027,normal,0.1014,Low
JE102404,0.0,,,0.2028,normal,0.1014,Low
JE101193,0.0,,,0.2027,normal,0.1014,Low
JE102704,0.0,,,0.2025,normal,0.1013,Low
JE104231,0.0,,,0.2025,normal,0.1013,Low
JE106420,0.0,,,0.2026,normal,0.1013,Low
JE107716,0.0,,,0.2025,normal,0.1013,Low
JE101754,0.0,,,0.2024,normal,0.1012,Low
JE103285,0.0,,,0.2023,normal,0.1012,Low
JE102956,0.0,,,0.2023,normal,0.1012,Low
JE101190,0.0,,,0.2023,normal,0.1012,Low
JE102184,0.0,,,0.2023,normal,0.1012,Low
JE102573,0.0,,,0.2022,normal,0.1011,Low
JE101501,0.0,,,0.2022,normal,0.1011,Low
JE102996,0.0,,,0.2022,normal,0.1011,Low
JE104255,0.0,,,0.2021,normal,0.101,Low
JE105894,0.0,,,0.202,normal,0.101,Low
JE105331,0.0,,,0.2019,normal,0.101,Low
JE104679,0.0,,,0.202,normal,0.101,Low
JE100805,0.0,,,0.202,normal,0.101,Low
JE105041,0.0,,,0.202,normal,0.101,Low
JE101351,0.0,,,0.2021,normal,0.101,Low
JE107557,0.0,,,0.2021,normal,0.101,Low
JE102230,0.0,,,0.2019,normal,0.101,Low
JE106066,0.0,,,0.2021,normal,0.101,Low
JE100988,0.0,,,0.2018,normal,0.1009,Low
JE102037,0.0,,,0.2018,normal,0.1009,Low
JE104222,0.0,,,0.2018,normal,0.1009,Low
JE105304,0.0,,,0.2018,normal,0.1009,Low
JE106594,0.0,,,0.2017,normal,0.1008,Low
JE104532,0.0,,,0.2016,normal,0.1008,Low
JE107794,0.0,,,0.2015,normal,0.1008,Low
JE104358,0.0,,,0.2016,normal,0.1008,Low
JE100364,0.0,,,0.2017,normal,0.1008,Low
JE102388,0.0,,,0.2017,normal,0.1008,Low
JE104223,0.0,,,0.2015,normal,0.1008,Low
JE107819,0.0,,,0.2016,normal,0.1008,Low
JE107482,0.0,,,0.2016,normal,0.1008,Low
JE107352,0.0,,,0.2016,normal,0.1008,Low
JE102605,0.0,,,0.2016,normal,0.1008,Low
JE105543,0.0,,,0.2016,normal,0.1008,Low
JE104863,0.0,,,0.2015,normal,0.1008,Low
JE103656,0.0,,,0.2014,normal,0.1007,Low
JE106912,0.0,,,0.2014,normal,0.1007,Low
JE107160,0.0,,,0.2014,normal,0.1007,Low
JE105242,0.0,,,0.2013,normal,0.1006,Low
JE106343,0.0,,,0.2013,normal,0.1006,Low
JE100645,0.0,,,0.2011,normal,0.1006,Low
JE100904,0.0,,,0.2013,normal,0.1006,Low
JE101477,0.0,,,0.2012,normal,0.1006,Low
JE101521,0.0,,,0.2012,normal,0.1006,Low
JE107220,0.0,,,0.2013,normal,0.1006,Low
JE101779,0.0,,,0.2012,normal,0.1006,Low
JE102536,0.0,,,0.2011,normal,0.1006,Low
JE101421,0.0,,,0.2012,normal,0.1006,Low
JE100163,0.0,,,0.2012,normal,0.1006,Low
JE103985,0.0,,,0.2013,normal,0.1006,Low
JE107026,0.0,,,0.2012,normal,0.1006,Low
JE107589,0.0,,,0.2012,normal,0.1006,Low
JE105841,0.0,,,0.201,normal,0.1005,Low
JE103219,0.0,,,0.201,normal,0.1005,Low
JE107593,0.0,,,0.201,normal,0.1005,Low
JE105950,0.0,,,0.201,normal,0.1005,Low
JE106275,0.0,,,0.2008,normal,0.1004,Low
JE106501,0.0,,,0.2009,normal,0.1004,Low
JE105318,0.0,,,0.2009,normal,0.1004,Low
JE106841,0.0,,,0.2007,normal,0.1004,Low
JE100023,0.0,,,0.2009,normal,0.1004,Low
JE101485,0.0,,,0.2007,normal,0.1004,Low
JE104360,0.0,,,0.2008,normal,0.1004,Low
JE107608,0.0,,,0.2007,normal,0.1004,Low
JE104573,0.0,,,0.2006,normal,0.1003,Low
JE103823,0.0,,,0.2005,normal,0.1003,Low
JE107024,0.0,,,0.2006,normal,0.1003,Low
JE106417,0.0,,,0.2005,normal,0.1003,Low
JE106795,0.0,,,0.2005,normal,0.1003,Low
JE103831,0.0,,,0.2006,normal,0.1003,Low
JE107389,0.0,,,0.2006,normal,0.1003,Low
JE102552,0.0,,,0.2005,normal,0.1003,Low
JE106615,0.0,,,0.2005,normal,0.1003,Low
JE104855,0.0,,,0.2005,normal,0.1003,Low
JE105760,0.0,,,0.2006,normal,0.1003,Low
JE104302,0.0,,,0.2005,normal,0.1003,Low
JE104584,0.0,,,0.2005,normal,0.1003,Low
JE101433,0.0,,,0.2004,normal,0.1002,Low
JE100344,0.0,,,0.2004,normal,0.1002,Low
JE106002,0.0,,,0.2004,normal,0.1002,Low
JE100753,0.0,,,0.2004,normal,0.1002,Low
JE100556,0.0,,,0.2003,normal,0.1002,Low
JE103108,0.0,,,0.2004,normal,0.1002,Low
JE100737,0.0,,,0.2004,normal,0.1002,Low
JE102348,0.0,,,0.2002,normal,0.1001,Low
JE101505,0.0,,,0.2002,normal,0.1001,Low
JE102210,0.0,,,0.2002,normal,0.1001,Low
JE107691,0.0,,,0.2002,normal,0.1001,Low
JE106284,0.0,,,0.2002,normal,0.1001,Low
JE103043,0.0,,,0.2002,normal,0.1001,Low
JE101974,0.0,,,0.2002,normal,0.1001,Low
JE101742,0.0,,,0.2,normal,0.1,Low
JE107335,0.0,,,0.2001,normal,0.1,Low
JE104836,0.0,,,0.2,normal,0.1,Low
JE103301,0.0,,,0.2,normal,0.1,Low
JE104537,0.0,,,0.2,normal,0.1,Low
JE101674,0.0,,,0.2001,normal,0.1,Low
JE101237,0.0,,,0.1998,normal,0.0999,Low
JE101436,0.0,,,0.1998,normal,0.0999,Low
JE105574,0.0,,,0.1998,normal,0.0999,Low
JE105068,0.0,,,0.1998,normal,0.0999,Low
JE104924,0.0,,,0.1998,normal,0.0999,Low
JE104782,0.0,,,0.1998,normal,0.0999,Low
JE105528,0.0,,,0.1998,normal,0.0999,Low
JE102321,0.0,,,0.1995,normal,0.0998,Low
JE104977,0.0,,,0.1995,normal,0.0998,Low
JE100867,0.0,,,0.1997,normal,0.0998,Low
JE103356,0.0,,,0.1997,normal,0.0998,Low
JE104062,0.0,,,0.1996,normal,0.0998,Low
JE102317,0.0,,,0.1995,normal,0.0998,Low
JE104178,0.0,,,0.1996,normal,0.0998,Low
JE101694,0.0,,,0.1995,normal,0.0998,Low
JE101354,0.0,,,0.1995,normal,0.0998,Low
JE105111,0.0,,,0.1997,normal,0.0998,Low
JE101282,0.0,,,0.1994,normal,0.0997,Low
JE106480,0.0,,,0.1994,normal,0.0997,Low
JE105388,0.0,,,0.1994,normal,0.0997,Low
JE106144,0.0,,,0.1994,normal,0.0997,Low
JE100010,0.0,,,0.1992,normal,0.0996,Low
JE104063,0.0,,,0.1993,normal,0.0996,Low
JE103873,0.0,,,0.1992,normal,0.0996,Low
JE103992,0.0,,,0.1992,normal,0.0996,Low
JE107312,0.0,,,0.1992,normal,0.0996,Low
JE104336,0.0,,,0.1991,normal,0.0996,Low
JE101671,0.0,,,0.1992,normal,0.0996,Low
JE106779,0.0,,,0.1992,normal,0.0996,Low
JE104501,0.0,,,0.1992,normal,0.0996,Low
JE106508,0.0,,,0.1993,normal,0.0996,Low
JE100078,0.0,,,0.1992,normal,0.0996,Low
JE100113,0.0,,,0.1991,normal,0.0996,Low
JE100813,0.0,,,0.1992,normal,0.0996,Low
JE107017,0.0,,,0.1992,normal,0.0996,Low
JE104265,0.0,,,0.1992,normal,0.0996,Low
JE104338,0.0,,,0.1992,normal,0.0996,Low
JE101018,0.0,,,0.1991,normal,0.0996,Low
JE106562,0.0,,,0.1992,normal,0.0996,Low
JE103027,0.0,,,0.1991,normal,0.0996,Low
JE105071,0.0,,,0.1991,normal,0.0996,Low
JE105395,0.0,,,0.199,normal,0.0995,Low
JE103909,0.0,,,0.199,normal,0.0995,Low
JE100067,0.0,,,0.199,normal,0.0995,Low
JE104839,0.0,,,0.199,normal,0.0995,Low
JE107697,0.0,,,0.1988,normal,0.0994,Low
JE100830,0.0,,,0.1989,normal,0.0994,Low
JE103552,0.0,,,0.1988,normal,0.0994,Low
JE103881,0.0,,,0.1989,normal,0.0994,Low
JE101044,0.0,,,0.1989,normal,0.0994,Low
JE102512,0.0,,,0.1986,normal,0.0993,Low
JE106492,0.0,,,0.1987,normal,0.0993,Low
JE104745,0.0,,,0.1986,normal,0.0993,Low
JE104790,0.0,,,0.1986,normal,0.0993,Low
JE104759,0.0,,,0.1987,normal,0.0993,Low
JE107263,0.0,,,0.1987,normal,0.0993,Low
JE100971,0.0,,,0.1986,normal,0.0993,Low
JE101368,0.0,,,0.1987,normal,0.0993,Low
JE107779,0.0,,,0.1987,normal,0.0993,Low
JE106690,0.0,,,0.1986,normal,0.0993,Low
JE107921,0.0,,,0.1987,normal,0.0993,Low
JE107631,0.0,,,0.1986,normal,0.0993,Low
JE101271,0.0,,,0.1987,normal,0.0993,Low
JE104011,0.0,,,0.1983,normal,0.0992,Low
JE101846,0.0,,,0.1984,normal,0.0992,Low
JE107288,0.0,,,0.1983,normal,0.0992,Low
JE102657,0.0,,,0.1984,normal,0.0992,Low
JE100064,0.0,,,0.1984,normal,0.0992,Low
JE103890,0.0,,,0.1984,normal,0.0992,Low
JE106169,0.0,,,0.1983,normal,0.0992,Low
JE103919,0.0,,,0.1984,normal,0.0992,Low
JE107997,0.0,,,0.1985,normal,0.0992,Low
JE107841,0.0,,,0.1983,normal,0.0992,Low
JE107068,0.0,,,0.1982,normal,0.0991,Low
JE104475,0.0,,,0.1982,normal,0.0991,Low
JE104363,0.0,,,0.1979,normal,0.099,Low
JE104269,0.0,,,0.1979,normal,0.099,Low
JE102897,0.0,,,0.1979,normal,0.099,Low
JE106078,0.0,,,0.198,normal,0.099,Low
JE103468,0.0,,,0.1979,normal,0.099,Low
JE106057,0.0,,,0.1981,normal,0.099,Low
JE106257,0.0,,,0.198,normal,0.099,Low
JE104754,0.0,,,0.1979,normal,0.099,Low
JE106153,0.0,,,0.1981,normal,0.099,Low
JE105926,0.0,,,0.1981,normal,0.099,Low
JE106907,0.0,,,0.1981,normal,0.099,Low
JE103967,0.0,,,0.1978,normal,0.0989,Low
JE105568,0.0,,,0.1978,normal,0.0989,Low
JE107125,0.0,,,0.1975,normal,0.0988,Low
JE100996,0.0,,,0.1977,normal,0.0988,Low
JE102112,0.0,,,0.1977,normal,0.0988,Low
JE104666,0.0,,,0.1976,normal,0.0988,Low
JE102190,0.0,,,0.1975,normal,0.0988,Low
JE107745,0.0,,,0.1977,normal,0.0988,Low
JE101302,0.0,,,0.1975,normal,0.0988,Low
JE103816,0.0,,,0.1974,normal,0.0987,Low
JE100110,0.0,,,0.1974,normal,0.0987,Low
JE107200,0.0,,,0.1974,normal,0.0987,Low
JE106242,0.0,,,0.1972,normal,0.0986,Low
JE104037,0.0,,,0.1972,normal,0.0986,Low
JE104247,0.0,,,0.1973,normal,0.0986,Low
JE101188,0.0,,,0.1971,normal,0.0986,Low
JE105175,0.0,,,0.1971,normal,0.0986,Low
JE100056,0.0,,,0.1972,normal,0.0986,Low
JE101261,0.0,,,0.1971,normal,0.0986,Low
JE102108,0.0,,,0.1971,normal,0.0986,Low
JE104074,0.0,,,0.197,normal,0.0985,Low
JE105652,0.0,,,0.197,normal,0.0985,Low
JE102909,0.0,,,0.197,normal,0.0985,Low
JE105642,0.0,,,0.197,normal,0.0985,Low
JE100438,0.0,,,0.1968,normal,0.0984,Low
JE103508,0.0,,,0.1967,normal,0.0984,Low
JE101590,0.0,,,0.1968,normal,0.0984,Low
JE104905,0.0,,,0.1967,normal,0.0984,Low
JE107350,0.0,,,0.1967,normal,0.0984,Low
JE107280,0.0,,,0.1967,normal,0.0984,Low
JE102699,0.0,,,0.1968,normal,0.0984,Low
JE103149,0.0,,,0.1968,normal,0.0984,Low
JE101067,0.0,,,0.1969,normal,0.0984,Low
JE101623,0.0,,,0.1969,normal,0.0984,Low
JE100747,0.0,,,0.1966,normal,0.0983,Low
JE107196,0.0,,,0.1966,normal,0.0983,Low
JE105632,0.0,,,0.1964,normal,0.0982,Low
JE107209,0.0,,,0.1965,normal,0.0982,Low
JE100955,0.0,,,0.1964,normal,0.0982,Low
JE101123,0.0,,,0.1965,normal,0.0982,Low
JE100833,0.0,,,0.1963,normal,0.0982,Low
JE100300,0.0,,,0.1964,normal,0.0982,Low
JE105580,0.0,,,0.1965,normal,0.0982,Low
JE102445,0.0,,,0.1964,normal,0.0982,Low
JE107080,0.0,,,0.1963,normal,0.0982,Low
JE104435,0.0,,,0.1964,normal,0.0982,Low
JE101758,0.0,,,0.1965,normal,0.0982,Low
JE103458,0.0,,,0.1963,normal,0.0982,Low
JE102749,0.0,,,0.1962,normal,0.0981,Low
JE102758,0.0,,,0.1962,normal,0.0981,Low
JE104455,0.0,,,0.1962,normal,0.0981,Low
JE101680,0.0,,,0.196,normal,0.098,Low
JE101952,0.0,,,0.1959,normal,0.098,Low
JE106794,0.0,,,0.1959,normal,0.098,Low
JE103506,0.0,,,0.196,normal,0.098,Low
JE101324,0.0,,,0.1961,normal,0.098,Low
JE102352,0.0,,,0.1959,normal,0.098,Low
JE105402,0.0,,,0.1959,normal,0.098,Low
JE103384,0.0,,,0.1961,normal,0.098,Low
JE100408,0.0,,,0.1961,normal,0.098,Low
JE106965,0.0,,,0.196,normal,0.098,Low
JE105048,0.0,,,0.1957,normal,0.0979,Low
JE102384,0.0,,,0.1958,normal,0.0979,Low
JE106935,0.0,,,0.1957,normal,0.0979,Low
JE102011,0.0,,,0.1957,normal,0.0979,Low
JE103434,0.0,,,0.1957,normal,0.0979,Low
JE107827,0.0,,,0.1958,normal,0.0979,Low
JE103341,0.0,,,0.1958,normal,0.0979,Low
JE104528,0.0,,,0.1957,normal,0.0979,Low
JE107403,0.0,,,0.1958,normal,0.0979,Low
JE104824,0.0,,,0.1956,normal,0.0978,Low
JE107726,0.0,,,0.1955,normal,0.0978,Low
JE101000,0.0,,,0.1955,normal,0.0978,Low
JE101910,0.0,,,0.1955,normal,0.0978,Low
JE105774,0.0,,,0.1956,normal,0.0978,Low
JE105306,0.0,,,0.1956,normal,0.0978,Low
JE107968,0.0,,,0.1956,normal,0.0978,Low
JE107265,0.0,,,0.1955,normal,0.0978,Low
JE101882,0.0,,,0.1954,normal,0.0977,Low
JE102920,0.0,,,0.1954,normal,0.0977,Low
JE107653,0.0,,,0.1951,normal,0.0976,Low
JE107978,0.0,,,0.1951,normal,0.0976,Low
JE107662,0.0,,,0.1952,normal,0.0976,Low
JE106102,0.0,,,0.1953,normal,0.0976,Low
JE105649,0.0,,,0.195,normal,0.0975,Low
JE103156,0.0,,,0.195,normal,0.0975,Low
JE100744,0.0,,,0.195,normal,0.0975,Low
JE107803,0.0,,,0.195,normal,0.0975,Low
JE103142,0.0,,,0.1947,normal,0.0974,Low
JE103601,0.0,,,0.1948,normal,0.0974,Low
JE103475,0.0,,,0.1949,normal,0.0974,Low
JE103778,0.0,,,0.1948,normal,0.0974,Low
JE107417,0.0,,,0.1947,normal,0.0974,Low
JE100871,0.0,,,0.1948,normal,0.0974,Low
JE100076,0.0,,,0.1948,normal,0.0974,Low
JE106345,0.0,,,0.1949,normal,0.0974,Low
JE107760,0.0,,,0.1947,normal,0.0974,Low
JE100969,0.0,,,0.1949,normal,0.0974,Low
JE102985,0.0,,,0.1949,normal,0.0974,Low
JE105060,0.0,,,0.1948,normal,0.0974,Low
JE103899,0.0,,,0.1947,normal,0.0974,Low
JE105808,0.0,,,0.1946,normal,0.0973,Low
JE102531,0.0,,,0.1946,normal,0.0973,Low
JE106458,0.0,,,0.1944,normal,0.0972,Low
JE105047,0.0,,,0.1943,normal,0.0972,Low
JE103294,0.0,,,0.1943,normal,0.0972,Low
JE105647,0.0,,,0.1944,normal,0.0972,Low
JE105500,0.0,,,0.1943,normal,0.0972,Low
JE105234,0.0,,,0.1945,normal,0.0972,Low
JE104154,0.0,,,0.1945,normal,0.0972,Low
JE107885,0.0,,,0.1944,normal,0.0972,Low
JE103927,0.0,,,0.1945,normal,0.0972,Low
JE107150,0.0,,,0.1944,normal,0.0972,Low
JE104117,0.0,,,0.1943,normal,0.0972,Low
JE101407,0.0,,,0.1944,normal,0.0972,Low
JE106869,0.0,,,0.1944,normal,0.0972,Low
JE100089,0.0,,,0.1942,normal,0.0971,Low
JE106758,0.0,,,0.1942,normal,0.0971,Low
JE107988,0.0,,,0.1942,normal,0.0971,Low
JE107457,0.0,,,0.1942,normal,0.0971,Low
JE106468,0.0,,,0.194,normal,0.097,Low
JE105280,0.0,,,0.1939,normal,0.097,Low
JE102118,0.0,,,0.1941,normal,0.097,Low
JE103524,0.0,,,0.194,normal,0.097,Low
JE101118,0.0,,,0.1941,normal,0.097,Low
JE105313,0.0,,,0.1941,normal,0.097,Low
JE104412,0.0,,,0.194,normal,0.097,Low
JE102288,0.0,,,0.1938,normal,0.0969,Low
JE106686,0.0,,,0.1938,normal,0.0969,Low
JE105806,0.0,,,0.1937,normal,0.0968,Low
JE104571,0.0,,,0.1935,normal,0.0968,Low
JE107519,0.0,,,0.1936,normal,0.0968,Low
JE106930,0.0,,,0.1936,normal,0.0968,Low
JE104439,0.0,,,0.1936,normal,0.0968,Low
JE100695,0.0,,,0.1936,normal,0.0968,Low
JE104811,0.0,,,0.1936,normal,0.0968,Low
JE101718,0.0,,,0.1934,normal,0.0967,Low
JE100392,0.0,,,0.1931,normal,0.0966,Low
JE107071,0.0,,,0.1933,normal,0.0966,Low
JE107642,0.0,,,0.1933,normal,0.0966,Low
JE100293,0.0,,,0.1933,normal,0.0966,Low
JE101748,0.0,,,0.1931,normal,0.0966,Low
JE105898,0.0,,,0.193,normal,0.0965,Low
JE102568,0.0,,,0.193,normal,0.0965,Low
JE100467,0.0,,,0.1929,normal,0.0964,Low
JE102433,0.0,,,0.1927,normal,0.0964,Low
JE106983,0.0,,,0.1927,normal,0.0964,Low
JE104632,0.0,,,0.1928,normal,0.0964,Low
JE107295,0.0,,,0.1928,normal,0.0964,Low
JE101933,0.0,,,0.1927,normal,0.0964,Low
JE105533,0.0,,,0.1927,normal,0.0964,Low
JE100644,0.0,,,0.1929,normal,0.0964,Low
JE107828,0.0,,,0.1928,normal,0.0964,Low
JE100856,0.0,,,0.1929,normal,0.0964,Low
JE100197,0.0,,,0.1926,normal,0.0963,Low
JE102260,0.0,,,0.1926,normal,0.0963,Low
JE101695,0.0,,,0.1926,normal,0.0963,Low
JE106662,0.0,,,0.1926,normal,0.0963,Low
JE102637,0.0,,,0.1926,normal,0.0963,Low
JE101556,0.0,,,0.1924,normal,0.0962,Low
JE107572,0.0,,,0.1924,normal,0.0962,Low
JE107610,0.0,,,0.1923,normal,0.0962,Low
JE102973,0.0,,,0.1924,normal,0.0962,Low
JE100291,0.0,,,0.1924,normal,0.0962,Low
JE106706,0.0,,,0.1925,normal,0.0962,Low
JE104176,0.0,,,0.1925,normal,0.0962,Low
JE104277,0.0,,,0.1925,normal,0.0962,Low
JE106157,0.0,,,0.1924,normal,0.0962,Low
JE101825,0.0,,,0.1923,normal,0.0962,Low
JE103036,0.0,,,0.1922,normal,0.0961,Low
JE104051,0.0,,,0.1922,normal,0.0961,Low
JE107932,0.0,,,0.1922,normal,0.0961,Low
JE104723,0.0,,,0.1922,normal,0.0961,Low
JE105829,0.0,,,0.1922,normal,0.0961,Low
JE103163,0.0,,,0.1922,normal,0.0961,Low
JE101739,0.0,,,0.1921,normal,0.096,Low
JE106093,0.0,,,0.1921,normal,0.096,Low
JE100641,0.0,,,0.1921,normal,0.096,Low
JE106871,0.0,,,0.1921,normal,0.096,Low
JE102726,0.0,,,0.192,normal,0.096,Low
JE107711,0.0,,,0.192,normal,0.096,Low
JE103488,0.0,,,0.192,normal,0.096,Low
JE106922,0.0,,,0.192,normal,0.096,Low
JE100999,0.0,,,0.1921,normal,0.096,Low
JE106446,0.0,,,0.1918,normal,0.0959,Low
JE103645,0.0,,,0.1919,normal,0.0959,Low
JE106228,0.0,,,0.1918,normal,0.0959,Low
JE105853,0.0,,,0.1918,normal,0.0959,Low
JE102971,0.0,,,0.1919,normal,0.0959,Low
JE102258,0.0,,,0.1919,normal,0.0959,Low
JE107571,0.0,,,0.1919,normal,0.0959,Low
JE100294,0.0,,,0.1918,normal,0.0959,Low
JE106716,0.0,,,0.1918,normal,0.0959,Low
JE105116,0.0,,,0.1916,normal,0.0958,Low
JE102683,0.0,,,0.1915,normal,0.0958,Low
JE106045,0.0,,,0.1915,normal,0.0958,Low
JE106461,0.0,,,0.1916,normal,0.0958,Low
JE104549,0.0,,,0.1916,normal,0.0958,Low
JE103202,0.0,,,0.1917,normal,0.0958,Low
JE104306,0.0,,,0.1915,normal,0.0958,Low
JE101611,0.0,,,0.1916,normal,0.0958,Low
JE102750,0.0,,,0.1916,normal,0.0958,Low
JE104308,0.0,,,0.1914,normal,0.0957,Low
JE101813,0.0,,,0.1914,normal,0.0957,Low
JE104406,0.0,,,0.1914,normal,0.0957,Low
JE104774,0.0,,,0.1914,normal,0.0957,Low
JE102200,0.0,,,0.1913,normal,0.0956,Low
JE102763,0.0,,,0.1913,normal,0.0956,Low
JE105811,0.0,,,0.1913,normal,0.0956,Low
JE103408,0.0,,,0.1912,normal,0.0956,Low
JE104326,0.0,,,0.1912,normal,0.0956,Low
JE106198,0.0,,,0.1911,normal,0.0956,Low
JE100481,0.0,,,0.1911,normal,0.0956,Low
JE106685,0.0,,,0.1911,normal,0.0956,Low
JE103937,0.0,,,0.1913,normal,0.0956,Low
JE105057,0.0,,,0.1912,normal,0.0956,Low
JE103743,0.0,,,0.1913,normal,0.0956,Low
JE100976,0.0,,,0.1913,normal,0.0956,Low
JE103720,0.0,,,0.1913,normal,0.0956,Low
JE100731,0.0,,,0.1912,normal,0.0956,Low
JE106191,0.0,,,0.1911,normal,0.0956,Low
JE104962,0.0,,,0.191,normal,0.0955,Low
JE107931,0.0,,,0.191,normal,0.0955,Low
JE106700,0.0,,,0.191,normal,0.0955,Low
JE101857,0.0,,,0.1907,normal,0.0954,Low
JE107644,0.0,,,0.1908,normal,0.0954,Low
JE100085,0.0,,,0.1907,normal,0.0954,Low
JE101706,0.0,,,0.1909,normal,0.0954,Low
JE101060,0.0,,,0.1908,normal,0.0954,Low
JE103347,0.0,,,0.1909,normal,0.0954,Low
JE102926,0.0,,,0.1908,normal,0.0954,Low
JE100514,0.0,,,0.1908,normal,0.0954,Low
JE100039,0.0,,,0.1908,normal,0.0954,Low
JE103991,0.0,,,0.1909,normal,0.0954,Low
JE107613,0.0,,,0.1909,normal,0.0954,Low
JE107299,0.0,,,0.1907,normal,0.0954,Low
JE102016,0.0,,,0.1908,normal,0.0954,Low
JE103132,0.0,,,0.1909,normal,0.0954,Low
JE104301,0.0,,,0.1906,normal,0.0953,Low
JE100069,0.0,,,0.1906,normal,0.0953,Low
JE105576,0.0,,,0.1906,normal,0.0953,Low
JE105341,0.0,,,0.1906,normal,0.0953,Low
JE106502,0.0,,,0.1906,normal,0.0953,Low
JE103979,0.0,,,0.1906,normal,0.0953,Low
JE102115,0.0,,,0.1906,normal,0.0953,Low
JE104651,0.0,,,0.1905,normal,0.0952,Low
JE103637,0.0,,,0.1903,normal,0.0952,Low
JE106333,0.0,,,0.1903,normal,0.0952,Low
JE103392,0.0,,,0.1904,normal,0.0952,Low
JE104376,0.0,,,0.1905,normal,0.0952,Low
JE102770,0.0,,,0.1905,normal,0.0952,Low
JE100555,0.0,,,0.1903,normal,0.0952,Low
JE100704,0.0,,,0.1905,normal,0.0952,Low
JE107356,0.0,,,0.1905,normal,0.0952,Low
JE102267,0.0,,,0.1905,normal,0.0952,Low
JE100821,0.0,,,0.1905,normal,0.0952,Low
JE102717,0.0,,,0.1902,normal,0.0951,Low
JE101258,0.0,,,0.1902,normal,0.0951,Low
JE106933,0.0,,,0.1901,normal,0.095,Low
JE105787,0.0,,,0.1901,normal,0.095,Low
JE102644,0.0,,,0.1901,normal,0.095,Low
JE107727,0.0,,,0.1901,normal,0.095,Low
JE102716,0.0,,,0.19,normal,0.095,Low
JE105245,0.0,,,0.1901,normal,0.095,Low
JE106054,0.0,,,0.1898,normal,0.0949,Low
JE103837,0.0,,,0.1898,normal,0.0949,Low
JE106894,0.0,,,0.1898,normal,0.0949,Low
JE105332,0.0,,,0.1898,normal,0.0949,Low
JE102628,0.0,,,0.1898,normal,0.0949,Low
JE101289,0.0,,,0.1897,normal,0.0948,Low
JE102140,0.0,,,0.1897,normal,0.0948,Low
JE104547,0.0,,,0.1897,normal,0.0948,Low
JE105532,0.0,,,0.1897,normal,0.0948,Low
JE102000,0.0,,,0.1896,normal,0.0948,Low
JE107976,0.0,,,0.1895,normal,0.0948,Low
JE107371,0.0,,,0.1895,normal,0.0948,Low
JE105670,0.0,,,0.1896,normal,0.0948,Low
JE101352,0.0,,,0.1895,normal,0.0948,Low
JE102171,0.0,,,0.1894,normal,0.0947,Low
JE107185,0.0,,,0.1894,normal,0.0947,Low
JE102414,0.0,,,0.1894,normal,0.0947,Low
JE102546,0.0,,,0.1892,normal,0.0946,Low
JE103963,0.0,,,0.1891,normal,0.0946,Low
JE106237,0.0,,,0.1893,normal,0.0946,Low
JE102196,0.0,,,0.1891,normal,0.0946,Low
JE106902,0.0,,,0.1891,normal,0.0946,Low
JE100447,0.0,,,0.1892,normal,0.0946,Low
JE101450,0.0,,,0.1893,normal,0.0946,Low
JE106917,0.0,,,0.1891,normal,0.0946,Low
JE107476,0.0,,,0.1892,normal,0.0946,Low
JE103271,0.0,,,0.1893,normal,0.0946,Low
JE106793,0.0,,,0.1893,normal,0.0946,Low
JE103019,0.0,,,0.189,normal,0.0945,Low
JE103878,0.0,,,0.189,normal,0.0945,Low
JE102223,0.0,,,0.189,normal,0.0945,Low
JE105506,0.0,,,0.1889,normal,0.0945,Low
JE102117,0.0,,,0.1889,normal,0.0945,Low
JE105508,0.0,,,0.189,normal,0.0945,Low
JE107652,0.0,,,0.189,normal,0.0945,Low
JE104444,0.0,,,0.189,normal,0.0945,Low
JE105333,0.0,,,0.1889,normal,0.0945,Low
JE103100,0.0,,,0.189,normal,0.0945,Low
JE103265,0.0,,,0.1888,normal,0.0944,Low
JE106163,0.0,,,0.1888,normal,0.0944,Low
JE103867,0.0,,,0.1888,normal,0.0944,Low
JE102020,0.0,,,0.1887,normal,0.0944,Low
JE102310,0.0,,,0.1887,normal,0.0944,Low
JE104498,0.0,,,0.1887,normal,0.0944,Low
JE107317,0.0,,,0.1886,normal,0.0943,Low
JE107129,0.0,,,0.1886,normal,0.0943,Low
JE100677,0.0,,,0.1886,normal,0.0943,Low
JE105273,0.0,,,0.1885,normal,0.0942,Low
JE104033,0.0,,,0.1883,normal,0.0942,Low
JE105484,0.0,,,0.1883,normal,0.0942,Low
JE101893,0.0,,,0.1885,normal,0.0942,Low
JE105505,0.0,,,0.1885,normal,0.0942,Low
JE106019,0.0,,,0.1884,normal,0.0942,Low
JE105884,0.0,,,0.1885,normal,0.0942,Low
JE104429,0.0,,,0.1883,normal,0.0942,Low
JE105611,0.0,,,0.1884,normal,0.0942,Low
JE106384,0.0,,,0.1885,normal,0.0942,Low
JE101314,0.0,,,0.1884,normal,0.0942,Low
JE107504,0.0,,,0.1885,normal,0.0942,Low
JE106833,0.0,,,0.1883,normal,0.0942,Low
JE101815,0.0,,,0.1882,normal,0.0941,Low
JE105517,0.0,,,0.1882,normal,0.0941,Low
JE103566,0.0,,,0.1882,normal,0.0941,Low
JE101291,0.0,,,0.1882,normal,0.0941,Low
JE100879,0.0,,,0.1882,normal,0.0941,Low
JE102981,0.0,,,0.1882,normal,0.0941,Low
JE102527,0.0,,,0.1879,normal,0.094,Low
JE103949,0.0,,,0.1879,normal,0.094,Low
JE106688,0.0,,,0.188,normal,0.094,Low
JE107942,0.0,,,0.188,normal,0.094,Low
JE103121,0.0,,,0.1879,normal,0.094,Low
JE107689,0.0,,,0.188,normal,0.094,Low
JE100536,0.0,,,0.188,normal,0.094,Low
JE104604,0.0,,,0.1879,normal,0.094,Low
JE107825,0.0,,,0.1881,normal,0.094,Low
JE104282,0.0,,,0.1879,normal,0.094,Low
JE101998,0.0,,,0.1881,normal,0.094,Low
JE100778,0.0,,,0.1878,normal,0.0939,Low
JE100115,0.0,,,0.1878,normal,0.0939,Low
JE102865,0.0,,,0.1878,normal,0.0939,Low
JE107390,0.0,,,0.1878,normal,0.0939,Low
JE104581,0.0,,,0.1878,normal,0.0939,Low
JE103727,0.0,,,0.1878,normal,0.0939,Low
JE102846,0.0,,,0.1878,normal,0.0939,Low
JE106127,0.0,,,0.1876,normal,0.0938,Low
JE102658,0.0,,,0.1875,normal,0.0938,Low
JE104199,0.0,,,0.1877,normal,0.0938,Low
JE107487,0.0,,,0.1877,normal,0.0938,Low
JE105619,0.0,,,0.1876,normal,0.0938,Low
JE105742,0.0,,,0.1876,normal,0.0938,Low
JE103783,0.0,,,0.1876,normal,0.0938,Low
JE102159,0.0,,,0.1876,normal,0.0938,Low
JE104648,0.0,,,0.1875,normal,0.0938,Low
JE105000,0.0,,,0.1874,normal,0.0937,Low
JE104539,0.0,,,0.1874,normal,0.0937,Low
JE105553,0.0,,,0.1874,normal,0.0937,Low
JE106176,0.0,,,0.1874,normal,0.0937,Low
JE101547,0.0,,,0.1874,normal,0.0937,Low
JE106780,0.0,,,0.1874,normal,0.0937,Low
JE102293,0.0,,,0.1872,normal,0.0936,Low
JE101975,0.0,,,0.1873,normal,0.0936,Low
JE101463,0.0,,,0.1872,normal,0.0936,Low
JE104410,0.0,,,0.1872,normal,0.0936,Low
JE104241,0.0,,,0.1872,normal,0.0936,Low
JE104494,0.0,,,0.1873,normal,0.0936,Low
JE105790,0.0,,,0.1872,normal,0.0936,Low
JE103643,0.0,,,0.1872,normal,0.0936,Low
JE107279,0.0,,,0.1872,normal,0.0936,Low
JE100058,0.0,,,0.1872,normal,0.0936,Low
JE100057,0.0,,,0.187,normal,0.0935,Low
JE103882,0.0,,,0.187,normal,0.0935,Low
JE106742,0.0,,,0.1871,normal,0.0935,Low
JE104822,0.0,,,0.1871,normal,0.0935,Low
JE107293,0.0,,,0.1871,normal,0.0935,Low
JE100036,0.0,,,0.1871,normal,0.0935,Low
JE106513,0.0,,,0.1871,normal,0.0935,Low
JE107202,0.0,,,0.1867,normal,0.0934,Low
JE102597,0.0,,,0.1867,normal,0.0934,Low
JE103594,0.0,,,0.1869,normal,0.0934,Low
JE107475,0.0,,,0.1867,normal,0.0934,Low
JE107426,0.0,,,0.1869,normal,0.0934,Low
JE107182,0.0,,,0.1867,normal,0.0934,Low
JE107839,0.0,,,0.1867,normal,0.0934,Low
JE105143,0.0,,,0.1866,normal,0.0933,Low
JE101539,0.0,,,0.1865,normal,0.0932,Low
JE104577,0.0,,,0.1865,normal,0.0932,Low
JE100070,0.0,,,0.1863,normal,0.0932,Low
JE100993,0.0,,,0.1864,normal,0.0932,Low
JE103493,0.0,,,0.1865,normal,0.0932,Low
JE106027,0.0,,,0.1863,normal,0.0932,Low
JE102771,0.0,,,0.1864,normal,0.0932,Low
JE101286,0.0,,,0.1863,normal,0.0932,Low
JE105422,0.0,,,0.1865,normal,0.0932,Low
JE105329,0.0,,,0.1864,normal,0.0932,Low
JE105818,0.0,,,0.1865,normal,0.0932,Low
JE102394,0.0,,,0.1862,normal,0.0931,Low
JE101609,0.0,,,0.1862,normal,0.0931,Low
JE102367,0.0,,,0.1862,normal,0.0931,Low
JE100586,0.0,,,0.1859,normal,0.093,Low
JE106905,0.0,,,0.186,normal,0.093,Low
JE107226,0.0,,,0.186,normal,0.093,Low
JE102532,0.0,,,0.1859,normal,0.093,Low
JE104510,0.0,,,0.1861,normal,0.093,Low
JE104122,0.0,,,0.186,normal,0.093,Low
JE101296,0.0,,,0.1861,normal,0.093,Low
JE103361,0.0,,,0.186,normal,0.093,Low
JE104965,0.0,,,0.1861,normal,0.093,Low
JE102490,0.0,,,0.1858,normal,0.0929,Low
JE100320,0.0,,,0.1858,normal,0.0929,Low
JE105550,0.0,,,0.1855,normal,0.0928,Low
JE104791,0.0,,,0.1857,normal,0.0928,Low
JE103143,0.0,,,0.1855,normal,0.0928,Low
JE101095,0.0,,,0.1855,normal,0.0928,Low
JE107169,0.0,,,0.1857,normal,0.0928,Low
JE107578,0.0,,,0.1855,normal,0.0928,Low
JE102370,0.0,,,0.1857,normal,0.0928,Low
JE107002,0.0,,,0.1857,normal,0.0928,Low
JE104120,0.0,,,0.1857,normal,0.0928,Low
JE106349,0.0,,,0.1855,normal,0.0928,Low
JE103692,0.0,,,0.1857,normal,0.0928,Low
JE107629,0.0,,,0.1855,normal,0.0928,Low
JE100284,0.0,,,0.1856,normal,0.0928,Low
JE101121,0.0,,,0.1855,normal,0.0928,Low
JE100091,0.0,,,0.1854,normal,0.0927,Low
JE105470,0.0,,,0.1854,normal,0.0927,Low
JE100605,0.0,,,0.1854,normal,0.0927,Low
JE104624,0.0,,,0.1854,normal,0.0927,Low
JE104928,0.0,,,0.1854,normal,0.0927,Low
JE106213,0.0,,,0.1854,normal,0.0927,Low
JE101657,0.0,,,0.1854,normal,0.0927,Low
JE104575,0.0,,,0.1852,normal,0.0926,Low
JE103669,0.0,,,0.1853,normal,0.0926,Low
JE105269,0.0,,,0.1852,normal,0.0926,Low
JE103806,0.0,,,0.1852,normal,0.0926,Low
JE103908,0.0,,,0.1853,normal,0.0926,Low
JE101530,0.0,,,0.1852,normal,0.0926,Low
JE105164,0.0,,,0.1853,normal,0.0926,Low
JE107135,0.0,,,0.1852,normal,0.0926,Low
JE101446,0.0,,,0.1851,normal,0.0925,Low
JE103252,0.0,,,0.185,normal,0.0925,Low
JE101633,0.0,,,0.185,normal,0.0925,Low
JE106802,0.0,,,0.1848,normal,0.0924,Low
JE107980,0.0,,,0.1849,normal,0.0924,Low
JE103115,0.0,,,0.1848,normal,0.0924,Low
JE106462,0.0,,,0.1849,normal,0.0924,Low
JE107065,0.0,,,0.1848,normal,0.0924,Low
JE102701,0.0,,,0.1848,normal,0.0924,Low
JE103984,0.0,,,0.1847,normal,0.0924,Low
JE106967,0.0,,,0.1848,normal,0.0924,Low
JE102631,0.0,,,0.1848,normal,0.0924,Low
JE101157,0.0,,,0.1848,normal,0.0924,Low
JE103426,0.0,,,0.1847,normal,0.0924,Low
JE100414,0.0,,,0.1846,normal,0.0923,Low
JE101285,0.0,,,0.1846,normal,0.0923,Low
JE106970,0.0,,,0.1845,normal,0.0922,Low
JE101693,0.0,,,0.1843,normal,0.0922,Low
JE100073,0.0,,,0.1844,normal,0.0922,Low
JE102942,0.0,,,0.1844,normal,0.0922,Low
JE102874,0.0,,,0.1843,normal,0.0922,Low
JE104094,0.0,,,0.1845,normal,0.0922,Low
JE102213,0.0,,,0.1845,normal,0.0922,Low
JE106383,0.0,,,0.1845,normal,0.0922,Low
JE102001,0.0,,,0.1845,normal,0.0922,Low
JE106235,0.0,,,0.1844,normal,0.0922,Low
JE100154,0.0,,,0.1843,normal,0.0922,Low
JE104101,0.0,,,0.1844,normal,0.0922,Low
JE105387,0.0,,,0.1843,normal,0.0922,Low
JE102671,0.0,,,0.1845,normal,0.0922,Low
JE105786,0.0,,,0.1843,normal,0.0922,Low
JE103892,0.0,,,0.1841,normal,0.0921,Low
JE105566,0.0,,,0.1842,normal,0.0921,Low
JE107877,0.0,,,0.1841,normal,0.0921,Low
JE106586,0.0,,,0.1841,normal,0.0921,Low
JE101683,0.0,,,0.1842,normal,0.0921,Low
JE107310,0.0,,,0.1842,normal,0.0921,Low
JE105251,0.0,,,0.1841,normal,0.0921,Low
JE106347,0.0,,,0.1841,normal,0.0921,Low
JE107634,0.0,,,0.1839,normal,0.092,Low
JE101529,0.0,,,0.1839,normal,0.092,Low
JE107351,0.0,,,0.1839,normal,0.092,Low
JE100840,0.0,,,0.184,normal,0.092,Low
JE107031,0.0,,,0.1839,normal,0.092,Low
JE102583,0.0,,,0.184,normal,0.092,Low
JE100702,0.0,,,0.1839,normal,0.092,Low
JE104395,0.0,,,0.1839,normal,0.092,Low
JE107204,0.0,,,0.1838,normal,0.0919,Low
JE107244,0.0,,,0.1838,normal,0.0919,Low
JE102693,0.0,,,0.1838,normal,0.0919,Low
JE105793,0.0,,,0.1835,normal,0.0918,Low
JE100972,0.0,,,0.1835,normal,0.0918,Low
JE105035,0.0,,,0.1837,normal,0.0918,Low
JE102422,0.0,,,0.1837,normal,0.0918,Low
JE102868,0.0,,,0.1835,normal,0.0918,Low
JE101201,0.0,,,0.1835,normal,0.0918,Low
JE101130,0.0,,,0.1835,normal,0.0918,Low
JE105103,0.0,,,0.1837,normal,0.0918,Low
JE104150,0.0,,,0.1836,normal,0.0918,Low
JE107018,0.0,,,0.1834,normal,0.0917,Low
JE103393,0.0,,,0.1834,normal,0.0917,Low
JE107468,0.0,,,0.1834,normal,0.0917,Low
JE106216,0.0,,,0.1831,normal,0.0916,Low
JE106697,0.0,,,0.1831,normal,0.0916,Low
JE102199,0.0,,,0.1831,normal,0.0916,Low
JE106232,0.0,,,0.1831,normal,0.0916,Low
JE107478,0.0,,,0.1831,normal,0.0916,Low
JE101209,0.0,,,0.1832,normal,0.0916,Low
JE105480,0.0,,,0.1831,normal,0.0916,Low
JE100316,0.0,,,0.1832,normal,0.0916,Low
JE105262,0.0,,,0.183,normal,0.0915,Low
JE105621,0.0,,,0.1829,normal,0.0914,Low
JE100012,0.0,,,0.1828,normal,0.0914,Low
JE107993,0.0,,,0.1829,normal,0.0914,Low
JE104059,0.0,,,0.1828,normal,0.0914,Low
JE100628,0.0,,,0.1829,normal,0.0914,Low
JE107040,0.0,,,0.1827,normal,0.0914,Low
JE100558,0.0,,,0.1827,normal,0.0914,Low
JE101712,0.0,,,0.1827,normal,0.0914,Low
JE106872,0.0,,,0.1826,normal,0.0913,Low
JE103345,0.0,,,0.1825,normal,0.0912,Low
JE107802,0.0,,,0.1824,normal,0.0912,Low
JE101500,0.0,,,0.1824,normal,0.0912,Low
JE105561,0.0,,,0.1825,normal,0.0912,Low
JE106695,0.0,,,0.1825,normal,0.0912,Low
JE103843,0.0,,,0.1823,normal,0.0912,Low
JE107838,0.0,,,0.1821,normal,0.0911,Low
JE102734,0.0,,,0.1821,normal,0.0911,Low
JE102130,0.0,,,0.1821,normal,0.0911,Low
JE107233,0.0,,,0.1821,normal,0.0911,Low
JE102953,0.0,,,0.1821,normal,0.0911,Low
JE106259,0.0,,,0.1821,normal,0.0911,Low
JE105055,0.0,,,0.1822,normal,0.0911,Low
JE105363,0.0,,,0.1821,normal,0.0911,Low
JE103063,0.0,,,0.1819,normal,0.091,Low
JE106757,0.0,,,0.1819,normal,0.091,Low
JE105605,0.0,,,0.1819,normal,0.091,Low
JE101424,0.0,,,0.182,normal,0.091,Low
JE100356,0.0,,,0.182,normal,0.091,Low
JE102107,0.0,,,0.1818,normal,0.0909,Low
JE103533,0.0,,,0.1818,normal,0.0909,Low
JE102428,0.0,,,0.1818,normal,0.0909,Low
JE106098,0.0,,,0.1816,normal,0.0908,Low
JE102192,0.0,,,0.1817,normal,0.0908,Low
JE106681,0.0,,,0.1815,normal,0.0908,Low
JE102002,0.0,,,0.1816,normal,0.0908,Low
JE103775,0.0,,,0.1815,normal,0.0908,Low
JE105955,0.0,,,0.1815,normal,0.0908,Low
JE107686,0.0,,,0.1817,normal,0.0908,Low
JE106174,0.0,,,0.1814,normal,0.0907,Low
JE101819,0.0,,,0.1814,normal,0.0907,Low
JE100331,0.0,,,0.1814,normal,0.0907,Low
JE101349,0.0,,,0.1814,normal,0.0907,Low
JE101940,0.0,,,0.1814,normal,0.0907,Low
JE104668,0.0,,,0.1811,normal,0.0906,Low
JE104090,0.0,,,0.1812,normal,0.0906,Low
JE103317,0.0,,,0.1812,normal,0.0906,Low
JE102780,0.0,,,0.1812,normal,0.0906,Low
JE100166,0.0,,,0.1813,normal,0.0906,Low
JE103002,0.0,,,0.1811,normal,0.0906,Low
JE101595,0.0,,,0.1813,normal,0.0906,Low
JE101562,0.0,,,0.1812,normal,0.0906,Low
JE102360,0.0,,,0.181,normal,0.0905,Low
JE100758,0.0,,,0.181,normal,0.0905,Low
JE102659,0.0,,,0.181,normal,0.0905,Low
JE102651,0.0,,,0.181,normal,0.0905,Low
JE101803,0.0,,,0.181,normal,0.0905,Low
JE101774,0.0,,,0.181,normal,0.0905,Low
JE100844,0.0,,,0.181,normal,0.0905,Low
JE100759,0.0,,,0.181,normal,0.0905,Low
JE103888,0.0,,,0.181,normal,0.0905,Low
JE106375,0.0,,,0.181,normal,0.0905,Low
JE102714,0.0,,,0.1809,normal,0.0904,Low
JE107930,0.0,,,0.1809,normal,0.0904,Low
JE103087,0.0,,,0.1807,normal,0.0904,Low
JE105662,0.0,,,0.1809,normal,0.0904,Low
JE102453,0.0,,,0.1809,normal,0.0904,Low
JE103652,0.0,,,0.1808,normal,0.0904,Low
JE104659,0.0,,,0.1809,normal,0.0904,Low
JE104109,0.0,,,0.1809,normal,0.0904,Low
JE106142,0.0,,,0.1807,normal,0.0904,Low
JE105149,0.0,,,0.1809,normal,0.0904,Low
JE102589,0.0,,,0.1806,normal,0.0903,Low
JE107706,0.0,,,0.1806,normal,0.0903,Low
JE107038,0.0,,,0.1806,normal,0.0903,Low
JE104244,0.0,,,0.1805,normal,0.0902,Low
JE101866,0.0,,,0.1805,normal,0.0902,Low
JE105915,0.0,,,0.1805,normal,0.0902,Low
JE102244,0.0,,,0.1804,normal,0.0902,Low
JE104170,0.0,,,0.1804,normal,0.0902,Low
JE103510,0.0,,,0.1805,normal,0.0902,Low
JE106494,0.0,,,0.1804,normal,0.0902,Low
JE107889,0.0,,,0.1805,normal,0.0902,Low
JE106037,0.0,,,0.1802,normal,0.0901,Low
JE100616,0.0,,,0.1803,normal,0.0901,Low
JE103023,0.0,,,0.1802,normal,0.0901,Low
JE101969,0.0,,,0.1802,normal,0.0901,Low
JE106156,0.0,,,0.1802,normal,0.0901,Low
JE107159,0.0,,,0.1802,normal,0.0901,Low
JE100096,0.0,,,0.1799,normal,0.09,Low
JE101147,0.0,,,0.18,normal,0.09,Low
JE102314,0.0,,,0.18,normal,0.09,Low
JE105871,0.0,,,0.1801,normal,0.09,Low
JE103391,0.0,,,0.1801,normal,0.09,Low
JE106607,0.0,,,0.1801,normal,0.09,Low
JE103859,0.0,,,0.18,normal,0.09,Low
JE105570,0.0,,,0.1799,normal,0.09,Low
JE105355,0.0,,,0.18,normal,0.09,Low
JE105109,0.0,,,0.1799,normal,0.09,Low
JE101122,0.0,,,0.18,normal,0.09,Low
JE102888,0.0,,,0.18,normal,0.09,Low
JE106809,0.0,,,0.1798,normal,0.0899,Low
JE104408,0.0,,,0.1798,normal,0.0899,Low
JE104579,0.0,,,0.1798,normal,0.0899,Low
JE104446,0.0,,,0.1798,normal,0.0899,Low
JE103644,0.0,,,0.1795,normal,0.0898,Low
JE104707,0.0,,,0.1797,normal,0.0898,Low
JE102736,0.0,,,0.1795,normal,0.0898,Low
JE101600,0.0,,,0.1796,normal,0.0898,Low
JE104068,0.0,,,0.1797,normal,0.0898,Low
JE103057,0.0,,,0.1795,normal,0.0898,Low
JE104047,0.0,,,0.1796,normal,0.0898,Low
JE104451,0.0,,,0.1796,normal,0.0898,Low
JE102667,0.0,,,0.1796,normal,0.0898,Low
JE101973,0.0,,,0.1795,normal,0.0898,Low
JE103104,0.0,,,0.1794,normal,0.0897,Low
JE104885,0.0,,,0.1792,normal,0.0896,Low
JE101006,0.0,,,0.1793,normal,0.0896,Low
JE105139,0.0,,,0.1791,normal,0.0896,Low
JE105131,0.0,,,0.1792,normal,0.0896,Low
JE102497,0.0,,,0.1793,normal,0.0896,Low
JE102594,0.0,,,0.1791,normal,0.0896,Low
JE100103,0.0,,,0.1793,normal,0.0896,Low
JE107518,0.0,,,0.1793,normal,0.0896,Low
JE103793,0.0,,,0.1792,normal,0.0896,Low
JE101667,0.0,,,0.1791,normal,0.0896,Low
JE104751,0.0,,,0.179,normal,0.0895,Low
JE104296,0.0,,,0.1787,normal,0.0894,Low
JE105179,0.0,,,0.1787,normal,0.0894,Low
JE102393,0.0,,,0.1788,normal,0.0894,Low
JE102525,0.0,,,0.1788,normal,0.0894,Low
JE101948,0.0,,,0.1787,normal,0.0894,Low
JE100626,0.0,,,0.1789,normal,0.0894,Low
JE107611,0.0,,,0.1787,normal,0.0894,Low
JE103068,0.0,,,0.1788,normal,0.0894,Low
JE102092,0.0,,,0.1787,normal,0.0894,Low
JE105391,0.0,,,0.1787,normal,0.0894,Low
JE106921,0.0,,,0.1788,normal,0.0894,Low
JE105961,0.0,,,0.1786,normal,0.0893,Low
JE106307,0.0,,,0.1786,normal,0.0893,Low
JE103791,0.0,,,0.1786,normal,0.0893,Low
JE101196,0.0,,,0.1784,normal,0.0892,Low
JE101231,0.0,,,0.1785,normal,0.0892,Low
JE104805,0.0,,,0.1784,normal,0.0892,Low
JE105665,0.0,,,0.1784,normal,0.0892,Low
JE106754,0.0,,,0.1784,normal,0.0892,Low
JE105526,0.0,,,0.1782,normal,0.0891,Low
JE101466,0.0,,,0.1782,normal,0.0891,Low
JE107699,0.0,,,0.1782,normal,0.0891,Low
JE106946,0.0,,,0.1782,normal,0.0891,Low
JE102944,0.0,,,0.1783,normal,0.0891,Low
JE100387,0.0,,,0.1782,normal,0.0891,Low
JE107902,0.0,,,0.1783,normal,0.0891,Low
JE107791,0.0,,,0.1781,normal,0.089,Low
JE102555,0.0,,,0.1779,normal,0.089,Low
JE103647,0.0,,,0.178,normal,0.089,Low
JE100050,0.0,,,0.1781,normal,0.089,Low
JE101069,0.0,,,0.178,normal,0.089,Low
JE103670,0.0,,,0.1781,normal,0.089,Low
JE106643,0.0,,,0.1781,normal,0.089,Low
JE105400,0.0,,,0.1779,normal,0.089,Low
JE105699,0.0,,,0.1781,normal,0.089,Low
JE100726,0.0,,,0.178,normal,0.089,Low
JE104322,0.0,,,0.1781,normal,0.089,Low
JE103400,0.0,,,0.1778,normal,0.0889,Low
JE102292,0.0,,,0.1778,normal,0.0889,Low
JE100305,0.0,,,0.1778,normal,0.0889,Low
JE103784,0.0,,,0.1778,normal,0.0889,Low
JE101120,0.0,,,0.1778,normal,0.0889,Low
JE101045,0.0,,,0.1778,normal,0.0889,Low
JE101811,0.0,,,0.1778,normal,0.0889,Low
JE104762,0.0,,,0.1775,normal,0.0888,Low
JE100311,0.0,,,0.1777,normal,0.0888,Low
JE103871,0.0,,,0.1775,normal,0.0888,Low
JE104830,0.0,,,0.1777,normal,0.0888,Low
JE106264,0.0,,,0.1775,normal,0.0888,Low
JE101845,0.0,,,0.1777,normal,0.0888,Low
JE106650,0.0,,,0.1775,normal,0.0888,Low
JE102947,0.0,,,0.1774,normal,0.0887,Low
JE106103,0.0,,,0.1773,normal,0.0887,Low
JE101627,0.0,,,0.1773,normal,0.0887,Low
JE101398,0.0,,,0.1774,normal,0.0887,Low
JE104801,0.0,,,0.1774,normal,0.0887,Low
JE100891,0.0,,,0.1773,normal,0.0887,Low
JE104006,0.0,,,0.1774,normal,0.0887,Low
JE101744,0.0,,,0.1774,normal,0.0887,Low
JE103362,0.0,,,0.1774,normal,0.0887,Low
JE100698,0.0,,,0.1771,normal,0.0886,Low
JE103803,0.0,,,0.1771,normal,0.0886,Low
JE104932,0.0,,,0.1772,normal,0.0886,Low
JE107657,0.0,,,0.1772,normal,0.0886,Low
JE100967,0.0,,,0.1772,normal,0.0886,Low
JE106297,0.0,,,0.177,normal,0.0885,Low
JE104978,0.0,,,0.177,normal,0.0885,Low
JE102168,0.0,,,0.177,normal,0.0885,Low
JE105675,0.0,,,0.1769,normal,0.0884,Low
JE106229,0.0,,,0.1767,normal,0.0884,Low
JE107916,0.0,,,0.1768,normal,0.0884,Low
JE105768,0.0,,,0.1769,normal,0.0884,Low
JE104896,0.0,,,0.1769,normal,0.0884,Low
JE105744,0.0,,,0.1769,normal,0.0884,Low
JE105237,0.0,,,0.1769,normal,0.0884,Low
JE103248,0.0,,,0.1767,normal,0.0884,Low
JE102340,0.0,,,0.1767,normal,0.0884,Low
JE106887,0.0,,,0.1767,normal,0.0884,Low
JE105945,0.0,,,0.1769,normal,0.0884,Low
JE105065,0.0,,,0.1767,normal,0.0884,Low
JE107492,0.0,,,0.1766,normal,0.0883,Low
JE100729,0.0,,,0.1766,normal,0.0883,Low
JE100407,0.0,,,0.1766,normal,0.0883,Low
JE100938,0.0,,,0.1763,normal,0.0882,Low
JE105560,0.0,,,0.1765,normal,0.0882,Low
JE103556,0.0,,,0.1765,normal,0.0882,Low
JE103060,0.0,,,0.1765,normal,0.0882,Low
JE101780,0.0,,,0.1763,normal,0.0882,Low
JE104019,0.0,,,0.1764,normal,0.0882,Low
JE107824,0.0,,,0.1764,normal,0.0882,Low
JE103771,0.0,,,0.1765,normal,0.0882,Low
JE106437,0.0,,,0.1762,normal,0.0881,Low
JE104726,0.0,,,0.1762,normal,0.0881,Low
JE104196,0.0,,,0.1762,normal,0.0881,Low
JE104132,0.0,,,0.1762,normal,0.0881,Low
JE107628,0.0,,,0.1759,normal,0.088,Low
JE103768,0.0,,,0.1761,normal,0.088,Low
JE107107,0.0,,,0.1759,normal,0.088,Low
JE104908,0.0,,,0.1761,normal,0.088,Low
JE103929,0.0,,,0.1759,normal,0.088,Low
JE102648,0.0,,,0.176,normal,0.088,Low
JE104550,0.0,,,0.1761,normal,0.088,Low
JE102590,0.0,,,0.1761,normal,0.088,Low
JE105015,0.0,,,0.1758,normal,0.0879,Low
JE107775,0.0,,,0.1758,normal,0.0879,Low
JE105942,0.0,,,0.1758,normal,0.0879,Low
JE107486,0.0,,,0.1758,normal,0.0879,Low
JE105444,0.0,,,0.1756,normal,0.0878,Low
JE103858,0.0,,,0.1756,normal,0.0878,Low
JE106725,0.0,,,0.1755,normal,0.0878,Low
JE106578,0.0,,,0.1755,normal,0.0878,Low
JE101355,0.0,,,0.1756,normal,0.0878,Low
JE105800,0.0,,,0.1756,normal,0.0878,Low
JE107735,0.0,,,0.1757,normal,0.0878,Low
JE107268,0.0,,,0.1756,normal,0.0878,Low
JE100306,0.0,,,0.1755,normal,0.0878,Low
JE101102,0.0,,,0.1757,normal,0.0878,Low
JE100476,0.0,,,0.1757,normal,0.0878,Low
JE102038,0.0,,,0.1757,normal,0.0878,Low
JE104989,0.0,,,0.1754,normal,0.0877,Low
JE106840,0.0,,,0.1754,normal,0.0877,Low
JE103422,0.0,,,0.1754,normal,0.0877,Low
JE104390,0.0,,,0.1752,normal,0.0876,Low
JE103050,0.0,,,0.1751,normal,0.0876,Low
JE104293,0.0,,,0.1753,normal,0.0876,Low
JE103809,0.0,,,0.1753,normal,0.0876,Low
JE101664,0.0,,,0.1752,normal,0.0876,Low
JE105537,0.0,,,0.1752,normal,0.0876,Low
JE107562,0.0,,,0.1752,normal,0.0876,Low
JE101229,0.0,,,0.1751,normal,0.0876,Low
JE105235,0.0,,,0.1751,normal,0.0876,Low
JE105299,0.0,,,0.1753,normal,0.0876,Low
JE103891,0.0,,,0.1752,normal,0.0876,Low
JE101272,0.0,,,0.1751,normal,0.0876,Low
JE100396,0.0,,,0.175,normal,0.0875,Low
JE106565,0.0,,,0.1748,normal,0.0874,Low
JE103572,0.0,,,0.1748,normal,0.0874,Low
JE102849,0.0,,,0.1749,normal,0.0874,Low
JE106870,0.0,,,0.1748,normal,0.0874,Low
JE105860,0.0,,,0.1749,normal,0.0874,Low
JE104531,0.0,,,0.1749,normal,0.0874,Low
JE102542,0.0,,,0.1748,normal,0.0874,Low
JE107399,0.0,,,0.1749,normal,0.0874,Low
JE102471,0.0,,,0.1746,normal,0.0873,Low
JE103150,0.0,,,0.1746,normal,0.0873,Low
JE105889,0.0,,,0.1744,normal,0.0872,Low
JE105814,0.0,,,0.1744,normal,0.0872,Low
JE104252,0.0,,,0.1745,normal,0.0872,Low
JE107536,0.0,,,0.1745,normal,0.0872,Low
JE106404,0.0,,,0.1743,normal,0.0872,Low
JE100682,0.0,,,0.1743,normal,0.0872,Low
JE101191,0.0,,,0.1743,normal,0.0872,Low
JE102280,0.0,,,0.1743,normal,0.0872,Low
JE105120,0.0,,,0.1744,normal,0.0872,Low
JE102598,0.0,,,0.1742,normal,0.0871,Low
JE103719,0.0,,,0.1742,normal,0.0871,Low
JE107605,0.0,,,0.1742,normal,0.0871,Low
JE101245,0.0,,,0.1742,normal,0.0871,Low
JE103499,0.0,,,0.1741,normal,0.087,Low
JE103642,0.0,,,0.174,normal,0.087,Low
JE100044,0.0,,,0.1739,normal,0.087,Low
JE100029,0.0,,,0.174,normal,0.087,Low
JE100515,0.0,,,0.1739,normal,0.087,Low
JE102769,0.0,,,0.174,normal,0.087,Low
JE107965,0.0,,,0.1739,normal,0.087,Low
JE101884,0.0,,,0.1741,normal,0.087,Low
JE104350,0.0,,,0.1741,normal,0.087,Low
JE105028,0.0,,,0.1738,normal,0.0869,Low
JE102109,0.0,,,0.1736,normal,0.0868,Low
JE103423,0.0,,,0.1737,normal,0.0868,Low
JE106354,0.0,,,0.1737,normal,0.0868,Low
JE101453,0.0,,,0.1736,normal,0.0868,Low
JE104672,0.0,,,0.1736,normal,0.0868,Low
JE106968,0.0,,,0.1736,normal,0.0868,Low
JE106459,0.0,,,0.1737,normal,0.0868,Low
JE101098,0.0,,,0.1736,normal,0.0868,Low
JE105951,0.0,,,0.1734,normal,0.0867,Low
JE107277,0.0,,,0.1735,normal,0.0867,Low
JE100288,0.0,,,0.1732,normal,0.0866,Low
JE100352,0.0,,,0.1732,normal,0.0866,Low
JE107077,0.0,,,0.1732,normal,0.0866,Low
JE101652,0.0,,,0.1731,normal,0.0866,Low
JE100466,0.0,,,0.1731,normal,0.0866,Low
JE101526,0.0,,,0.1731,normal,0.0866,Low
JE101465,0.0,,,0.1733,normal,0.0866,Low
JE107235,0.0,,,0.1731,normal,0.0866,Low
JE101911,0.0,,,0.1732,normal,0.0866,Low
JE100204,0.0,,,0.173,normal,0.0865,Low
JE106095,0.0,,,0.173,normal,0.0865,Low
JE102446,0.0,,,0.173,normal,0.0865,Low
JE100721,0.0,,,0.173,normal,0.0865,Low
JE107621,0.0,,,0.173,normal,0.0865,Low
JE106323,0.0,,,0.173,normal,0.0865,Low
JE103788,0.0,,,0.1729,normal,0.0864,Low
JE100445,0.0,,,0.1728,normal,0.0864,Low
JE105316,0.0,,,0.1729,normal,0.0864,Low
JE105098,0.0,,,0.1729,normal,0.0864,Low
JE101891,0.0,,,0.1728,normal,0.0864,Low
JE104312,0.0,,,0.1729,normal,0.0864,Low
JE104857,0.0,,,0.1727,normal,0.0864,Low
JE107319,0.0,,,0.1729,normal,0.0864,Low
JE102170,0.0,,,0.1726,normal,0.0863,Low
JE103730,0.0,,,0.1723,normal,0.0862,Low
JE103733,0.0,,,0.1725,normal,0.0862,Low
JE104716,0.0,,,0.1724,normal,0.0862,Low
JE107208,0.0,,,0.1722,normal,0.0861,Low
JE106212,0.0,,,0.1722,normal,0.0861,Low
JE104200,0.0,,,0.1722,normal,0.0861,Low
JE102151,0.0,,,0.1719,normal,0.086,Low
JE104911,0.0,,,0.1719,normal,0.086,Low
JE103855,0.0,,,0.172,normal,0.086,Low
JE100232,0.0,,,0.1719,normal,0.086,Low
JE106835,0.0,,,0.1721,normal,0.086,Low
JE107781,0.0,,,0.1719,normal,0.086,Low
JE100591,0.0,,,0.172,normal,0.086,Low
JE103013,0.0,,,0.1721,normal,0.086,Low
JE107239,0.0,,,0.1718,normal,0.0859,Low
JE102437,0.0,,,0.1718,normal,0.0859,Low
JE100684,0.0,,,0.1718,normal,0.0859,Low
JE105323,0.0,,,0.1718,normal,0.0859,Low
JE105425,0.0,,,0.1715,normal,0.0858,Low
JE103405,0.0,,,0.1715,normal,0.0858,Low
JE104684,0.0,,,0.1716,normal,0.0858,Low
JE104914,0.0,,,0.1715,normal,0.0858,Low
JE104657,0.0,,,0.1715,normal,0.0858,Low
JE105523,0.0,,,0.1717,normal,0.0858,Low
JE100550,0.0,,,0.1717,normal,0.0858,Low
JE106200,0.0,,,0.1715,normal,0.0858,Low
JE106971,0.0,,,0.1716,normal,0.0858,Low
JE104806,0.0,,,0.1717,normal,0.0858,Low
JE104466,0.0,,,0.1716,normal,0.0858,Low
JE106126,0.0,,,0.1715,normal,0.0858,Low
JE106180,0.0,,,0.1716,normal,0.0858,Low
JE107961,0.0,,,0.1714,normal,0.0857,Low
JE102063,0.0,,,0.1714,normal,0.0857,Low
JE107844,0.0,,,0.1713,normal,0.0856,Low
JE107770,0.0,,,0.1711,normal,0.0856,Low
JE102762,0.0,,,0.1712,normal,0.0856,Low
JE105349,0.0,,,0.1712,normal,0.0856,Low
JE102854,0.0,,,0.1713,normal,0.0856,Low
JE103245,0.0,,,0.1711,normal,0.0856,Low
JE104335,0.0,,,0.1713,normal,0.0856,Low
JE105920,0.0,,,0.1711,normal,0.0856,Low
JE105627,0.0,,,0.1713,normal,0.0856,Low
JE104079,0.0,,,0.1711,normal,0.0856,Low
JE105736,0.0,,,0.1712,normal,0.0856,Low
JE102908,0.0,,,0.1711,normal,0.0856,Low
JE100728,0.0,,,0.1712,normal,0.0856,Low
JE101065,0.0,,,0.1711,normal,0.0856,Low
JE102359,0.0,,,0.1713,normal,0.0856,Low
JE106530,0.0,,,0.1713,normal,0.0856,Low
JE102327,0.0,,,0.1713,normal,0.0856,Low
JE101375,0.0,,,0.171,normal,0.0855,Low
JE102919,0.0,,,0.171,normal,0.0855,Low
JE101309,0.0,,,0.171,normal,0.0855,Low
JE107529,0.0,,,0.171,normal,0.0855,Low
JE107147,0.0,,,0.1709,normal,0.0854,Low
JE104069,0.0,,,0.1708,normal,0.0854,Low
JE104892,0.0,,,0.1709,normal,0.0854,Low
JE105769,0.0,,,0.1709,normal,0.0854,Low
JE101635,0.0,,,0.1708,normal,0.0854,Low
JE106751,0.0,,,0.1709,normal,0.0854,Low
JE104365,0.0,,,0.1709,normal,0.0854,Low
JE100424,0.0,,,0.1709,normal,0.0854,Low
JE104505,0.0,,,0.1708,normal,0.0854,Low
JE105712,0.0,,,0.1708,normal,0.0854,Low
JE100138,0.0,,,0.1708,normal,0.0854,Low
JE103338,0.0,,,0.1708,normal,0.0854,Low
JE105184,0.0,,,0.1705,normal,0.0853,Low
JE103419,0.0,,,0.1706,normal,0.0853,Low
JE102147,0.0,,,0.1705,normal,0.0853,Low
JE100980,0.0,,,0.1705,normal,0.0853,Low
JE100355,0.0,,,0.1704,normal,0.0852,Low
JE104484,0.0,,,0.1704,normal,0.0852,Low
JE106408,0.0,,,0.1704,normal,0.0852,Low
JE104316,0.0,,,0.1702,normal,0.0851,Low
JE102928,0.0,,,0.1699,normal,0.085,Low
JE106007,0.0,,,0.17,normal,0.085,Low
JE102082,0.0,,,0.1701,normal,0.085,Low
JE102777,0.0,,,0.17,normal,0.085,Low
JE105708,0.0,,,0.1699,normal,0.085,Low
JE101777,0.0,,,0.1701,normal,0.085,Low
JE101174,0.0,,,0.1699,normal,0.085,Low
JE104982,0.0,,,0.1699,normal,0.085,Low
JE107799,0.0,,,0.1701,normal,0.085,Low
JE107632,0.0,,,0.17,normal,0.085,Low
JE103512,0.0,,,0.17,normal,0.085,Low
JE107870,0.0,,,0.1701,normal,0.085,Low
JE105896,0.0,,,0.1699,normal,0.085,Low
JE100081,0.0,,,0.1701,normal,0.085,Low
JE104979,0.0,,,0.1698,normal,0.0849,Low
JE106828,0.0,,,0.1698,normal,0.0849,Low
JE103555,0.0,,,0.1698,normal,0.0849,Low
JE100332,0.0,,,0.1695,normal,0.0848,Low
JE106806,0.0,,,0.1695,normal,0.0848,Low
JE103655,0.0,,,0.1697,normal,0.0848,Low
JE100145,0.0,,,0.1697,normal,0.0848,Low
JE104144,0.0,,,0.1695,normal,0.0848,Low
JE105040,0.0,,,0.1695,normal,0.0848,Low
JE104315,0.0,,,0.1695,normal,0.0848,Low
JE102787,0.0,,,0.1694,normal,0.0847,Low
JE102977,0.0,,,0.1694,normal,0.0847,Low
JE104340,0.0,,,0.1694,normal,0.0847,Low
JE103208,0.0,,,0.1694,normal,0.0847,Low
JE106664,0.0,,,0.1694,normal,0.0847,Low
JE102547,0.0,,,0.1691,normal,0.0846,Low
JE100448,0.0,,,0.1693,normal,0.0846,Low
JE106583,0.0,,,0.1691,normal,0.0846,Low
JE107324,0.0,,,0.1692,normal,0.0846,Low
JE104314,0.0,,,0.1692,normal,0.0846,Low
JE102380,0.0,,,0.1691,normal,0.0846,Low
JE104056,0.0,,,0.1691,normal,0.0846,Low
JE101593,0.0,,,0.169,normal,0.0845,Low
JE102075,0.0,,,0.169,normal,0.0845,Low
JE106525,0.0,,,0.169,normal,0.0845,Low
JE101017,0.0,,,0.169,normal,0.0845,Low
JE102861,0.0,,,0.169,normal,0.0845,Low
JE105720,0.0,,,0.1687,normal,0.0844,Low
JE106711,0.0,,,0.1689,normal,0.0844,Low
JE106310,0.0,,,0.1687,normal,0.0844,Low
JE107859,0.0,,,0.1688,normal,0.0844,Low
JE107067,0.0,,,0.1689,normal,0.0844,Low
JE102775,0.0,,,0.1688,normal,0.0844,Low
JE106418,0.0,,,0.1687,normal,0.0844,Low
JE107213,0.0,,,0.1689,normal,0.0844,Low
JE103677,0.0,,,0.1685,normal,0.0842,Low
JE105249,0.0,,,0.1683,normal,0.0842,Low
JE101550,0.0,,,0.1685,normal,0.0842,Low
JE100347,0.0,,,0.1683,normal,0.0842,Low
JE107860,0.0,,,0.1684,normal,0.0842,Low
JE105859,0.0,,,0.1683,normal,0.0842,Low
JE105703,0.0,,,0.1683,normal,0.0842,Low
JE103452,0.0,,,0.1683,normal,0.0842,Low
JE101384,0.0,,,0.1683,normal,0.0842,Low
JE102558,0.0,,,0.1684,normal,0.0842,Low
JE105337,0.0,,,0.1683,normal,0.0842,Low
JE104271,0.0,,,0.1684,normal,0.0842,Low
JE104833,0.0,,,0.1682,normal,0.0841,Low
JE106628,0.0,,,0.1682,normal,0.0841,Low
JE101807,0.0,,,0.1682,normal,0.0841,Low
JE106904,0.0,,,0.1681,normal,0.084,Low
JE106612,0.0,,,0.168,normal,0.084,Low
JE106167,0.0,,,0.168,normal,0.084,Low
JE107165,0.0,,,0.1681,normal,0.084,Low
JE101544,0.0,,,0.168,normal,0.084,Low
JE102272,0.0,,,0.168,normal,0.084,Low
JE101404,0.0,,,0.168,normal,0.084,Low
JE106673,0.0,,,0.1681,normal,0.084,Low
JE102623,0.0,,,0.168,normal,0.084,Low
JE104124,0.0,,,0.1678,normal,0.0839,Low
JE104626,0.0,,,0.1678,normal,0.0839,Low
JE106400,0.0,,,0.1678,normal,0.0839,Low
JE101719,0.0,,,0.1678,normal,0.0839,Low
JE104155,0.0,,,0.1678,normal,0.0839,Low
JE105842,0.0,,,0.1678,normal,0.0839,Low
JE101471,0.0,,,0.1676,normal,0.0838,Low
JE103685,0.0,,,0.1675,normal,0.0838,Low
JE103515,0.0,,,0.1677,normal,0.0838,Low
JE103907,0.0,,,0.1675,normal,0.0838,Low
JE106896,0.0,,,0.1675,normal,0.0838,Low
JE104827,0.0,,,0.1676,normal,0.0838,Low
JE106482,0.0,,,0.1675,normal,0.0838,Low
JE100248,0.0,,,0.1675,normal,0.0838,Low
JE101640,0.0,,,0.1677,normal,0.0838,Low
JE100244,0.0,,,0.1677,normal,0.0838,Low
JE101321,0.0,,,0.1677,normal,0.0838,Low
JE106300,0.0,,,0.1675,normal,0.0838,Low
JE107053,0.0,,,0.1675,normal,0.0838,Low
JE106674,0.0,,,0.1676,normal,0.0838,Low
JE100603,0.0,,,0.1674,normal,0.0837,Low
JE107623,0.0,,,0.1674,normal,0.0837,Low
JE103460,0.0,,,0.1674,normal,0.0837,Low
JE103782,0.0,,,0.1674,normal,0.0837,Low
JE101908,0.0,,,0.1674,normal,0.0837,Low
JE102840,0.0,,,0.1674,normal,0.0837,Low
JE107729,0.0,,,0.1672,normal,0.0836,Low
JE107842,0.0,,,0.1671,normal,0.0836,Low
JE106915,0.0,,,0.1671,normal,0.0836,Low
JE100441,0.0,,,0.1672,normal,0.0836,Low
JE104901,0.0,,,0.1673,normal,0.0836,Low
JE100243,0.0,,,0.1673,normal,0.0836,Low
JE101784,0.0,,,0.1672,normal,0.0836,Low
JE107195,0.0,,,0.1672,normal,0.0836,Low
JE104988,0.0,,,0.1673,normal,0.0836,Low
JE105745,0.0,,,0.1668,normal,0.0834,Low
JE104162,0.0,,,0.1668,normal,0.0834,Low
JE106041,0.0,,,0.1669,normal,0.0834,Low
JE106240,0.0,,,0.1668,normal,0.0834,Low
JE103424,0.0,,,0.1668,normal,0.0834,Low
JE100582,0.0,,,0.1667,normal,0.0833,Low
JE101605,0.0,,,0.1666,normal,0.0833,Low
JE102655,0.0,,,0.1667,normal,0.0833,Low
JE100062,0.0,,,0.1667,normal,0.0833,Low
JE104818,0.0,,,0.1666,normal,0.0833,Low
JE100131,0.0,,,0.1667,normal,0.0833,Low
JE105577,0.0,,,0.1666,normal,0.0833,Low
JE100792,0.0,,,0.1663,normal,0.0832,Low
JE101061,0.0,,,0.1665,normal,0.0832,Low
JE102949,0.0,,,0.1663,normal,0.0832,Low
JE101546,0.0,,,0.1665,normal,0.0832,Low
JE106836,0.0,,,0.1663,normal,0.0832,Low
JE103351,0.0,,,0.1665,normal,0.0832,Low
JE102678,0.0,,,0.1665,normal,0.0832,Low
JE107366,0.0,,,0.1663,normal,0.0832,Low
JE101668,0.0,,,0.1665,normal,0.0832,Low
JE104671,0.0,,,0.1665,normal,0.0832,Low
JE107951,0.0,,,0.1663,normal,0.0832,Low
JE105932,0.0,,,0.1663,normal,0.0832,Low
JE103854,0.0,,,0.1662,normal,0.0831,Low
JE100934,0.0,,,0.1662,normal,0.0831,Low
JE105275,0.0,,,0.1659,normal,0.083,Low
JE100517,0.0,,,0.1661,normal,0.083,Low
JE102204,0.0,,,0.1661,normal,0.083,Low
JE101824,0.0,,,0.1659,normal,0.083,Low
JE104643,0.0,,,0.1659,normal,0.083,Low
JE103688,0.0,,,0.1661,normal,0.083,Low
JE106748,0.0,,,0.166,normal,0.083,Low
JE105791,0.0,,,0.1661,normal,0.083,Low
JE103421,0.0,,,0.1659,normal,0.083,Low
JE105477,0.0,,,0.1658,normal,0.0829,Low
JE107225,0.0,,,0.1658,normal,0.0829,Low
JE103676,0.0,,,0.1658,normal,0.0829,Low
JE101432,0.0,,,0.1655,normal,0.0828,Low
JE101995,0.0,,,0.1656,normal,0.0828,Low
JE105691,0.0,,,0.1655,normal,0.0828,Low
JE103813,0.0,,,0.1656,normal,0.0828,Low
JE103738,0.0,,,0.1657,normal,0.0828,Low
JE105973,0.0,,,0.1657,normal,0.0828,Low
JE103300,0.0,,,0.1657,normal,0.0828,Low
JE100207,0.0,,,0.1655,normal,0.0828,Low
JE100711,0.0,,,0.1655,normal,0.0828,Low
JE105445,0.0,,,0.1655,normal,0.0828,Low
JE107700,0.0,,,0.1655,normal,0.0828,Low
JE105578,0.0,,,0.1657,normal,0.0828,Low
JE104460,0.0,,,0.1656,normal,0.0828,Low
JE105799,0.0,,,0.1656,normal,0.0828,Low
JE107748,0.0,,,0.1657,normal,0.0828,Low
JE103029,0.0,,,0.1656,normal,0.0828,Low
JE101472,0.0,,,0.1657,normal,0.0828,Low
JE103187,0.0,,,0.1655,normal,0.0828,Low
JE106416,0.0,,,0.1656,normal,0.0828,Low
JE101701,0.0,,,0.1654,normal,0.0827,Low
JE105322,0.0,,,0.1654,normal,0.0827,Low
JE100480,0.0,,,0.1654,normal,0.0827,Low
JE104249,0.0,,,0.1654,normal,0.0827,Low
JE100174,0.0,,,0.1654,normal,0.0827,Low
JE106546,0.0,,,0.1651,normal,0.0826,Low
JE102416,0.0,,,0.1651,normal,0.0826,Low
JE106624,0.0,,,0.1652,normal,0.0826,Low
JE103817,0.0,,,0.1652,normal,0.0826,Low
JE105298,0.0,,,0.1652,normal,0.0826,Low
JE104321,0.0,,,0.1653,normal,0.0826,Low
JE106138,0.0,,,0.1652,normal,0.0826,Low
JE100042,0.0,,,0.1651,normal,0.0826,Low
JE105277,0.0,,,0.1651,normal,0.0826,Low
JE106091,0.0,,,0.1651,normal,0.0826,Low
JE104129,0.0,,,0.165,normal,0.0825,Low
JE104775,0.0,,,0.165,normal,0.0825,Low
JE107865,0.0,,,0.165,normal,0.0825,Low
JE103808,0.0,,,0.165,normal,0.0825,Low
JE106549,0.0,,,0.1647,normal,0.0824,Low
JE106653,0.0,,,0.1647,normal,0.0824,Low
JE105194,0.0,,,0.1648,normal,0.0824,Low
JE100404,0.0,,,0.1647,normal,0.0824,Low
JE106021,0.0,,,0.1646,normal,0.0823,Low
JE103628,0.0,,,0.1646,normal,0.0823,Low
JE100832,0.0,,,0.1644,normal,0.0822,Low
JE106015,0.0,,,0.1645,normal,0.0822,Low
JE100683,0.0,,,0.1643,normal,0.0822,Low
JE104895,0.0,,,0.1644,normal,0.0822,Low
JE105188,0.0,,,0.1643,normal,0.0822,Low
JE102607,0.0,,,0.1643,normal,0.0822,Low
JE102163,0.0,,,0.1644,normal,0.0822,Low
JE102988,0.0,,,0.1642,normal,0.0821,Low
JE107284,0.0,,,0.164,normal,0.082,Low
JE105258,0.0,,,0.1641,normal,0.082,Low
JE107734,0.0,,,0.1639,normal,0.082,Low
JE103976,0.0,,,0.1641,normal,0.082,Low
JE101039,0.0,,,0.1639,normal,0.082,Low
JE101263,0.0,,,0.1641,normal,0.082,Low
JE100227,0.0,,,0.1639,normal,0.082,Low
JE107534,0.0,,,0.1641,normal,0.082,Low
JE103270,0.0,,,0.1639,normal,0.082,Low
JE104595,0.0,,,0.1639,normal,0.082,Low
JE107394,0.0,,,0.1637,normal,0.0819,Low
JE100152,0.0,,,0.1637,normal,0.0819,Low
JE103741,0.0,,,0.1636,normal,0.0818,Low
JE100835,0.0,,,0.1635,normal,0.0818,Low
JE101919,0.0,,,0.1635,normal,0.0818,Low
JE103090,0.0,,,0.1636,normal,0.0818,Low
JE107989,0.0,,,0.1635,normal,0.0818,Low
JE101011,0.0,,,0.1636,normal,0.0818,Low
JE101632,0.0,,,0.1634,normal,0.0817,Low
JE100496,0.0,,,0.1634,normal,0.0817,Low
JE106743,0.0,,,0.1634,normal,0.0817,Low
JE102611,0.0,,,0.1634,normal,0.0817,Low
JE104940,0.0,,,0.1632,normal,0.0816,Low
JE103310,0.0,,,0.1633,normal,0.0816,Low
JE103101,0.0,,,0.1633,normal,0.0816,Low
JE103550,0.0,,,0.1632,normal,0.0816,Low
JE103757,0.0,,,0.1633,normal,0.0816,Low
JE101778,0.0,,,0.1632,normal,0.0816,Low
JE106055,0.0,,,0.1631,normal,0.0816,Low
JE104211,0.0,,,0.1633,normal,0.0816,Low
JE101662,0.0,,,0.1631,normal,0.0816,Low
JE100964,0.0,,,0.1633,normal,0.0816,Low
JE107949,0.0,,,0.1631,normal,0.0816,Low
JE104476,0.0,,,0.163,normal,0.0815,Low
JE106908,0.0,,,0.163,normal,0.0815,Low
JE104980,0.0,,,0.163,normal,0.0815,Low
JE100950,0.0,,,0.163,normal,0.0815,Low
JE101088,0.0,,,0.163,normal,0.0815,Low
JE100416,0.0,,,0.1629,normal,0.0814,Low
JE107695,0.0,,,0.1628,normal,0.0814,Low
JE105714,0.0,,,0.1628,normal,0.0814,Low
JE106520,0.0,,,0.1628,normal,0.0814,Low
JE104925,0.0,,,0.1627,normal,0.0814,Low
JE100116,0.0,,,0.1627,normal,0.0814,Low
JE102276,0.0,,,0.1627,normal,0.0814,Low
JE106414,0.0,,,0.1628,normal,0.0814,Low
JE100751,0.0,,,0.1628,normal,0.0814,Low
JE101192,0.0,,,0.1627,normal,0.0814,Low
JE106286,0.0,,,0.1628,normal,0.0814,Low
JE102674,0.0,,,0.1629,normal,0.0814,Low
JE100020,0.0,,,0.1628,normal,0.0814,Low
JE105669,0.0,,,0.1626,normal,0.0813,Low
JE103990,0.0,,,0.1626,normal,0.0813,Low
JE100643,0.0,,,0.1626,normal,0.0813,Low
JE101519,0.0,,,0.1623,normal,0.0812,Low
JE101082,0.0,,,0.1625,normal,0.0812,Low
JE101733,0.0,,,0.1623,normal,0.0812,Low
JE107015,0.0,,,0.1623,normal,0.0812,Low
JE101564,0.0,,,0.1623,normal,0.0812,Low
JE100095,0.0,,,0.1624,normal,0.0812,Low
JE103251,0.0,,,0.1624,normal,0.0812,Low
JE107168,0.0,,,0.1625,normal,0.0812,Low
JE101079,0.0,,,0.1623,normal,0.0812,Low
JE101370,0.0,,,0.1622,normal,0.0811,Low
JE100610,0.0,,,0.162,normal,0.081,Low
JE101035,0.0,,,0.1621,normal,0.081,Low
JE104869,0.0,,,0.162,normal,0.081,Low
JE101841,0.0,,,0.1621,normal,0.081,Low
JE107639,0.0,,,0.1621,normal,0.081,Low
JE101055,0.0,,,0.162,normal,0.081,Low
JE103812,0.0,,,0.162,normal,0.081,Low
JE104267,0.0,,,0.162,normal,0.081,Low
JE107624,0.0,,,0.1621,normal,0.081,Low
JE101057,0.0,,,0.1618,normal,0.0809,Low
JE102630,0.0,,,0.1618,normal,0.0809,Low
JE104992,0.0,,,0.1618,normal,0.0809,Low
JE105211,0.0,,,0.1618,normal,0.0809,Low
JE105266,0.0,,,0.1617,normal,0.0808,Low
JE105922,0.0,,,0.1615,normal,0.0808,Low
JE102368,0.0,,,0.1617,normal,0.0808,Low
JE104230,0.0,,,0.1615,normal,0.0808,Low
JE106698,0.0,,,0.1615,normal,0.0808,Low
JE106409,0.0,,,0.1616,normal,0.0808,Low
JE105100,0.0,,,0.1617,normal,0.0808,Low
JE100902,0.0,,,0.1617,normal,0.0808,Low
JE106202,0.0,,,0.1616,normal,0.0808,Low
JE104207,0.0,,,0.1614,normal,0.0807,Low
JE101335,0.0,,,0.1614,normal,0.0807,Low
JE105075,0.0,,,0.1613,normal,0.0806,Low
JE103217,0.0,,,0.1611,normal,0.0806,Low
JE100275,0.0,,,0.1613,normal,0.0806,Low
JE101406,0.0,,,0.1613,normal,0.0806,Low
JE106760,0.0,,,0.1612,normal,0.0806,Low
JE104449,0.0,,,0.1613,normal,0.0806,Low
JE103277,0.0,,,0.1612,normal,0.0806,Low
JE105957,0.0,,,0.1613,normal,0.0806,Low
JE104960,0.0,,,0.1613,normal,0.0806,Low
JE106273,0.0,,,0.1612,normal,0.0806,Low
JE103436,0.0,,,0.1612,normal,0.0806,Low
JE106514,0.0,,,0.161,normal,0.0805,Low
JE106342,0.0,,,0.161,normal,0.0805,Low
JE105564,0.0,,,0.161,normal,0.0805,Low
JE101252,0.0,,,0.161,normal,0.0805,Low
JE106185,0.0,,,0.161,normal,0.0805,Low
JE102296,0.0,,,0.161,normal,0.0805,Low
JE106852,0.0,,,0.161,normal,0.0805,Low
JE103819,0.0,,,0.161,normal,0.0805,Low
JE103750,0.0,,,0.1609,normal,0.0804,Low
JE100725,0.0,,,0.1608,normal,0.0804,Low
JE103483,0.0,,,0.1607,normal,0.0804,Low
JE107022,0.0,,,0.1607,normal,0.0804,Low
JE102423,0.0,,,0.1608,normal,0.0804,Low
JE103111,0.0,,,0.1607,normal,0.0804,Low
JE100595,0.0,,,0.1609,normal,0.0804,Low
JE104665,0.0,,,0.1608,normal,0.0804,Low
JE104061,0.0,,,0.1609,normal,0.0804,Low
JE104478,0.0,,,0.1609,normal,0.0804,Low
JE100046,0.0,,,0.1606,normal,0.0803,Low
JE107395,0.0,,,0.1606,normal,0.0803,Low
JE102539,0.0,,,0.1605,normal,0.0802,Low
JE107459,0.0,,,0.1605,normal,0.0802,Low
JE104720,0.0,,,0.1605,normal,0.0802,Low
JE103709,0.0,,,0.1603,normal,0.0802,Low
JE100400,0.0,,,0.1602,normal,0.0801,Low
JE107607,0.0,,,0.1602,normal,0.0801,Low
JE106363,0.0,,,0.1602,normal,0.0801,Low
JE101897,0.0,,,0.16,normal,0.08,Low
JE101233,0.0,,,0.1601,normal,0.08,Low
JE107464,0.0,,,0.16,normal,0.08,Low
JE107896,0.0,,,0.16,normal,0.08,Low
JE106270,0.0,,,0.1598,normal,0.0799,Low
JE105115,0.0,,,0.1598,normal,0.0799,Low
JE104616,0.0,,,0.1599,normal,0.0799,Low
JE101887,0.0,,,0.1598,normal,0.0799,Low
JE101787,0.0,,,0.1598,normal,0.0799,Low
JE102480,0.0,,,0.1597,normal,0.0798,Low
JE104367,0.0,,,0.1597,normal,0.0798,Low
JE100797,0.0,,,0.1596,normal,0.0798,Low
JE106472,0.0,,,0.1597,normal,0.0798,Low
JE106555,0.0,,,0.1596,normal,0.0798,Low
JE102087,0.0,,,0.1596,normal,0.0798,Low
JE107679,0.0,,,0.1595,normal,0.0798,Low
JE102098,0.0,,,0.1594,normal,0.0797,Low
JE102468,0.0,,,0.1594,normal,0.0797,Low
JE106280,0.0,,,0.1594,normal,0.0797,Low
JE101781,0.0,,,0.1594,normal,0.0797,Low
JE107579,0.0,,,0.1594,normal,0.0797,Low
JE107736,0.0,,,0.1594,normal,0.0797,Low
JE106599,0.0,,,0.1594,normal,0.0797,Low
JE104732,0.0,,,0.1594,normal,0.0797,Low
JE101476,0.0,,,0.1591,normal,0.0796,Low
JE105053,0.0,,,0.1592,normal,0.0796,Low
JE102132,0.0,,,0.1593,normal,0.0796,Low
JE104163,0.0,,,0.1593,normal,0.0796,Low
JE107245,0.0,,,0.1591,normal,0.0796,Low
JE102825,0.0,,,0.1592,normal,0.0796,Low
JE100646,0.0,,,0.1592,normal,0.0796,Low
JE105399,0.0,,,0.1593,normal,0.0796,Low
JE103191,0.0,,,0.1592,normal,0.0796,Low
JE102361,0.0,,,0.1589,normal,0.0795,Low
JE105385,0.0,,,0.1589,normal,0.0795,Low
JE104234,0.0,,,0.159,normal,0.0795,Low
JE101105,0.0,,,0.159,normal,0.0795,Low
JE107110,0.0,,,0.1589,normal,0.0795,Low
JE106124,0.0,,,0.1589,normal,0.0795,Low
JE105757,0.0,,,0.159,normal,0.0795,Low
JE101330,0.0,,,0.1587,normal,0.0794,Low
JE103173,0.0,,,0.1588,normal,0.0794,Low
JE100194,0.0,,,0.1588,normal,0.0794,Low
JE100499,0.0,,,0.1587,normal,0.0794,Low
JE106063,0.0,,,0.1587,normal,0.0794,Low
JE107528,0.0,,,0.1586,normal,0.0793,Low
JE106924,0.0,,,0.1586,normal,0.0793,Low
JE103619,0.0,,,0.1583,normal,0.0792,Low
JE100319,0.0,,,0.1583,normal,0.0792,Low
JE101099,0.0,,,0.1583,normal,0.0792,Low
JE103129,0.0,,,0.1584,normal,0.0792,Low
JE105645,0.0,,,0.1583,normal,0.0792,Low
JE102924,0.0,,,0.1584,normal,0.0792,Low
JE102096,0.0,,,0.1585,normal,0.0792,Low
JE103258,0.0,,,0.1582,normal,0.0791,Low
JE104139,0.0,,,0.1579,normal,0.079,Low
JE101573,0.0,,,0.1581,normal,0.079,Low
JE102134,0.0,,,0.1581,normal,0.079,Low
JE106493,0.0,,,0.1581,normal,0.079,Low
JE102518,0.0,,,0.1579,normal,0.079,Low
JE101704,0.0,,,0.1579,normal,0.079,Low
JE104920,0.0,,,0.1579,normal,0.079,Low
JE100715,0.0,,,0.158,normal,0.079,Low
JE107251,0.0,,,0.1578,normal,0.0789,Low
JE105661,0.0,,,0.1576,normal,0.0788,Low
JE103847,0.0,,,0.1575,normal,0.0788,Low
JE107985,0.0,,,0.1575,normal,0.0788,Low
JE104347,0.0,,,0.1576,normal,0.0788,Low
JE106432,0.0,,,0.1574,normal,0.0787,Low
JE100981,0.0,,,0.1574,normal,0.0787,Low
JE102728,0.0,,,0.1573,normal,0.0786,Low
JE101225,0.0,,,0.1571,normal,0.0786,Low
JE102061,0.0,,,0.1573,normal,0.0786,Low
JE102517,0.0,,,0.1573,normal,0.0786,Low
JE101655,0.0,,,0.1573,normal,0.0786,Low
JE101795,0.0,,,0.1572,normal,0.0786,Low
JE106244,0.0,,,0.1572,normal,0.0786,Low
JE100916,0.0,,,0.1571,normal,0.0786,Low
JE105021,0.0,,,0.1572,normal,0.0786,Low
JE107451,0.0,,,0.1572,normal,0.0786,Low
JE107343,0.0,,,0.1573,normal,0.0786,Low
JE106060,0.0,,,0.1571,normal,0.0786,Low
JE107034,0.0,,,0.1573,normal,0.0786,Low
JE100849,0.0,,,0.1571,normal,0.0786,Low
JE104696,0.0,,,0.1569,normal,0.0785,Low
JE107392,0.0,,,0.157,normal,0.0785,Low
JE107995,0.0,,,0.1569,normal,0.0785,Low
JE102844,0.0,,,0.1569,normal,0.0785,Low
JE105293,0.0,,,0.157,normal,0.0785,Low
JE100279,0.0,,,0.1569,normal,0.0785,Low
JE106882,0.0,,,0.1569,normal,0.0785,Low
JE107099,0.0,,,0.1568,normal,0.0784,Low
JE103668,0.0,,,0.1567,normal,0.0784,Low
JE107602,0.0,,,0.1567,normal,0.0784,Low
JE107900,0.0,,,0.1568,normal,0.0784,Low
JE106672,0.0,,,0.1567,normal,0.0784,Low
JE103286,0.0,,,0.1566,normal,0.0783,Low
JE107531,0.0,,,0.1564,normal,0.0782,Low
JE107266,0.0,,,0.1563,normal,0.0782,Low
JE104402,0.0,,,0.1565,normal,0.0782,Low
JE107084,0.0,,,0.1563,normal,0.0782,Low
JE107128,0.0,,,0.1563,normal,0.0782,Low
JE104143,0.0,,,0.1563,normal,0.0782,Low
JE102357,0.0,,,0.1564,normal,0.0782,Low
JE104479,0.0,,,0.1565,normal,0.0782,Low
JE101763,0.0,,,0.1564,normal,0.0782,Low
JE102077,0.0,,,0.1563,normal,0.0782,Low
JE101031,0.0,,,0.1562,normal,0.0781,Low
JE104652,0.0,,,0.1562,normal,0.0781,Low
JE103059,0.0,,,0.1562,normal,0.0781,Low
JE106018,0.0,,,0.1562,normal,0.0781,Low
JE100535,0.0,,,0.1562,normal,0.0781,Low
JE107573,0.0,,,0.1561,normal,0.078,Low
JE107906,0.0,,,0.1561,normal,0.078,Low
JE104437,0.0,,,0.156,normal,0.078,Low
JE106504,0.0,,,0.1561,normal,0.078,Low
JE101942,0.0,,,0.1559,normal,0.078,Low
JE106651,0.0,,,0.1561,normal,0.078,Low
JE103818,0.0,,,0.1559,normal,0.078,Low
JE105073,0.0,,,0.1561,normal,0.078,Low
JE106537,0.0,,,0.1558,normal,0.0779,Low
JE102284,0.0,,,0.1558,normal,0.0779,Low
JE106020,0.0,,,0.1558,normal,0.0779,Low
JE107439,0.0,,,0.1558,normal,0.0779,Low
JE101512,0.0,,,0.1556,normal,0.0778,Low
JE106691,0.0,,,0.1555,normal,0.0778,Low
JE103368,0.0,,,0.1555,normal,0.0778,Low
JE107254,0.0,,,0.1554,normal,0.0777,Low
JE105819,0.0,,,0.1554,normal,0.0777,Low
JE106951,0.0,,,0.1554,normal,0.0777,Low
JE107298,0.0,,,0.1554,normal,0.0777,Low
JE103292,0.0,,,0.1554,normal,0.0777,Low
JE103159,0.0,,,0.1554,normal,0.0777,Low
JE102067,0.0,,,0.1554,normal,0.0777,Low
JE103679,0.0,,,0.1554,normal,0.0777,Low
JE107843,0.0,,,0.1553,normal,0.0776,Low
JE103526,0.0,,,0.1553,normal,0.0776,Low
JE107620,0.0,,,0.1553,normal,0.0776,Low
JE106436,0.0,,,0.1553,normal,0.0776,Low
JE103956,0.0,,,0.1553,normal,0.0776,Low
JE101144,0.0,,,0.155,normal,0.0775,Low
JE105529,0.0,,,0.1551,normal,0.0775,Low
JE106906,0.0,,,0.1551,normal,0.0775,Low
JE101802,0.0,,,0.1551,normal,0.0775,Low
JE106318,0.0,,,0.1547,normal,0.0774,Low
JE106337,0.0,,,0.1549,normal,0.0774,Low
JE100847,0.0,,,0.1549,normal,0.0774,Low
JE104426,0.0,,,0.1547,normal,0.0774,Low
JE104232,0.0,,,0.1548,normal,0.0774,Low
JE104457,0.0,,,0.1547,normal,0.0774,Low
JE106113,0.0,,,0.1548,normal,0.0774,Low
JE104319,0.0,,,0.1547,normal,0.0774,Low
JE100799,0.0,,,0.1549,normal,0.0774,Low
JE101076,0.0,,,0.1547,normal,0.0774,Low
JE106535,0.0,,,0.1546,normal,0.0773,Low
JE101570,0.0,,,0.1544,normal,0.0772,Low
JE106563,0.0,,,0.1544,normal,0.0772,Low
JE104904,0.0,,,0.1543,normal,0.0772,Low
JE106215,0.0,,,0.1543,normal,0.0772,Low
JE103169,0.0,,,0.1544,normal,0.0772,Low
JE103746,0.0,,,0.1545,normal,0.0772,Low
JE107853,0.0,,,0.1545,normal,0.0772,Low
JE106790,0.0,,,0.1544,normal,0.0772,Low
JE104027,0.0,,,0.1542,normal,0.0771,Low
JE102358,0.0,,,0.1542,normal,0.0771,Low
JE100427,0.0,,,0.1541,normal,0.077,Low
JE107690,0.0,,,0.1538,normal,0.0769,Low
JE100015,0.0,,,0.1538,normal,0.0769,Low
JE105931,0.0,,,0.1538,normal,0.0769,Low
JE103168,0.0,,,0.1535,normal,0.0768,Low
JE103200,0.0,,,0.1537,normal,0.0768,Low
JE107640,0.0,,,0.1536,normal,0.0768,Low
JE103484,0.0,,,0.1536,normal,0.0768,Low
JE101464,0.0,,,0.1535,normal,0.0768,Low
JE100948,0.0,,,0.1537,normal,0.0768,Low
JE103707,0.0,,,0.1536,normal,0.0768,Low
JE102313,0.0,,,0.1536,normal,0.0768,Low
JE103762,0.0,,,0.1531,normal,0.0766,Low
JE101670,0.0,,,0.1533,normal,0.0766,Low
JE107751,0.0,,,0.1533,normal,0.0766,Low
JE103589,0.0,,,0.1533,normal,0.0766,Low
JE102328,0.0,,,0.1531,normal,0.0766,Low
JE106022,0.0,,,0.1532,normal,0.0766,Low
JE100426,0.0,,,0.1532,normal,0.0766,Low
JE101137,0.0,,,0.1531,normal,0.0766,Low
JE102160,0.0,,,0.1532,normal,0.0766,Low
JE101660,0.0,,,0.1531,normal,0.0766,Low
JE107452,0.0,,,0.1532,normal,0.0766,Low
JE102796,0.0,,,0.1532,normal,0.0766,Low
JE100043,0.0,,,0.1531,normal,0.0766,Low
JE101274,0.0,,,0.1532,normal,0.0766,Low
JE107753,0.0,,,0.1532,normal,0.0766,Low
JE103521,0.0,,,0.1531,normal,0.0766,Low
JE103848,0.0,,,0.1532,normal,0.0766,Low
JE107058,0.0,,,0.153,normal,0.0765,Low
JE107513,0.0,,,0.153,normal,0.0765,Low
JE106895,0.0,,,0.153,normal,0.0765,Low
JE102911,0.0,,,0.1529,normal,0.0764,Low
JE104454,0.0,,,0.1527,normal,0.0764,Low
JE106199,0.0,,,0.1529,normal,0.0764,Low
JE100341,0.0,,,0.1529,normal,0.0764,Low
JE103904,0.0,,,0.1526,normal,0.0763,Low
JE106737,0.0,,,0.1526,normal,0.0763,Low
JE105890,0.0,,,0.1526,normal,0.0763,Low
JE104861,0.0,,,0.1526,normal,0.0763,Low
JE100328,0.0,,,0.1526,normal,0.0763,Low
JE107890,0.0,,,0.1526,normal,0.0763,Low
JE104431,0.0,,,0.1525,normal,0.0762,Low
JE101078,0.0,,,0.1523,normal,0.0762,Low
JE101033,0.0,,,0.1524,normal,0.0762,Low
JE104481,0.0,,,0.1523,normal,0.0762,Low
JE103490,0.0,,,0.1523,normal,0.0762,Low
JE102044,0.0,,,0.1524,normal,0.0762,Low
JE107983,0.0,,,0.1521,normal,0.0761,Low
JE105265,0.0,,,0.1522,normal,0.0761,Low
JE105865,0.0,,,0.1521,normal,0.0761,Low
JE101074,0.0,,,0.1521,normal,0.0761,Low
JE107710,0.0,,,0.1519,normal,0.076,Low
JE106827,0.0,,,0.152,normal,0.076,Low
JE100906,0.0,,,0.152,normal,0.076,Low
JE101311,0.0,,,0.152,normal,0.076,Low
JE104346,0.0,,,0.152,normal,0.076,Low
JE103641,0.0,,,0.152,normal,0.076,Low
JE102773,0.0,,,0.152,normal,0.076,Low
JE103706,0.0,,,0.1518,normal,0.0759,Low
JE103418,0.0,,,0.1518,normal,0.0759,Low
JE104692,0.0,,,0.1518,normal,0.0759,Low
JE105412,0.0,,,0.1516,normal,0.0758,Low
JE100453,0.0,,,0.1516,normal,0.0758,Low
JE101790,0.0,,,0.1516,normal,0.0758,Low
JE106251,0.0,,,0.1516,normal,0.0758,Low
JE101205,0.0,,,0.1516,normal,0.0758,Low
JE104046,0.0,,,0.1516,normal,0.0758,Low
JE107179,0.0,,,0.1516,normal,0.0758,Low
JE103221,0.0,,,0.1514,normal,0.0757,Low
JE104310,0.0,,,0.1514,normal,0.0757,Low
JE106434,0.0,,,0.1514,normal,0.0757,Low
JE101717,0.0,,,0.1514,normal,0.0757,Low
JE107114,0.0,,,0.1513,normal,0.0756,Low
JE106239,0.0,,,0.1511,normal,0.0756,Low
JE106464,0.0,,,0.1512,normal,0.0756,Low
JE105012,0.0,,,0.151,normal,0.0755,Low
JE101877,0.0,,,0.151,normal,0.0755,Low
JE107431,0.0,,,0.1509,normal,0.0754,Low
JE103842,0.0,,,0.1509,normal,0.0754,Low
JE105468,0.0,,,0.1509,normal,0.0754,Low
JE101851,0.0,,,0.1507,normal,0.0754,Low
JE104030,0.0,,,0.1508,normal,0.0754,Low
JE101690,0.0,,,0.1509,normal,0.0754,Low
JE101959,0.0,,,0.1504,normal,0.0752,Low
JE102378,0.0,,,0.1503,normal,0.0752,Low
JE105244,0.0,,,0.1503,normal,0.0752,Low
JE103747,0.0,,,0.1502,normal,0.0751,Low
JE105992,0.0,,,0.1502,normal,0.0751,Low
JE105789,0.0,,,0.1502,normal,0.0751,Low
JE100354,0.0,,,0.1501,normal,0.075,Low
JE104212,0.0,,,0.15,normal,0.075,Low
JE102913,0.0,,,0.1499,normal,0.075,Low
JE107969,0.0,,,0.1499,normal,0.075,Low
JE102125,0.0,,,0.1499,normal,0.075,Low
JE103093,0.0,,,0.1501,normal,0.075,Low
JE107355,0.0,,,0.1501,normal,0.075,Low
JE105104,0.0,,,0.1498,normal,0.0749,Low
JE102283,0.0,,,0.1498,normal,0.0749,Low
JE106817,0.0,,,0.1497,normal,0.0748,Low
JE105144,0.0,,,0.1495,normal,0.0748,Low
JE104704,0.0,,,0.1496,normal,0.0748,Low
JE104642,0.0,,,0.1495,normal,0.0748,Low
JE106620,0.0,,,0.1495,normal,0.0748,Low
JE104213,0.0,,,0.1495,normal,0.0748,Low
JE102233,0.0,,,0.1497,normal,0.0748,Low
JE103420,0.0,,,0.1495,normal,0.0748,Low
JE104687,0.0,,,0.1496,normal,0.0748,Low
JE104721,0.0,,,0.1496,normal,0.0748,Low
JE100986,0.0,,,0.1494,normal,0.0747,Low
JE105854,0.0,,,0.1494,normal,0.0747,Low
JE104060,0.0,,,0.1494,normal,0.0747,Low
JE105739,0.0,,,0.1494,normal,0.0747,Low
JE100537,0.0,,,0.1492,normal,0.0746,Low
JE101312,0.0,,,0.1492,normal,0.0746,Low
JE105379,0.0,,,0.149,normal,0.0745,Low
JE100470,0.0,,,0.149,normal,0.0745,Low
JE104623,0.0,,,0.149,normal,0.0745,Low
JE107106,0.0,,,0.149,normal,0.0745,Low
JE100318,0.0,,,0.149,normal,0.0745,Low
JE105475,0.0,,,0.1487,normal,0.0744,Low
JE103851,0.0,,,0.1489,normal,0.0744,Low
JE104181,0.0,,,0.1487,normal,0.0744,Low
JE102220,0.0,,,0.1489,normal,0.0744,Low
JE106762,0.0,,,0.1487,normal,0.0744,Low
JE100869,0.0,,,0.1486,normal,0.0743,Low
JE106998,0.0,,,0.1486,normal,0.0743,Low
JE102397,0.0,,,0.1486,normal,0.0743,Low
JE100123,0.0,,,0.1486,normal,0.0743,Low
JE104428,0.0,,,0.1485,normal,0.0742,Low
JE105729,0.0,,,0.1484,normal,0.0742,Low
JE107837,0.0,,,0.1484,normal,0.0742,Low
JE106626,0.0,,,0.1483,normal,0.0741,Low
JE102669,0.0,,,0.1482,normal,0.0741,Low
JE107463,0.0,,,0.1482,normal,0.0741,Low
JE100963,0.0,,,0.1479,normal,0.074,Low
JE107733,0.0,,,0.1481,normal,0.074,Low
JE100889,0.0,,,0.148,normal,0.074,Low
JE104210,0.0,,,0.148,normal,0.074,Low
JE103620,0.0,,,0.1478,normal,0.0739,Low
JE100919,0.0,,,0.1478,normal,0.0739,Low
JE103945,0.0,,,0.1477,normal,0.0738,Low
JE101692,0.0,,,0.1475,normal,0.0738,Low
JE106557,0.0,,,0.1475,normal,0.0738,Low
JE103805,0.0,,,0.1476,normal,0.0738,Low
JE103994,0.0,,,0.1477,normal,0.0738,Low
JE100509,0.0,,,0.1476,normal,0.0738,Low
JE100399,0.0,,,0.1477,normal,0.0738,Low
JE100001,0.0,,,0.1476,normal,0.0738,Low
JE102925,0.0,,,0.1477,normal,0.0738,Low
JE105187,0.0,,,0.1474,normal,0.0737,Low
JE104536,0.0,,,0.147,normal,0.0735,Low
JE102694,0.0,,,0.147,normal,0.0735,Low
JE101545,0.0,,,0.147,normal,0.0735,Low
JE107546,0.0,,,0.147,normal,0.0735,Low
JE107142,0.0,,,0.147,normal,0.0735,Low
JE104864,0.0,,,0.1467,normal,0.0734,Low
JE101270,0.0,,,0.1469,normal,0.0734,Low
JE102828,0.0,,,0.1467,normal,0.0734,Low
JE100858,0.0,,,0.1469,normal,0.0734,Low
JE103238,0.0,,,0.1469,normal,0.0734,Low
JE103272,0.0,,,0.1465,normal,0.0732,Low
JE105493,0.0,,,0.1465,normal,0.0732,Low
JE101381,0.0,,,0.1465,normal,0.0732,Low
JE104971,0.0,,,0.1465,normal,0.0732,Low
JE100920,0.0,,,0.1462,normal,0.0731,Low
JE105834,0.0,,,0.1462,normal,0.0731,Low
JE101320,0.0,,,0.1462,normal,0.0731,Low
JE100041,0.0,,,0.1462,normal,0.0731,Low
JE103071,0.0,,,0.1459,normal,0.073,Low
JE102294,0.0,,,0.146,normal,0.073,Low
JE101818,0.0,,,0.1459,normal,0.073,Low
JE103820,0.0,,,0.1461,normal,0.073,Low
JE107940,0.0,,,0.1461,normal,0.073,Low
JE102343,0.0,,,0.146,normal,0.073,Low
JE107854,0.0,,,0.1461,normal,0.073,Low
JE107046,0.0,,,0.1459,normal,0.073,Low
JE101339,0.0,,,0.1458,normal,0.0729,Low
JE103972,0.0,,,0.1456,normal,0.0728,Low
JE103735,0.0,,,0.1457,normal,0.0728,Low
JE100706,0.0,,,0.1455,normal,0.0728,Low
JE105358,0.0,,,0.1456,normal,0.0728,Low
JE100469,0.0,,,0.1455,normal,0.0728,Low
JE107966,0.0,,,0.1457,normal,0.0728,Low
JE100384,0.0,,,0.1457,normal,0.0728,Low
JE100664,0.0,,,0.1456,normal,0.0728,Low
JE106773,0.0,,,0.1453,normal,0.0727,Low
JE103112,0.0,,,0.1454,normal,0.0727,Low
JE104984,0.0,,,0.1454,normal,0.0727,Low
JE106944,0.0,,,0.1453,normal,0.0727,Low
JE106984,0.0,,,0.1453,normal,0.0727,Low
JE103022,0.0,,,0.1452,normal,0.0726,Low
JE104298,0.0,,,0.1451,normal,0.0726,Low
JE107321,0.0,,,0.1451,normal,0.0726,Low
JE102850,0.0,,,0.1451,normal,0.0726,Low
JE101072,0.0,,,0.1451,normal,0.0726,Low
JE103752,0.0,,,0.1451,normal,0.0726,Low
JE103631,0.0,,,0.145,normal,0.0725,Low
JE107484,0.0,,,0.145,normal,0.0725,Low
JE105210,0.0,,,0.145,normal,0.0725,Low
JE101724,0.0,,,0.1447,normal,0.0724,Low
JE101003,0.0,,,0.1447,normal,0.0724,Low
JE106928,0.0,,,0.1448,normal,0.0724,Low
JE104654,0.0,,,0.1447,normal,0.0724,Low
JE104071,0.0,,,0.1449,normal,0.0724,Low
JE103682,0.0,,,0.1449,normal,0.0724,Low
JE104433,0.0,,,0.1448,normal,0.0724,Low
JE102986,0.0,,,0.1448,normal,0.0724,Low
JE101405,0.0,,,0.1449,normal,0.0724,Low
JE106447,0.0,,,0.1449,normal,0.0724,Low
JE105697,0.0,,,0.1448,normal,0.0724,Low
JE103299,0.0,,,0.1449,normal,0.0724,Low
JE103900,0.0,,,0.1446,normal,0.0723,Low
JE101493,0.0,,,0.1443,normal,0.0722,Low
JE105074,0.0,,,0.1443,normal,0.0722,Low
JE107633,0.0,,,0.1443,normal,0.0722,Low
JE106131,0.0,,,0.1443,normal,0.0722,Low
JE101791,0.0,,,0.1445,normal,0.0722,Low
JE100780,0.0,,,0.1445,normal,0.0722,Low
JE101976,0.0,,,0.1445,normal,0.0722,Low
JE107564,0.0,,,0.1442,normal,0.0721,Low
JE104086,0.0,,,0.1442,normal,0.0721,Low
JE101697,0.0,,,0.1442,normal,0.0721,Low
JE105630,0.0,,,0.1442,normal,0.0721,Low
JE101673,0.0,,,0.1439,normal,0.072,Low
JE104846,0.0,,,0.144,normal,0.072,Low
JE102289,0.0,,,0.1439,normal,0.072,Low
JE103801,0.0,,,0.1439,normal,0.072,Low
JE105066,0.0,,,0.1438,normal,0.0719,Low
JE105397,0.0,,,0.1438,normal,0.0719,Low
JE100718,0.0,,,0.1438,normal,0.0719,Low
JE107768,0.0,,,0.1438,normal,0.0719,Low
JE101428,0.0,,,0.1436,normal,0.0718,Low
JE103600,0.0,,,0.1436,normal,0.0718,Low
JE101762,0.0,,,0.1436,normal,0.0718,Low
JE100006,0.0,,,0.1435,normal,0.0718,Low
JE105191,0.0,,,0.1435,normal,0.0718,Low
JE107103,0.0,,,0.1436,normal,0.0718,Low
JE103450,0.0,,,0.1435,normal,0.0718,Low
JE103635,0.0,,,0.1436,normal,0.0718,Low
JE105876,0.0,,,0.1432,normal,0.0716,Low
JE100498,0.0,,,0.1433,normal,0.0716,Low
JE103355,0.0,,,0.1431,normal,0.0716,Low
JE104057,0.0,,,0.1433,normal,0.0716,Low
JE100098,0.0,,,0.1433,normal,0.0716,Low
JE102239,0.0,,,0.1431,normal,0.0716,Low
JE101968,0.0,,,0.1432,normal,0.0716,Low
JE102647,0.0,,,0.1432,normal,0.0716,Low
JE100028,0.0,,,0.1433,normal,0.0716,Low
JE102209,0.0,,,0.1431,normal,0.0716,Low
JE107044,0.0,,,0.143,normal,0.0715,Low
JE106223,0.0,,,0.143,normal,0.0715,Low
JE103048,0.0,,,0.143,normal,0.0715,Low
JE102866,0.0,,,0.1427,normal,0.0714,Low
JE101922,0.0,,,0.1429,normal,0.0714,Low
JE105748,0.0,,,0.1428,normal,0.0714,Low
JE102277,0.0,,,0.1427,normal,0.0714,Low
JE105899,0.0,,,0.1428,normal,0.0714,Low
JE106442,0.0,,,0.1428,normal,0.0714,Low
JE105078,0.0,,,0.1429,normal,0.0714,Low
JE105351,0.0,,,0.1427,normal,0.0714,Low
JE104341,0.0,,,0.1428,normal,0.0714,Low
JE104728,0.0,,,0.1426,normal,0.0713,Low
JE107606,0.0,,,0.1426,normal,0.0713,Low
JE104419,0.0,,,0.1426,normal,0.0713,Low
JE104066,0.0,,,0.1423,normal,0.0712,Low
JE106954,0.0,,,0.1424,normal,0.0712,Low
JE106969,0.0,,,0.1423,normal,0.0712,Low
JE105563,0.0,,,0.1425,normal,0.0712,Low
JE107649,0.0,,,0.1425,normal,0.0712,Low
JE101886,0.0,,,0.1425,normal,0.0712,Low
JE103489,0.0,,,0.142,normal,0.071,Low
JE101651,0.0,,,0.1421,normal,0.071,Low
JE102439,0.0,,,0.1421,normal,0.071,Low
JE105326,0.0,,,0.1419,normal,0.071,Low
JE101180,0.0,,,0.1418,normal,0.0709,Low
JE102215,0.0,,,0.1418,normal,0.0709,Low
JE106025,0.0,,,0.1416,normal,0.0708,Low
JE105604,0.0,,,0.1416,normal,0.0708,Low
JE105698,0.0,,,0.1416,normal,0.0708,Low
JE101255,0.0,,,0.1417,normal,0.0708,Low
JE100622,0.0,,,0.1416,normal,0.0708,Low
JE100011,0.0,,,0.1414,normal,0.0707,Low
JE100665,0.0,,,0.1414,normal,0.0707,Low
JE100386,0.0,,,0.1414,normal,0.0707,Low
JE105582,0.0,,,0.1415,normal,0.0707,Low
JE105348,0.0,,,0.1414,normal,0.0707,Low
JE100742,0.0,,,0.1414,normal,0.0707,Low
JE100345,0.0,,,0.1415,normal,0.0707,Low
JE104615,0.0,,,0.1413,normal,0.0706,Low
JE105022,0.0,,,0.1412,normal,0.0706,Low
JE104718,0.0,,,0.1413,normal,0.0706,Low
JE104275,0.0,,,0.1412,normal,0.0706,Low
JE106243,0.0,,,0.1411,normal,0.0706,Low
JE103167,0.0,,,0.1413,normal,0.0706,Low
JE105732,0.0,,,0.1412,normal,0.0706,Low
JE105713,0.0,,,0.1413,normal,0.0706,Low
JE102017,0.0,,,0.1412,normal,0.0706,Low
JE100588,0.0,,,0.1411,normal,0.0706,Low
JE107314,0.0,,,0.141,normal,0.0705,Low
JE102074,0.0,,,0.141,normal,0.0705,Low
JE101532,0.0,,,0.141,normal,0.0705,Low
JE102905,0.0,,,0.1408,normal,0.0704,Low
JE103883,0.0,,,0.1408,normal,0.0704,Low
JE102938,0.0,,,0.1407,normal,0.0704,Low
JE105928,0.0,,,0.1408,normal,0.0704,Low
JE102768,0.0,,,0.1408,normal,0.0704,Low
JE107117,0.0,,,0.1407,normal,0.0704,Low
JE103354,0.0,,,0.1408,normal,0.0704,Low
JE106897,0.0,,,0.1407,normal,0.0704,Low
JE105148,0.0,,,0.1405,normal,0.0703,Low
JE107240,0.0,,,0.1405,normal,0.0703,Low
JE104352,0.0,,,0.1404,normal,0.0702,Low
JE101634,0.0,,,0.1404,normal,0.0702,Low
JE104967,0.0,,,0.1403,normal,0.0702,Low
JE107237,0.0,,,0.1403,normal,0.0702,Low
JE100276,0.0,,,0.1403,normal,0.0702,Low
JE104088,0.0,,,0.1403,normal,0.0702,Low
JE105735,0.0,,,0.1402,normal,0.0701,Low
JE100560,0.0,,,0.14,normal,0.07,Low
JE102697,0.0,,,0.1401,normal,0.07,Low
JE106159,0.0,,,0.1399,normal,0.07,Low
JE101591,0.0,,,0.1401,normal,0.07,Low
JE101971,0.0,,,0.14,normal,0.07,Low
JE105411,0.0,,,0.1398,normal,0.0699,Low
JE103781,0.0,,,0.1397,normal,0.0698,Low
JE100380,0.0,,,0.1396,normal,0.0698,Low
JE106805,0.0,,,0.1395,normal,0.0698,Low
JE107223,0.0,,,0.1397,normal,0.0698,Low
JE106509,0.0,,,0.1397,normal,0.0698,Low
JE100277,0.0,,,0.1394,normal,0.0697,Low
JE106377,0.0,,,0.1394,normal,0.0697,Low
JE102144,0.0,,,0.1394,normal,0.0697,Low
JE101788,0.0,,,0.1394,normal,0.0697,Low
JE100956,0.0,,,0.1392,normal,0.0696,Low
JE105688,0.0,,,0.1392,normal,0.0696,Low
JE100696,0.0,,,0.1391,normal,0.0696,Low
JE105702,0.0,,,0.1393,normal,0.0696,Low
JE105986,0.0,,,0.139,normal,0.0695,Low
JE101979,0.0,,,0.1388,normal,0.0694,Low
JE106330,0.0,,,0.1388,normal,0.0694,Low
JE101482,0.0,,,0.1386,normal,0.0693,Low
JE105250,0.0,,,0.1386,normal,0.0693,Low
JE101010,0.0,,,0.1385,normal,0.0693,Low
JE102106,0.0,,,0.1386,normal,0.0693,Low
JE107325,0.0,,,0.1385,normal,0.0693,Low
JE100764,0.0,,,0.1385,normal,0.0693,Low
JE103924,0.0,,,0.1385,normal,0.0693,Low
JE105159,0.0,,,0.1384,normal,0.0692,Low
JE101479,0.0,,,0.1384,normal,0.0692,Low
JE105033,0.0,,,0.1384,normal,0.0692,Low
JE105598,0.0,,,0.1384,normal,0.0692,Low
JE105386,0.0,,,0.1382,normal,0.0691,Low
JE104957,0.0,,,0.1381,normal,0.069,Low
JE107899,0.0,,,0.1381,normal,0.069,Low
JE102458,0.0,,,0.138,normal,0.069,Low
JE100700,0.0,,,0.138,normal,0.069,Low
JE103162,0.0,,,0.1378,normal,0.0689,Low
JE102065,0.0,,,0.1376,normal,0.0688,Low
JE106179,0.0,,,0.1377,normal,0.0688,Low
JE107558,0.0,,,0.1377,normal,0.0688,Low
JE105918,0.0,,,0.1374,normal,0.0687,Low
JE105421,0.0,,,0.1374,normal,0.0687,Low
JE101213,0.0,,,0.1374,normal,0.0687,Low
JE100717,0.0,,,0.1374,normal,0.0687,Low
JE100817,0.0,,,0.1372,normal,0.0686,Low
JE105383,0.0,,,0.1372,normal,0.0686,Low
JE103947,0.0,,,0.1373,normal,0.0686,Low
JE104081,0.0,,,0.1372,normal,0.0686,Low
JE106448,0.0,,,0.1373,normal,0.0686,Low
JE105870,0.0,,,0.1373,normal,0.0686,Low
JE101729,0.0,,,0.1372,normal,0.0686,Low
JE103117,0.0,,,0.137,normal,0.0685,Low
JE106473,0.0,,,0.137,normal,0.0685,Low
JE101909,0.0,,,0.1368,normal,0.0684,Low
JE105967,0.0,,,0.1368,normal,0.0684,Low
JE100369,0.0,,,0.1368,normal,0.0684,Low
JE106705,0.0,,,0.1368,normal,0.0684,Low
JE103653,0.0,,,0.1368,normal,0.0684,Low
JE106496,0.0,,,0.1367,normal,0.0683,Low
JE100349,0.0,,,0.1366,normal,0.0683,Low
JE104044,0.0,,,0.1367,normal,0.0683,Low
JE100590,0.0,,,0.1367,normal,0.0683,Low
JE102962,0.0,,,0.1363,normal,0.0682,Low
JE103465,0.0,,,0.1364,normal,0.0682,Low
JE103253,0.0,,,0.1365,normal,0.0682,Low
JE101535,0.0,,,0.1363,normal,0.0682,Low
JE100155,0.0,,,0.1364,normal,0.0682,Low
JE103977,0.0,,,0.1359,normal,0.068,Low
JE100712,0.0,,,0.1361,normal,0.068,Low
JE107541,0.0,,,0.136,normal,0.068,Low
JE105056,0.0,,,0.1359,normal,0.068,Low
JE101197,0.0,,,0.136,normal,0.068,Low
JE105403,0.0,,,0.136,normal,0.068,Low
JE104499,0.0,,,0.1358,normal,0.0679,Low
JE103263,0.0,,,0.1358,normal,0.0679,Low
JE107004,0.0,,,0.1358,normal,0.0679,Low
JE103042,0.0,,,0.1358,normal,0.0679,Low
JE103934,0.0,,,0.1358,normal,0.0679,Low
JE106750,0.0,,,0.1355,normal,0.0678,Low
JE106655,0.0,,,0.1356,normal,0.0678,Low
JE106610,0.0,,,0.1357,normal,0.0678,Low
JE100866,0.0,,,0.1356,normal,0.0678,Low
JE107752,0.0,,,0.1355,normal,0.0678,Low
JE104237,0.0,,,0.1355,normal,0.0678,Low
JE100953,0.0,,,0.1357,normal,0.0678,Low
JE102523,0.0,,,0.1356,normal,0.0678,Low
JE107101,0.0,,,0.1354,normal,0.0677,Low
JE105153,0.0,,,0.1354,normal,0.0677,Low
JE100836,0.0,,,0.1352,normal,0.0676,Low
JE106830,0.0,,,0.1351,normal,0.0676,Low
JE104910,0.0,,,0.1352,normal,0.0676,Low
JE107941,0.0,,,0.1353,normal,0.0676,Low
JE107313,0.0,,,0.1353,normal,0.0676,Low
JE102972,0.0,,,0.1348,normal,0.0674,Low
JE104285,0.0,,,0.1349,normal,0.0674,Low
JE103948,0.0,,,0.1348,normal,0.0674,Low
JE106120,0.0,,,0.1348,normal,0.0674,Low
JE104381,0.0,,,0.1349,normal,0.0674,Low
JE107028,0.0,,,0.1348,normal,0.0674,Low
JE107566,0.0,,,0.1348,normal,0.0674,Low
JE106839,0.0,,,0.1348,normal,0.0674,Low
JE105424,0.0,,,0.1347,normal,0.0673,Low
JE102481,0.0,,,0.1346,normal,0.0673,Low
JE101688,0.0,,,0.1346,normal,0.0673,Low
JE104489,0.0,,,0.1345,normal,0.0672,Low
JE107530,0.0,,,0.1344,normal,0.0672,Low
JE103910,0.0,,,0.1343,normal,0.0672,Low
JE103511,0.0,,,0.1343,normal,0.0672,Low
JE104771,0.0,,,0.1342,normal,0.0671,Low
JE107300,0.0,,,0.1342,normal,0.0671,Low
JE100471,0.0,,,0.1342,normal,0.0671,Low
JE101575,0.0,,,0.1341,normal,0.067,Low
JE102776,0.0,,,0.1339,normal,0.067,Low
JE103064,0.0,,,0.134,normal,0.067,Low
JE104585,0.0,,,0.1337,normal,0.0669,Low
JE107911,0.0,,,0.1337,normal,0.0669,Low
JE104184,0.0,,,0.1335,normal,0.0668,Low
JE107032,0.0,,,0.1336,normal,0.0668,Low
JE101782,0.0,,,0.1332,normal,0.0666,Low
JE100846,0.0,,,0.1332,normal,0.0666,Low
JE105463,0.0,,,0.1331,normal,0.0666,Low
JE101965,0.0,,,0.1331,normal,0.0666,Low
JE106394,0.0,,,0.1333,normal,0.0666,Low
JE103798,0.0,,,0.133,normal,0.0665,Low
JE103916,0.0,,,0.133,normal,0.0665,Low
JE102987,0.0,,,0.133,normal,0.0665,Low
JE106401,0.0,,,0.1328,normal,0.0664,Low
JE100523,0.0,,,0.1329,normal,0.0664,Low
JE106683,0.0,,,0.1329,normal,0.0664,Low
JE102060,0.0,,,0.1327,normal,0.0664,Low
JE106283,0.0,,,0.1329,normal,0.0664,Low
JE103376,0.0,,,0.1326,normal,0.0663,Low
JE104519,0.0,,,0.1326,normal,0.0663,Low
JE104670,0.0,,,0.1326,normal,0.0663,Low
JE105810,0.0,,,0.1323,normal,0.0662,Low
JE105020,0.0,,,0.1323,normal,0.0662,Low
JE101991,0.0,,,0.1323,normal,0.0662,Low
JE103678,0.0,,,0.1324,normal,0.0662,Low
JE105308,0.0,,,0.1325,normal,0.0662,Low
JE104469,0.0,,,0.1322,normal,0.0661,Low
JE107302,0.0,,,0.1322,normal,0.0661,Low
JE107301,0.0,,,0.1322,normal,0.0661,Low
JE107882,0.0,,,0.132,normal,0.066,Low
JE100025,0.0,,,0.132,normal,0.066,Low
JE100195,0.0,,,0.132,normal,0.066,Low
JE106950,0.0,,,0.1321,normal,0.066,Low
JE103342,0.0,,,0.1321,normal,0.066,Low
JE103525,0.0,,,0.1319,normal,0.066,Low
JE100930,0.0,,,0.1317,normal,0.0659,Low
JE107315,0.0,,,0.1317,normal,0.0659,Low
JE102563,0.0,,,0.1318,normal,0.0659,Low
JE107964,0.0,,,0.1318,normal,0.0659,Low
JE105995,0.0,,,0.1315,normal,0.0658,Low
JE102448,0.0,,,0.1316,normal,0.0658,Low
JE103394,0.0,,,0.1316,normal,0.0658,Low
JE100547,0.0,,,0.1314,normal,0.0657,Low
JE101369,0.0,,,0.1313,normal,0.0656,Low
JE102707,0.0,,,0.1313,normal,0.0656,Low
JE106957,0.0,,,0.1313,normal,0.0656,Low
JE102877,0.0,,,0.1311,normal,0.0656,Low
JE104017,0.0,,,0.1312,normal,0.0656,Low
JE100261,0.0,,,0.1313,normal,0.0656,Low
JE106788,0.0,,,0.1313,normal,0.0656,Low
JE102103,0.0,,,0.1308,normal,0.0654,Low
JE100884,0.0,,,0.1308,normal,0.0654,Low
JE102399,0.0,,,0.1307,normal,0.0654,Low
JE105752,0.0,,,0.1307,normal,0.0654,Low
JE100940,0.0,,,0.1309,normal,0.0654,Low
JE105146,0.0,,,0.1307,normal,0.0654,Low
JE100106,0.0,,,0.1307,normal,0.0654,Low
JE106540,0.0,,,0.1309,normal,0.0654,Low
JE107253,0.0,,,0.1306,normal,0.0653,Low
JE105297,0.0,,,0.1303,normal,0.0652,Low
JE104993,0.0,,,0.1304,normal,0.0652,Low
JE102039,0.0,,,0.1304,normal,0.0652,Low
JE101771,0.0,,,0.1304,normal,0.0652,Low
JE100134,0.0,,,0.1302,normal,0.0651,Low
JE107192,0.0,,,0.1301,normal,0.065,Low
JE105851,0.0,,,0.1301,normal,0.065,Low
JE104042,0.0,,,0.13,normal,0.065,Low
JE100366,0.0,,,0.1301,normal,0.065,Low
JE107926,0.0,,,0.1301,normal,0.065,Low
JE102371,0.0,,,0.1298,normal,0.0649,Low
JE104216,0.0,,,0.1298,normal,0.0649,Low
JE107485,0.0,,,0.1298,normal,0.0649,Low
JE102626,0.0,,,0.1298,normal,0.0649,Low
JE104758,0.0,,,0.1297,normal,0.0648,Low
JE101588,0.0,,,0.1297,normal,0.0648,Low
JE100511,0.0,,,0.1295,normal,0.0648,Low
JE100322,0.0,,,0.1297,normal,0.0648,Low
JE105067,0.0,,,0.1296,normal,0.0648,Low
JE103330,0.0,,,0.1297,normal,0.0648,Low
JE100638,0.0,,,0.1294,normal,0.0647,Low
JE105054,0.0,,,0.1292,normal,0.0646,Low
JE100144,0.0,,,0.1291,normal,0.0646,Low
JE102030,0.0,,,0.1293,normal,0.0646,Low
JE101395,0.0,,,0.1291,normal,0.0646,Low
JE102581,0.0,,,0.1293,normal,0.0646,Low
JE107750,0.0,,,0.1293,normal,0.0646,Low
JE106765,0.0,,,0.1292,normal,0.0646,Low
JE101702,0.0,,,0.1292,normal,0.0646,Low
JE100529,0.0,,,0.1291,normal,0.0646,Low
JE101755,0.0,,,0.1293,normal,0.0646,Low
JE102879,0.0,,,0.129,normal,0.0645,Low
JE101586,0.0,,,0.129,normal,0.0645,Low
JE101145,0.0,,,0.1287,normal,0.0644,Low
JE101051,0.0,,,0.1287,normal,0.0644,Low
JE105572,0.0,,,0.1287,normal,0.0644,Low
JE107073,0.0,,,0.1289,normal,0.0644,Low
JE105953,0.0,,,0.1289,normal,0.0644,Low
JE100676,0.0,,,0.1289,normal,0.0644,Low
JE105866,0.0,,,0.1286,normal,0.0643,Low
JE100918,0.0,,,0.1286,normal,0.0643,Low
JE107304,0.0,,,0.1283,normal,0.0642,Low
JE105519,0.0,,,0.1284,normal,0.0642,Low
JE103094,0.0,,,0.1285,normal,0.0642,Low
JE101828,0.0,,,0.1282,normal,0.0641,Low
JE100741,0.0,,,0.1282,normal,0.0641,Low
JE106692,0.0,,,0.128,normal,0.064,Low
JE100410,0.0,,,0.1279,normal,0.064,Low
JE101322,0.0,,,0.128,normal,0.064,Low
JE100607,0.0,,,0.128,normal,0.064,Low
JE105852,0.0,,,0.128,normal,0.064,Low
JE107450,0.0,,,0.128,normal,0.064,Low
JE107380,0.0,,,0.1281,normal,0.064,Low
JE107419,0.0,,,0.1279,normal,0.064,Low
JE102883,0.0,,,0.1279,normal,0.064,Low
JE103282,0.0,,,0.128,normal,0.064,Low
JE103359,0.0,,,0.1278,normal,0.0639,Low
JE102593,0.0,,,0.1278,normal,0.0639,Low
JE100225,0.0,,,0.1278,normal,0.0639,Low
JE100629,0.0,,,0.1278,normal,0.0639,Low
JE103998,0.0,,,0.1276,normal,0.0638,Low
JE100465,0.0,,,0.1277,normal,0.0638,Low
JE102068,0.0,,,0.1275,normal,0.0638,Low
JE101773,0.0,,,0.1277,normal,0.0638,Low
JE107445,0.0,,,0.1274,normal,0.0637,Low
JE103274,0.0,,,0.1272,normal,0.0636,Low
JE105483,0.0,,,0.1272,normal,0.0636,Low
JE106265,0.0,,,0.1271,normal,0.0636,Low
JE106923,0.0,,,0.1273,normal,0.0636,Low
JE105880,0.0,,,0.1272,normal,0.0636,Low
JE100304,0.0,,,0.127,normal,0.0635,Low
JE107137,0.0,,,0.1269,normal,0.0635,Low
JE102459,0.0,,,0.1268,normal,0.0634,Low
JE104305,0.0,,,0.1267,normal,0.0634,Low
JE102812,0.0,,,0.1267,normal,0.0634,Low
JE106137,0.0,,,0.1267,normal,0.0634,Low
JE106499,0.0,,,0.1266,normal,0.0633,Low
JE106964,0.0,,,0.1266,normal,0.0633,Low
JE106101,0.0,,,0.1266,normal,0.0633,Low
JE104161,0.0,,,0.1264,normal,0.0632,Low
JE103630,0.0,,,0.1265,normal,0.0632,Low
JE105248,0.0,,,0.1264,normal,0.0632,Low
JE102521,0.0,,,0.126,normal,0.063,Low
JE101900,0.0,,,0.1261,normal,0.063,Low
JE106001,0.0,,,0.1259,normal,0.063,Low
JE104907,0.0,,,0.1258,normal,0.0629,Low
JE105524,0.0,,,0.1258,normal,0.0629,Low
JE105901,0.0,,,0.1257,normal,0.0628,Low
JE107709,0.0,,,0.1257,normal,0.0628,Low
JE104534,0.0,,,0.1257,normal,0.0628,Low
JE104730,0.0,,,0.1254,normal,0.0627,Low
JE101295,0.0,,,0.1252,normal,0.0626,Low
JE105140,0.0,,,0.1253,normal,0.0626,Low
JE107548,0.0,,,0.1248,normal,0.0624,Low
JE102705,0.0,,,0.1248,normal,0.0624,Low
JE105232,0.0,,,0.1248,normal,0.0624,Low
JE102526,0.0,,,0.1246,normal,0.0623,Low
JE103567,0.0,,,0.1243,normal,0.0622,Low
JE100724,0.0,,,0.1244,normal,0.0622,Low
JE100440,0.0,,,0.1244,normal,0.0622,Low
JE100164,0.0,,,0.1243,normal,0.0622,Low
JE105218,0.0,,,0.1244,normal,0.0622,Low
JE107385,0.0,,,0.1243,normal,0.0622,Low
JE106532,0.0,,,0.1245,normal,0.0622,Low
JE106811,0.0,,,0.1244,normal,0.0622,Low
JE104572,0.0,,,0.1245,normal,0.0622,Low
JE102123,0.0,,,0.1242,normal,0.0621,Low
JE107893,0.0,,,0.1241,normal,0.062,Low
JE104743,0.0,,,0.124,normal,0.062,Low
JE105680,0.0,,,0.1239,normal,0.062,Low
JE107378,0.0,,,0.1241,normal,0.062,Low
JE106171,0.0,,,0.1239,normal,0.062,Low
JE105099,0.0,,,0.1239,normal,0.062,Low
JE105031,0.0,,,0.1241,normal,0.062,Low
JE104858,0.0,,,0.1239,normal,0.062,Low
JE102208,0.0,,,0.1239,normal,0.062,Low
JE102488,0.0,,,0.1238,normal,0.0619,Low
JE107609,0.0,,,0.1237,normal,0.0618,Low
JE103748,0.0,,,0.1235,normal,0.0618,Low
JE105591,0.0,,,0.1235,normal,0.0618,Low
JE103075,0.0,,,0.1235,normal,0.0618,Low
JE105364,0.0,,,0.1231,normal,0.0616,Low
JE106972,0.0,,,0.1232,normal,0.0616,Low
JE100943,0.0,,,0.1231,normal,0.0616,Low
JE105618,0.0,,,0.1231,normal,0.0616,Low
JE106044,0.0,,,0.1233,normal,0.0616,Low
JE100229,0.0,,,0.123,normal,0.0615,Low
JE107438,0.0,,,0.1227,normal,0.0614,Low
JE103240,0.0,,,0.1229,normal,0.0614,Low
JE105602,0.0,,,0.1225,normal,0.0612,Low
JE106269,0.0,,,0.1224,normal,0.0612,Low
JE103425,0.0,,,0.1224,normal,0.0612,Low
JE102755,0.0,,,0.1225,normal,0.0612,Low
JE101091,0.0,,,0.1223,normal,0.0612,Low
JE104609,0.0,,,0.1225,normal,0.0612,Low
JE105365,0.0,,,0.1222,normal,0.0611,Low
JE102676,0.0,,,0.1222,normal,0.0611,Low
JE101422,0.0,,,0.122,normal,0.061,Low
JE102880,0.0,,,0.1219,normal,0.061,Low
JE105507,0.0,,,0.122,normal,0.061,Low
JE104787,0.0,,,0.122,normal,0.061,Low
JE100181,0.0,,,0.1219,normal,0.061,Low
JE102729,0.0,,,0.1218,normal,0.0609,Low
JE100749,0.0,,,0.1218,normal,0.0609,Low
JE100949,0.0,,,0.1218,normal,0.0609,Low
JE106166,0.0,,,0.1217,normal,0.0608,Low
JE105538,0.0,,,0.1216,normal,0.0608,Low
JE101358,0.0,,,0.1216,normal,0.0608,Low
JE103917,0.0,,,0.1217,normal,0.0608,Low
JE100257,0.0,,,0.1216,normal,0.0608,Low
JE101481,0.0,,,0.1214,normal,0.0607,Low
JE102212,0.0,,,0.1214,normal,0.0607,Low
JE103239,0.0,,,0.1212,normal,0.0606,Low
JE103170,0.0,,,0.1211,normal,0.0606,Low
JE106582,0.0,,,0.1211,normal,0.0606,Low
JE103697,0.0,,,0.121,normal,0.0605,Low
JE102274,0.0,,,0.121,normal,0.0605,Low
JE104355,0.0,,,0.1208,normal,0.0604,Low
JE107925,0.0,,,0.1203,normal,0.0602,Low
JE104961,0.0,,,0.1202,normal,0.0601,Low
JE107514,0.0,,,0.1202,normal,0.0601,Low
JE107742,0.0,,,0.1202,normal,0.0601,Low
JE102386,0.0,,,0.12,normal,0.06,Low
JE102387,0.0,,,0.1201,normal,0.06,Low
JE106866,0.0,,,0.12,normal,0.06,Low
JE102058,0.0,,,0.12,normal,0.06,Low
JE102435,0.0,,,0.1199,normal,0.06,Low
JE100156,0.0,,,0.1199,normal,0.06,Low
JE100589,0.0,,,0.1201,normal,0.06,Low
JE101093,0.0,,,0.1199,normal,0.06,Low
JE101004,0.0,,,0.1197,normal,0.0598,Low
JE104488,0.0,,,0.1197,normal,0.0598,Low
JE103210,0.0,,,0.1195,normal,0.0598,Low
JE101656,0.0,,,0.1196,normal,0.0598,Low
JE106885,0.0,,,0.1194,normal,0.0597,Low
JE101603,0.0,,,0.1191,normal,0.0596,Low
JE102452,0.0,,,0.1191,normal,0.0596,Low
JE105821,0.0,,,0.1193,normal,0.0596,Low
JE101148,0.0,,,0.119,normal,0.0595,Low
JE107472,0.0,,,0.1189,normal,0.0594,Low
JE102222,0.0,,,0.1187,normal,0.0594,Low
JE103123,0.0,,,0.1189,normal,0.0594,Low
JE106443,0.0,,,0.1186,normal,0.0593,Low
JE107011,0.0,,,0.1186,normal,0.0593,Low
JE104054,0.0,,,0.1185,normal,0.0592,Low
JE104653,0.0,,,0.1183,normal,0.0592,Low
JE106687,0.0,,,0.1185,normal,0.0592,Low
JE103079,0.0,,,0.1183,normal,0.0592,Low
JE102237,0.0,,,0.1184,normal,0.0592,Low
JE100618,0.0,,,0.1182,normal,0.0591,Low
JE105372,0.0,,,0.1182,normal,0.0591,Low
JE107081,0.0,,,0.1182,normal,0.0591,Low
JE100230,0.0,,,0.1181,normal,0.059,Low
JE105816,0.0,,,0.1179,normal,0.059,Low
JE107229,0.0,,,0.118,normal,0.059,Low
JE101042,0.0,,,0.118,normal,0.059,Low
JE102047,0.0,,,0.1177,normal,0.0588,Low
JE100228,0.0,,,0.1173,normal,0.0586,Low
JE104764,0.0,,,0.1171,normal,0.0586,Low
JE104467,0.0,,,0.1171,normal,0.0586,Low
JE101917,0.0,,,0.1171,normal,0.0586,Low
JE105314,0.0,,,0.1167,normal,0.0584,Low
JE104515,0.0,,,0.1167,normal,0.0584,Low
JE101864,0.0,,,0.1168,normal,0.0584,Low
JE102461,0.0,,,0.1166,normal,0.0583,Low
JE105639,0.0,,,0.1166,normal,0.0583,Low
JE107306,0.0,,,0.1166,normal,0.0583,Low
JE102254,0.0,,,0.1166,normal,0.0583,Low
JE104555,0.0,,,0.1166,normal,0.0583,Low
JE105157,0.0,,,0.1166,normal,0.0583,Low
JE100777,0.0,,,0.1162,normal,0.0581,Low
JE104264,0.0,,,0.1162,normal,0.0581,Low
JE100454,0.0,,,0.1162,normal,0.0581,Low
JE105138,0.0,,,0.1159,normal,0.058,Low
JE106255,0.0,,,0.1161,normal,0.058,Low
JE100806,0.0,,,0.1158,normal,0.0579,Low
JE101337,0.0,,,0.1157,normal,0.0578,Low
JE102052,0.0,,,0.1157,normal,0.0578,Low
JE107358,0.0,,,0.1157,normal,0.0578,Low
JE104821,0.0,,,0.1155,normal,0.0578,Low
JE107462,0.0,,,0.1155,normal,0.0578,Low
JE105640,0.0,,,0.1156,normal,0.0578,Low
JE101613,0.0,,,0.1154,normal,0.0577,Low
JE106647,0.0,,,0.1153,normal,0.0576,Low
JE100169,0.0,,,0.1151,normal,0.0576,Low
JE101770,0.0,,,0.1151,normal,0.0576,Low
JE104667,0.0,,,0.1152,normal,0.0576,Low
JE100079,0.0,,,0.1152,normal,0.0576,Low
JE104517,0.0,,,0.115,normal,0.0575,Low
JE104172,0.0,,,0.115,normal,0.0575,Low
JE103073,0.0,,,0.1147,normal,0.0574,Low
JE101293,0.0,,,0.1147,normal,0.0574,Low
JE103675,0.0,,,0.1147,normal,0.0574,Low
JE102653,0.0,,,0.1149,normal,0.0574,Low
JE106718,0.0,,,0.1149,normal,0.0574,Low
JE101249,0.0,,,0.1148,normal,0.0574,Low
JE102495,0.0,,,0.1147,normal,0.0574,Low
JE107708,0.0,,,0.1144,normal,0.0572,Low
JE106010,0.0,,,0.1144,normal,0.0572,Low
JE107682,0.0,,,0.1143,normal,0.0572,Low
JE104447,0.0,,,0.1142,normal,0.0571,Low
JE101019,0.0,,,0.1142,normal,0.0571,Low
JE102559,0.0,,,0.1142,normal,0.0571,Low
JE107435,0.0,,,0.1139,normal,0.057,Low
JE101581,0.0,,,0.1141,normal,0.057,Low
JE103323,0.0,,,0.1138,normal,0.0569,Low
JE100185,0.0,,,0.1138,normal,0.0569,Low
JE102364,0.0,,,0.1135,normal,0.0568,Low
JE102432,0.0,,,0.1136,normal,0.0568,Low
JE106074,0.0,,,0.1135,normal,0.0568,Low
JE103502,0.0,,,0.1134,normal,0.0567,Low
JE106527,0.0,,,0.1134,normal,0.0567,Low
JE104655,0.0,,,0.1131,normal,0.0566,Low
JE101881,0.0,,,0.1127,normal,0.0564,Low
JE101081,0.0,,,0.1127,normal,0.0564,Low
JE106752,0.0,,,0.1128,normal,0.0564,Low
JE106601,0.0,,,0.1127,normal,0.0564,Low
JE104886,0.0,,,0.1128,normal,0.0564,Low
JE101834,0.0,,,0.1127,normal,0.0564,Low
JE100851,0.0,,,0.1127,normal,0.0564,Low
JE102438,0.0,,,0.1126,normal,0.0563,Low
JE101989,0.0,,,0.1126,normal,0.0563,Low
JE104002,0.0,,,0.1126,normal,0.0563,Low
JE105498,0.0,,,0.1124,normal,0.0562,Low
JE102562,0.0,,,0.1124,normal,0.0562,Low
JE106177,0.0,,,0.1125,normal,0.0562,Low
JE104385,0.0,,,0.1122,normal,0.0561,Low
JE106858,0.0,,,0.1121,normal,0.056,Low
JE101785,0.0,,,0.112,normal,0.056,Low
JE101659,0.0,,,0.1121,normal,0.056,Low
JE101753,0.0,,,0.1119,normal,0.056,Low
JE105233,0.0,,,0.1118,normal,0.0559,Low
JE102798,0.0,,,0.1115,normal,0.0558,Low
JE101264,0.0,,,0.1116,normal,0.0558,Low
JE105396,0.0,,,0.1115,normal,0.0558,Low
JE107643,0.0,,,0.1111,normal,0.0556,Low
JE101413,0.0,,,0.111,normal,0.0555,Low
JE100762,0.0,,,0.111,normal,0.0555,Low
JE103705,0.0,,,0.1109,normal,0.0554,Low
JE102057,0.0,,,0.1108,normal,0.0554,Low
JE100002,0.0,,,0.1107,normal,0.0554,Low
JE104906,0.0,,,0.1107,normal,0.0554,Low
JE102817,0.0,,,0.1103,normal,0.0552,Low
JE104125,0.0,,,0.1103,normal,0.0552,Low
JE102379,0.0,,,0.1104,normal,0.0552,Low
JE102989,0.0,,,0.1101,normal,0.055,Low
JE101743,0.0,,,0.1099,normal,0.055,Low
JE105721,0.0,,,0.1099,normal,0.055,Low
JE107778,0.0,,,0.11,normal,0.055,Low
JE107133,0.0,,,0.1101,normal,0.055,Low
JE104250,0.0,,,0.1099,normal,0.055,Low
JE101056,0.0,,,0.1099,normal,0.055,Low
JE102419,0.0,,,0.1096,normal,0.0548,Low
JE102059,0.0,,,0.1097,normal,0.0548,Low
JE105013,0.0,,,0.1097,normal,0.0548,Low
JE104568,0.0,,,0.1094,normal,0.0547,Low
JE103091,0.0,,,0.1094,normal,0.0547,Low
JE106820,0.0,,,0.1092,normal,0.0546,Low
JE104262,0.0,,,0.1092,normal,0.0546,Low
JE103246,0.0,,,0.1089,normal,0.0544,Low
JE100868,0.0,,,0.1089,normal,0.0544,Low
JE104529,0.0,,,0.1086,normal,0.0543,Low
JE106744,0.0,,,0.1086,normal,0.0543,Low
JE106193,0.0,,,0.1084,normal,0.0542,Low
JE101022,0.0,,,0.1085,normal,0.0542,Low
JE107151,0.0,,,0.1079,normal,0.054,Low
JE105215,0.0,,,0.1081,normal,0.054,Low
JE106949,0.0,,,0.1079,normal,0.054,Low
JE103901,0.0,,,0.1078,normal,0.0539,Low
JE100740,0.0,,,0.1078,normal,0.0539,Low
JE106571,0.0,,,0.1076,normal,0.0538,Low
JE104714,0.0,,,0.1077,normal,0.0538,Low
JE107596,0.0,,,0.1075,normal,0.0538,Low
JE104398,0.0,,,0.1074,normal,0.0537,Low
JE104533,0.0,,,0.1074,normal,0.0537,Low
JE103571,0.0,,,0.1074,normal,0.0537,Low
JE104370,0.0,,,0.1071,normal,0.0536,Low
JE101597,0.0,,,0.1071,normal,0.0536,Low
JE106104,0.0,,,0.1073,normal,0.0536,Low
JE100860,0.0,,,0.1073,normal,0.0536,Low
JE104700,0.0,,,0.1072,normal,0.0536,Low
JE107831,0.0,,,0.107,normal,0.0535,Low
JE102056,0.0,,,0.1067,normal,0.0534,Low
JE100049,0.0,,,0.1064,normal,0.0532,Low
JE102076,0.0,,,0.1064,normal,0.0532,Low
JE102670,0.0,,,0.106,normal,0.053,Low
JE102718,0.0,,,0.1059,normal,0.053,Low
JE104796,0.0,,,0.1059,normal,0.053,Low
JE105440,0.0,,,0.1058,normal,0.0529,Low
JE102886,0.0,,,0.1058,normal,0.0529,Low
JE101636,0.0,,,0.1058,normal,0.0529,Low
JE106431,0.0,,,0.1058,normal,0.0529,Low
JE105252,0.0,,,0.1055,normal,0.0528,Low
JE106503,0.0,,,0.1056,normal,0.0528,Low
JE105130,0.0,,,0.1057,normal,0.0528,Low
JE107183,0.0,,,0.1055,normal,0.0528,Low
JE106161,0.0,,,0.1054,normal,0.0527,Low
JE102331,0.0,,,0.1054,normal,0.0527,Low
JE106392,0.0,,,0.1054,normal,0.0527,Low
JE106606,0.0,,,0.1053,normal,0.0526,Low
JE103314,0.0,,,0.1051,normal,0.0526,Low
JE102311,0.0,,,0.1049,normal,0.0524,Low
JE101621,0.0,,,0.1049,normal,0.0524,Low
JE106676,0.0,,,0.1049,normal,0.0524,Low
JE101687,0.0,,,0.1047,normal,0.0524,Low
JE103045,0.0,,,0.1048,normal,0.0524,Low
JE107540,0.0,,,0.1048,normal,0.0524,Low
JE101268,0.0,,,0.1047,normal,0.0524,Low
JE105629,0.0,,,0.1046,normal,0.0523,Low
JE103804,0.0,,,0.1043,normal,0.0522,Low
JE106178,0.0,,,0.1045,normal,0.0522,Low
JE105530,0.0,,,0.1045,normal,0.0522,Low
JE101092,0.0,,,0.1043,normal,0.0522,Low
JE102778,0.0,,,0.1039,normal,0.052,Low
JE103237,0.0,,,0.1041,normal,0.052,Low
JE106332,0.0,,,0.1038,normal,0.0519,Low
JE100513,0.0,,,0.1038,normal,0.0519,Low
JE106092,0.0,,,0.1037,normal,0.0518,Low
JE103438,0.0,,,0.1037,normal,0.0518,Low
JE101016,0.0,,,0.1037,normal,0.0518,Low
JE101085,0.0,,,0.1033,normal,0.0516,Low
JE101555,0.0,,,0.1033,normal,0.0516,Low
JE106668,0.0,,,0.1033,normal,0.0516,Low
JE104713,0.0,,,0.103,normal,0.0515,Low
JE102634,0.0,,,0.103,normal,0.0515,Low
JE106378,0.0,,,0.1029,normal,0.0514,Low
JE101644,0.0,,,0.1027,normal,0.0514,Low
JE101336,0.0,,,0.1029,normal,0.0514,Low
JE106005,0.0,,,0.1025,normal,0.0512,Low
JE105296,0.0,,,0.1024,normal,0.0512,Low
JE106745,0.0,,,0.1022,normal,0.0511,Low
JE102113,0.0,,,0.1019,normal,0.051,Low
JE107814,0.0,,,0.1019,normal,0.051,Low
JE100783,0.0,,,0.1018,normal,0.0509,Low
JE106367,0.0,,,0.1016,normal,0.0508,Low
JE106006,0.0,,,0.1016,normal,0.0508,Low
JE104705,0.0,,,0.1015,normal,0.0508,Low
JE107675,0.0,,,0.1011,normal,0.0506,Low
JE104621,0.0,,,0.101,normal,0.0505,Low
JE100077,0.0,,,0.1005,normal,0.0503,Low
JE107730,0.0,,,0.1003,normal,0.0502,Low
JE104509,0.0,,,0.1003,normal,0.0502,Low
JE105690,0.0,,,0.1001,normal,0.05,Low
JE105631,0.0,,,0.0995,normal,0.0498,Low
JE105156,0.0,,,0.0996,normal,0.0498,Low
JE103896,0.0,,,0.0996,normal,0.0498,Low
JE100450,0.0,,,0.0995,normal,0.0498,Low
JE102403,0.0,,,0.0994,normal,0.0497,Low
JE102922,0.0,,,0.0994,normal,0.0497,Low
JE100581,0.0,,,0.0992,normal,0.0496,Low
JE102318,0.0,,,0.0993,normal,0.0496,Low
JE103538,0.0,,,0.099,normal,0.0495,Low
JE104814,0.0,,,0.0991,normal,0.0495,Low
JE101391,0.0,,,0.0989,normal,0.0494,Low
JE101703,0.0,,,0.0986,normal,0.0493,Low
JE103638,0.0,,,0.0983,normal,0.0492,Low
JE100109,0.0,,,0.0984,normal,0.0492,Low
JE106824,0.0,,,0.0981,normal,0.0491,Low
JE105223,0.0,,,0.0982,normal,0.0491,Low
JE101251,0.0,,,0.0982,normal,0.0491,Low
JE102473,0.0,,,0.0979,normal,0.049,Low
JE102100,0.0,,,0.0979,normal,0.049,Low
JE102586,0.0,,,0.098,normal,0.049,Low
JE101829,0.0,,,0.0979,normal,0.049,Low
JE105545,0.0,,,0.098,normal,0.049,Low
JE103218,0.0,,,0.0979,normal,0.049,Low
JE100900,0.0,,,0.0978,normal,0.0489,Low
JE107243,0.0,,,0.0977,normal,0.0488,Low
JE101538,0.0,,,0.0977,normal,0.0488,Low
JE104931,0.0,,,0.0974,normal,0.0487,Low
JE105307,0.0,,,0.0971,normal,0.0486,Low
JE101307,0.0,,,0.0972,normal,0.0486,Low
JE102153,0.0,,,0.0968,normal,0.0484,Low
JE106883,0.0,,,0.0963,normal,0.0482,Low
JE103448,0.0,,,0.0965,normal,0.0482,Low
JE106370,0.0,,,0.0961,normal,0.048,Low
JE103222,0.0,,,0.0959,normal,0.048,Low
JE100973,0.0,,,0.0958,normal,0.0479,Low
JE100346,0.0,,,0.0956,normal,0.0478,Low
JE101280,0.0,,,0.0954,normal,0.0477,Low
JE107326,0.0,,,0.0953,normal,0.0476,Low
JE100094,0.0,,,0.0947,normal,0.0474,Low
JE104309,0.0,,,0.0946,normal,0.0473,Low
JE100905,0.0,,,0.0938,normal,0.0469,Low
JE100901,0.0,,,0.0937,normal,0.0468,Low
JE103255,0.0,,,0.0933,normal,0.0466,Low
JE100458,0.0,,,0.093,normal,0.0465,Low
JE107214,0.0,,,0.0925,normal,0.0462,Low
JE105414,0.0,,,0.0925,normal,0.0462,Low
JE107567,0.0,,,0.0923,normal,0.0461,Low
JE107516,0.0,,,0.0923,normal,0.0461,Low
JE100691,0.0,,,0.0923,normal,0.0461,Low
JE107089,0.0,,,0.0923,normal,0.0461,Low
JE100880,0.0,,,0.0923,normal,0.0461,Low
JE102945,0.0,,,0.0919,normal,0.046,Low
JE106847,0.0,,,0.0919,normal,0.046,Low
JE100928,0.0,,,0.0912,normal,0.0456,Low
JE100660,0.0,,,0.0907,normal,0.0454,Low
JE106225,0.0,,,0.0906,normal,0.0453,Low
JE101394,0.0,,,0.0903,normal,0.0452,Low
JE100911,0.0,,,0.0903,normal,0.0452,Low
JE107305,0.0,,,0.0899,normal,0.0449,Low
JE105201,0.0,,,0.0898,normal,0.0449,Low
JE101199,0.0,,,0.0899,normal,0.0449,Low
JE106770,0.0,,,0.0895,normal,0.0448,Low
JE106172,0.0,,,0.0893,normal,0.0446,Low
JE105762,0.0,,,0.089,normal,0.0445,Low
JE104174,0.0,,,0.0889,normal,0.0445,Low
JE100977,0.0,,,0.089,normal,0.0445,Low
JE106412,0.0,,,0.0888,normal,0.0444,Low
JE106087,0.0,,,0.0883,normal,0.0442,Low
JE104638,0.0,,,0.0885,normal,0.0442,Low
JE100009,0.0,,,0.0882,normal,0.0441,Low
JE100952,0.0,,,0.0882,normal,0.0441,Low
JE104930,0.0,,,0.088,normal,0.044,Low
JE100703,0.0,,,0.0881,normal,0.044,Low
JE101176,0.0,,,0.0878,normal,0.0439,Low
JE103794,0.0,,,0.0878,normal,0.0439,Low
JE105813,0.0,,,0.0876,normal,0.0438,Low
JE105335,0.0,,,0.0875,normal,0.0438,Low
JE107242,0.0,,,0.0877,normal,0.0438,Low
JE100457,0.0,,,0.0876,normal,0.0438,Low
JE104259,0.0,,,0.0874,normal,0.0437,Low
JE102175,0.0,,,0.0871,normal,0.0436,Low
JE107829,0.0,,,0.0872,normal,0.0436,Low
JE104049,0.0,,,0.087,normal,0.0435,Low
JE102506,0.0,,,0.0869,normal,0.0434,Low
JE106094,0.0,,,0.0868,normal,0.0434,Low
JE102485,0.0,,,0.0868,normal,0.0434,Low
JE100086,0.0,,,0.0867,normal,0.0434,Low
JE106996,0.0,,,0.0862,normal,0.0431,Low
JE105243,0.0,,,0.0862,normal,0.0431,Low
JE105137,0.0,,,0.086,normal,0.043,Low
JE107414,0.0,,,0.0857,normal,0.0428,Low
JE100262,0.0,,,0.0855,normal,0.0428,Low
JE104976,0.0,,,0.0854,normal,0.0427,Low
JE103367,0.0,,,0.0853,normal,0.0426,Low
JE103623,0.0,,,0.0853,normal,0.0426,Low
JE103267,0.0,,,0.0852,normal,0.0426,Low
JE106738,0.0,,,0.0848,normal,0.0424,Low
JE107171,0.0,,,0.0846,normal,0.0423,Low
JE105447,0.0,,,0.084,normal,0.042,Low
JE103573,0.0,,,0.0838,normal,0.0419,Low
JE106740,0.0,,,0.0836,normal,0.0418,Low
JE105239,0.0,,,0.0835,normal,0.0418,Low
JE106291,0.0,,,0.0835,normal,0.0418,Low
JE105633,0.0,,,0.0837,normal,0.0418,Low
JE106411,0.0,,,0.0834,normal,0.0417,Low
JE105779,0.0,,,0.0833,normal,0.0416,Low
JE105988,0.0,,,0.0831,normal,0.0415,Low
JE105458,0.0,,,0.0829,normal,0.0414,Low
JE102232,0.0,,,0.0828,normal,0.0414,Low
JE102189,0.0,,,0.0822,normal,0.0411,Low
JE106505,0.0,,,0.0819,normal,0.041,Low
JE105676,0.0,,,0.0818,normal,0.0409,Low
JE102240,0.0,,,0.0814,normal,0.0407,Low
JE106118,0.0,,,0.0814,normal,0.0407,Low
JE101132,0.0,,,0.081,normal,0.0405,Low
JE107599,0.0,,,0.0808,normal,0.0404,Low
JE103950,0.0,,,0.0809,normal,0.0404,Low
JE107408,0.0,,,0.0806,normal,0.0403,Low
JE101716,0.0,,,0.0804,normal,0.0402,Low
JE105069,0.0,,,0.0805,normal,0.0402,Low
JE100951,0.0,,,0.0799,normal,0.04,Low
JE101689,0.0,,,0.08,normal,0.04,Low
JE103807,0.0,,,0.0795,normal,0.0398,Low
JE100265,0.0,,,0.0795,normal,0.0398,Low
JE100923,0.0,,,0.0795,normal,0.0398,Low
JE103225,0.0,,,0.0797,normal,0.0398,Low
JE102105,0.0,,,0.0779,normal,0.039,Low
JE105551,0.0,,,0.0774,normal,0.0387,Low
JE106732,0.0,,,0.0771,normal,0.0386,Low
JE104130,0.0,,,0.0766,normal,0.0383,Low
JE107402,0.0,,,0.0764,normal,0.0382,Low
JE102114,0.0,,,0.076,normal,0.038,Low
JE100047,0.0,,,0.0758,normal,0.0379,Low
JE103054,0.0,,,0.0756,normal,0.0378,Low
JE103914,0.0,,,0.0756,normal,0.0378,Low
JE106335,0.0,,,0.0756,normal,0.0378,Low
JE100814,0.0,,,0.0751,normal,0.0376,Low
JE102640,0.0,,,0.0749,normal,0.0374,Low
JE102424,0.0,,,0.0746,normal,0.0373,Low
JE100206,0.0,,,0.0743,normal,0.0372,Low
JE107923,0.0,,,0.0742,normal,0.0371,Low
JE102901,0.0,,,0.074,normal,0.037,Low
JE102450,0.0,,,0.0738,normal,0.0369,Low
JE103681,0.0,,,0.0739,normal,0.0369,Low
JE103547,0.0,,,0.0736,normal,0.0368,Low
JE104628,0.0,,,0.0735,normal,0.0368,Low
JE101328,0.0,,,0.0736,normal,0.0368,Low
JE104361,0.0,,,0.0734,normal,0.0367,Low
JE107719,0.0,,,0.0728,normal,0.0364,Low
JE100872,0.0,,,0.0718,normal,0.0359,Low
JE102537,0.0,,,0.0716,normal,0.0358,Low
JE103776,0.0,,,0.0708,normal,0.0354,Low
JE102498,0.0,,,0.0704,normal,0.0352,Low
JE105777,0.0,,,0.0691,normal,0.0346,Low
JE105432,0.0,,,0.0689,normal,0.0344,Low
JE103866,0.0,,,0.0683,normal,0.0342,Low
JE107812,0.0,,,0.0674,normal,0.0337,Low
JE100371,0.0,,,0.0674,normal,0.0337,Low
JE104675,0.0,,,0.0662,normal,0.0331,Low
JE103562,0.0,,,0.0657,normal,0.0328,Low
JE102142,0.0,,,0.0646,normal,0.0323,Low
JE105660,0.0,,,0.0638,normal,0.0319,Low
JE107654,0.0,,,0.0635,normal,0.0318,Low
JE103440,0.0,,,0.0636,normal,0.0318,Low
JE107363,0.0,,,0.0634,normal,0.0317,Low
JE104430,0.0,,,0.0631,normal,0.0316,Low
JE106630,0.0,,,0.0612,normal,0.0306,Low
JE101821,0.0,,,0.0613,normal,0.0306,Low
JE105767,0.0,,,0.0607,normal,0.0304,Low
JE104159,0.0,,,0.0604,normal,0.0302,Low
JE104813,0.0,,,0.0601,normal,0.03,Low
JE104373,0.0,,,0.059,normal,0.0295,Low
JE101990,0.0,,,0.0586,normal,0.0293,Low
JE100564,0.0,,,0.0555,normal,0.0278,Low
JE101267,0.0,,,0.0546,normal,0.0273,Low
JE104397,0.0,,,0.0544,normal,0.0272,Low
JE100218,0.0,,,0.0487,normal,0.0244,Low
JE104592,0.0,,,0.0486,normal,0.0243,Low
JE101458,0.0,,,0.0485,normal,0.0242,Low
JE105253,0.0,,,0.0451,normal,0.0226,Low
JE100680,0.0,,,0.044,normal,0.022,Low
JE104899,0.0,,,0.0396,normal,0.0198,Low
JE101104,0.0,,,0.0377,normal,0.0188,Low
JE100852,0.0,,,0.0376,normal,0.0188,Low
JE106465,0.0,,,0.0364,normal,0.0182,Low
JE101643,0.0,,,0.0319,normal,0.016,Low
JE100100,0.0,,,0.029,normal,0.0145,Low
JE103078,0.0,,,0.0289,normal,0.0144,Low
JE100256,0.0,,,0.0209,normal,0.0104,Low
JE105571,0.0,,,0.0164,normal,0.0082,Low
JE104682,0.0,,,0.009,normal,0.0045,Low
JE105472,0.0,,,0.0034,normal,0.0017,Low
JE102183,0.0,,,0.0,normal,0.0,Low
