transaction_id,is_anomaly,anomaly_type
JE100001,0,none
JE100002,0,none
JE100003,0,none
JE100004,0,none
JE100005,0,none
JE100006,0,none
JE100007,0,none
JE100008,0,none
JE100009,0,none
JE100010,0,none
JE100011,0,none
JE100012,0,none
JE100013,0,none
JE100014,0,none
JE100015,0,none
JE100016,0,none
JE100017,0,none
JE100018,0,none
JE100019,0,none
JE100020,0,none
JE100021,0,none
JE100022,0,none
JE100023,0,none
JE100024,0,none
JE100025,0,none
JE100026,0,none
JE100027,0,none
JE100028,0,none
JE100029,0,none
JE100030,0,none
JE100031,0,none
JE100032,0,none
JE100033,0,none
JE100034,0,none
JE100035,0,none
JE100036,0,none
JE100037,0,none
JE100038,0,none
JE100039,0,none
JE100040,0,none
JE100041,0,none
JE100042,0,none
JE100043,0,none
JE100044,0,none
JE100045,0,none
JE100046,0,none
JE100047,0,none
JE100048,0,none
JE100049,0,none
JE100050,0,none
JE100051,0,none
JE100052,0,none
JE100053,0,none
JE100054,0,none
JE100055,0,none
JE100056,0,none
JE100057,0,none
JE100058,0,none
JE100059,0,none
JE100060,0,none
JE100061,0,none
JE100062,0,none
JE100063,0,none
JE100064,0,none
JE100065,0,none
JE100066,0,none
JE100067,0,none
JE100068,0,none
JE100069,0,none
JE100070,0,none
JE100071,0,none
JE100072,0,none
JE100073,0,none
JE100074,0,none
JE100075,0,none
JE100076,0,none
JE100077,0,none
JE100078,0,none
JE100079,0,none
JE100080,0,none
JE100081,0,none
JE100082,0,none
JE100083,0,none
JE100084,0,none
JE100085,0,none
JE100086,0,none
JE100087,0,none
JE100088,0,none
JE100089,0,none
JE100090,0,none
JE100091,0,none
JE100092,0,none
JE100093,0,none
JE100094,0,none
JE100095,0,none
JE100096,0,none
JE100097,0,none
JE100098,0,none
JE100099,0,none
JE100100,0,none
JE100101,0,none
JE100102,0,none
JE100103,0,none
JE100104,0,none
JE100105,0,none
JE100106,0,none
JE100107,0,none
JE100108,0,none
JE100109,0,none
JE100110,0,none
JE100111,0,none
JE100112,0,none
JE100113,0,none
JE100114,0,none
JE100115,0,none
JE100116,0,none
JE100117,0,none
JE100118,0,none
JE100119,0,none
JE100120,0,none
JE100121,0,none
JE100122,0,none
JE100123,0,none
JE100124,0,none
JE100125,0,none
JE100126,0,none
JE100127,0,none
JE100128,0,none
JE100129,0,none
JE100130,0,none
JE100131,0,none
JE100132,0,none
JE100133,0,none
JE100134,0,none
JE100135,0,none
JE100136,0,none
JE100137,0,none
JE100138,0,none
JE100139,0,none
JE100140,0,none
JE100141,0,none
JE100142,0,none
JE100143,0,none
JE100144,0,none
JE100145,0,none
JE100146,0,none
JE100147,0,none
JE100148,0,none
JE100149,0,none
JE100150,0,none
JE100151,0,none
JE100152,0,none
JE100153,0,none
JE100154,0,none
JE100155,0,none
JE100156,0,none
JE100157,0,none
JE100158,0,none
JE100159,0,none
JE100160,0,none
JE100161,0,none
JE100162,0,none
JE100163,0,none
JE100164,0,none
JE100165,0,none
JE100166,0,none
JE100167,0,none
JE100168,0,none
JE100169,0,none
JE100170,0,none
JE100171,0,none
JE100172,0,none
JE100173,0,none
JE100174,0,none
JE100175,0,none
JE100176,0,none
JE100177,0,none
JE100178,0,none
JE100179,0,none
JE100180,0,none
JE100181,0,none
JE100182,0,none
JE100183,0,none
JE100184,0,none
JE100185,0,none
JE100186,0,none
JE100187,0,none
JE100188,0,none
JE100189,0,none
JE100190,0,none
JE100191,0,none
JE100192,0,none
JE100193,0,none
JE100194,0,none
JE100195,0,none
JE100196,0,none
JE100197,0,none
JE100198,0,none
JE100199,0,none
JE100200,0,none
JE100201,0,none
JE100202,0,none
JE100203,0,none
JE100204,0,none
JE100205,0,none
JE100206,0,none
JE100207,0,none
JE100208,0,none
JE100209,0,none
JE100210,0,none
JE100211,0,none
JE100212,0,none
JE100213,0,none
JE100214,0,none
JE100215,0,none
JE100216,0,none
JE100217,0,none
JE100218,0,none
JE100219,0,none
JE100220,0,none
JE100221,0,none
JE100222,0,none
JE100223,0,none
JE100224,0,none
JE100225,0,none
JE100226,0,none
JE100227,0,none
JE100228,0,none
JE100229,0,none
JE100230,0,none
JE100231,0,none
JE100232,0,none
JE100233,0,none
JE100234,0,none
JE100235,0,none
JE100236,0,none
JE100237,0,none
JE100238,0,none
JE100239,0,none
JE100240,0,none
JE100241,0,none
JE100242,0,none
JE100243,0,none
JE100244,0,none
JE100245,0,none
JE100246,0,none
JE100247,0,none
JE100248,0,none
JE100249,0,none
JE100250,0,none
JE100251,0,none
JE100252,0,none
JE100253,0,none
JE100254,0,none
JE100255,0,none
JE100256,0,none
JE100257,0,none
JE100258,0,none
JE100259,0,none
JE100260,0,none
JE100261,0,none
JE100262,0,none
JE100263,0,none
JE100264,0,none
JE100265,0,none
JE100266,0,none
JE100267,0,none
JE100268,0,none
JE100269,0,none
JE100270,0,none
JE100271,0,none
JE100272,0,none
JE100273,0,none
JE100274,0,none
JE100275,0,none
JE100276,0,none
JE100277,0,none
JE100278,0,none
JE100279,0,none
JE100280,0,none
JE100281,0,none
JE100282,0,none
JE100283,0,none
JE100284,0,none
JE100285,0,none
JE100286,0,none
JE100287,0,none
JE100288,0,none
JE100289,0,none
JE100290,0,none
JE100291,0,none
JE100292,0,none
JE100293,0,none
JE100294,0,none
JE100295,0,none
JE100296,0,none
JE100297,0,none
JE100298,0,none
JE100299,0,none
JE100300,0,none
JE100301,0,none
JE100302,0,none
JE100303,0,none
JE100304,0,none
JE100305,0,none
JE100306,0,none
JE100307,0,none
JE100308,0,none
JE100309,0,none
JE100310,0,none
JE100311,0,none
JE100312,0,none
JE100313,0,none
JE100314,0,none
JE100315,0,none
JE100316,0,none
JE100317,0,none
JE100318,0,none
JE100319,0,none
JE100320,0,none
JE100321,0,none
JE100322,0,none
JE100323,0,none
JE100324,0,none
JE100325,0,none
JE100326,0,none
JE100327,0,none
JE100328,0,none
JE100329,0,none
JE100330,0,none
JE100331,0,none
JE100332,0,none
JE100333,0,none
JE100334,0,none
JE100335,0,none
JE100336,0,none
JE100337,0,none
JE100338,0,none
JE100339,0,none
JE100340,0,none
JE100341,0,none
JE100342,0,none
JE100343,0,none
JE100344,0,none
JE100345,0,none
JE100346,0,none
JE100347,0,none
JE100348,0,none
JE100349,0,none
JE100350,0,none
JE100351,0,none
JE100352,0,none
JE100353,0,none
JE100354,0,none
JE100355,0,none
JE100356,0,none
JE100357,0,none
JE100358,0,none
JE100359,0,none
JE100360,0,none
JE100361,0,none
JE100362,0,none
JE100363,0,none
JE100364,0,none
JE100365,0,none
JE100366,0,none
JE100367,0,none
JE100368,0,none
JE100369,0,none
JE100370,0,none
JE100371,0,none
JE100372,0,none
JE100373,0,none
JE100374,0,none
JE100375,0,none
JE100376,0,none
JE100377,0,none
JE100378,0,none
JE100379,0,none
JE100380,0,none
JE100381,0,none
JE100382,0,none
JE100383,0,none
JE100384,0,none
JE100385,0,none
JE100386,0,none
JE100387,0,none
JE100388,0,none
JE100389,0,none
JE100390,0,none
JE100391,0,none
JE100392,0,none
JE100393,0,none
JE100394,0,none
JE100395,0,none
JE100396,0,none
JE100397,0,none
JE100398,0,none
JE100399,0,none
JE100400,0,none
JE100401,0,none
JE100402,0,none
JE100403,0,none
JE100404,0,none
JE100405,0,none
JE100406,0,none
JE100407,0,none
JE100408,0,none
JE100409,0,none
JE100410,0,none
JE100411,0,none
JE100412,0,none
JE100413,0,none
JE100414,0,none
JE100415,0,none
JE100416,0,none
JE100417,0,none
JE100418,0,none
JE100419,0,none
JE100420,0,none
JE100421,0,none
JE100422,0,none
JE100423,0,none
JE100424,0,none
JE100425,0,none
JE100426,0,none
JE100427,0,none
JE100428,0,none
JE100429,0,none
JE100430,0,none
JE100431,0,none
JE100432,0,none
JE100433,0,none
JE100434,0,none
JE100435,0,none
JE100436,0,none
JE100437,0,none
JE100438,0,none
JE100439,0,none
JE100440,0,none
JE100441,0,none
JE100442,0,none
JE100443,0,none
JE100444,0,none
JE100445,0,none
JE100446,0,none
JE100447,0,none
JE100448,0,none
JE100449,0,none
JE100450,0,none
JE100451,0,none
JE100452,0,none
JE100453,0,none
JE100454,0,none
JE100455,0,none
JE100456,0,none
JE100457,0,none
JE100458,0,none
JE100459,0,none
JE100460,0,none
JE100461,0,none
JE100462,0,none
JE100463,0,none
JE100464,0,none
JE100465,0,none
JE100466,0,none
JE100467,0,none
JE100468,0,none
JE100469,0,none
JE100470,0,none
JE100471,0,none
JE100472,0,none
JE100473,0,none
JE100474,0,none
JE100475,0,none
JE100476,0,none
JE100477,0,none
JE100478,0,none
JE100479,0,none
JE100480,0,none
JE100481,0,none
JE100482,0,none
JE100483,0,none
JE100484,0,none
JE100485,0,none
JE100486,0,none
JE100487,0,none
JE100488,0,none
JE100489,0,none
JE100490,0,none
JE100491,0,none
JE100492,0,none
JE100493,0,none
JE100494,0,none
JE100495,0,none
JE100496,0,none
JE100497,0,none
JE100498,0,none
JE100499,0,none
JE100500,0,none
JE100501,0,none
JE100502,0,none
JE100503,0,none
JE100504,0,none
JE100505,0,none
JE100506,0,none
JE100507,0,none
JE100508,0,none
JE100509,0,none
JE100510,0,none
JE100511,0,none
JE100512,0,none
JE100513,0,none
JE100514,0,none
JE100515,0,none
JE100516,0,none
JE100517,0,none
JE100518,0,none
JE100519,0,none
JE100520,0,none
JE100521,0,none
JE100522,0,none
JE100523,0,none
JE100524,0,none
JE100525,0,none
JE100526,0,none
JE100527,0,none
JE100528,0,none
JE100529,0,none
JE100530,0,none
JE100531,0,none
JE100532,0,none
JE100533,0,none
JE100534,0,none
JE100535,0,none
JE100536,0,none
JE100537,0,none
JE100538,0,none
JE100539,0,none
JE100540,0,none
JE100541,0,none
JE100542,0,none
JE100543,0,none
JE100544,0,none
JE100545,0,none
JE100546,0,none
JE100547,0,none
JE100548,0,none
JE100549,0,none
JE100550,0,none
JE100551,0,none
JE100552,0,none
JE100553,0,none
JE100554,0,none
JE100555,0,none
JE100556,0,none
JE100557,0,none
JE100558,0,none
JE100559,0,none
JE100560,0,none
JE100561,0,none
JE100562,0,none
JE100563,0,none
JE100564,0,none
JE100565,0,none
JE100566,0,none
JE100567,0,none
JE100568,0,none
JE100569,0,none
JE100570,0,none
JE100571,0,none
JE100572,0,none
JE100573,0,none
JE100574,0,none
JE100575,0,none
JE100576,0,none
JE100577,0,none
JE100578,0,none
JE100579,0,none
JE100580,0,none
JE100581,0,none
JE100582,0,none
JE100583,0,none
JE100584,0,none
JE100585,0,none
JE100586,0,none
JE100587,0,none
JE100588,0,none
JE100589,0,none
JE100590,0,none
JE100591,0,none
JE100592,0,none
JE100593,0,none
JE100594,0,none
JE100595,0,none
JE100596,0,none
JE100597,0,none
JE100598,0,none
JE100599,0,none
JE100600,0,none
JE100601,0,none
JE100602,0,none
JE100603,0,none
JE100604,0,none
JE100605,0,none
JE100606,0,none
JE100607,0,none
JE100608,0,none
JE100609,0,none
JE100610,0,none
JE100611,0,none
JE100612,0,none
JE100613,0,none
JE100614,0,none
JE100615,0,none
JE100616,0,none
JE100617,0,none
JE100618,0,none
JE100619,0,none
JE100620,0,none
JE100621,0,none
JE100622,0,none
JE100623,0,none
JE100624,0,none
JE100625,0,none
JE100626,0,none
JE100627,0,none
JE100628,0,none
JE100629,0,none
JE100630,0,none
JE100631,0,none
JE100632,0,none
JE100633,0,none
JE100634,0,none
JE100635,0,none
JE100636,0,none
JE100637,0,none
JE100638,0,none
JE100639,0,none
JE100640,0,none
JE100641,0,none
JE100642,0,none
JE100643,0,none
JE100644,0,none
JE100645,0,none
JE100646,0,none
JE100647,0,none
JE100648,0,none
JE100649,0,none
JE100650,0,none
JE100651,0,none
JE100652,0,none
JE100653,0,none
JE100654,0,none
JE100655,0,none
JE100656,0,none
JE100657,0,none
JE100658,0,none
JE100659,0,none
JE100660,0,none
JE100661,0,none
JE100662,0,none
JE100663,0,none
JE100664,0,none
JE100665,0,none
JE100666,0,none
JE100667,0,none
JE100668,0,none
JE100669,0,none
JE100670,0,none
JE100671,0,none
JE100672,0,none
JE100673,0,none
JE100674,0,none
JE100675,0,none
JE100676,0,none
JE100677,0,none
JE100678,0,none
JE100679,0,none
JE100680,0,none
JE100681,0,none
JE100682,0,none
JE100683,0,none
JE100684,0,none
JE100685,0,none
JE100686,0,none
JE100687,0,none
JE100688,0,none
JE100689,0,none
JE100690,0,none
JE100691,0,none
JE100692,0,none
JE100693,0,none
JE100694,0,none
JE100695,0,none
JE100696,0,none
JE100697,0,none
JE100698,0,none
JE100699,0,none
JE100700,0,none
JE100701,0,none
JE100702,0,none
JE100703,0,none
JE100704,0,none
JE100705,0,none
JE100706,0,none
JE100707,0,none
JE100708,0,none
JE100709,0,none
JE100710,0,none
JE100711,0,none
JE100712,0,none
JE100713,0,none
JE100714,0,none
JE100715,0,none
JE100716,0,none
JE100717,0,none
JE100718,0,none
JE100719,0,none
JE100720,0,none
JE100721,0,none
JE100722,0,none
JE100723,0,none
JE100724,0,none
JE100725,0,none
JE100726,0,none
JE100727,0,none
JE100728,0,none
JE100729,0,none
JE100730,0,none
JE100731,0,none
JE100732,0,none
JE100733,0,none
JE100734,0,none
JE100735,0,none
JE100736,0,none
JE100737,0,none
JE100738,0,none
JE100739,0,none
JE100740,0,none
JE100741,0,none
JE100742,0,none
JE100743,0,none
JE100744,0,none
JE100745,0,none
JE100746,0,none
JE100747,0,none
JE100748,0,none
JE100749,0,none
JE100750,0,none
JE100751,0,none
JE100752,0,none
JE100753,0,none
JE100754,0,none
JE100755,0,none
JE100756,0,none
JE100757,0,none
JE100758,0,none
JE100759,0,none
JE100760,0,none
JE100761,0,none
JE100762,0,none
JE100763,0,none
JE100764,0,none
JE100765,0,none
JE100766,0,none
JE100767,0,none
JE100768,0,none
JE100769,0,none
JE100770,0,none
JE100771,0,none
JE100772,0,none
JE100773,0,none
JE100774,0,none
JE100775,0,none
JE100776,0,none
JE100777,0,none
JE100778,0,none
JE100779,0,none
JE100780,0,none
JE100781,0,none
JE100782,0,none
JE100783,0,none
JE100784,0,none
JE100785,0,none
JE100786,0,none
JE100787,0,none
JE100788,0,none
JE100789,0,none
JE100790,0,none
JE100791,0,none
JE100792,0,none
JE100793,0,none
JE100794,0,none
JE100795,0,none
JE100796,0,none
JE100797,0,none
JE100798,0,none
JE100799,0,none
JE100800,0,none
JE100801,0,none
JE100802,0,none
JE100803,0,none
JE100804,0,none
JE100805,0,none
JE100806,0,none
JE100807,0,none
JE100808,0,none
JE100809,0,none
JE100810,0,none
JE100811,0,none
JE100812,0,none
JE100813,0,none
JE100814,0,none
JE100815,0,none
JE100816,0,none
JE100817,0,none
JE100818,0,none
JE100819,0,none
JE100820,0,none
JE100821,0,none
JE100822,0,none
JE100823,0,none
JE100824,0,none
JE100825,0,none
JE100826,0,none
JE100827,0,none
JE100828,0,none
JE100829,0,none
JE100830,0,none
JE100831,0,none
JE100832,0,none
JE100833,0,none
JE100834,0,none
JE100835,0,none
JE100836,0,none
JE100837,0,none
JE100838,0,none
JE100839,0,none
JE100840,0,none
JE100841,0,none
JE100842,0,none
JE100843,0,none
JE100844,0,none
JE100845,0,none
JE100846,0,none
JE100847,0,none
JE100848,0,none
JE100849,0,none
JE100850,0,none
JE100851,0,none
JE100852,0,none
JE100853,0,none
JE100854,0,none
JE100855,0,none
JE100856,0,none
JE100857,0,none
JE100858,0,none
JE100859,0,none
JE100860,0,none
JE100861,0,none
JE100862,0,none
JE100863,0,none
JE100864,0,none
JE100865,0,none
JE100866,0,none
JE100867,0,none
JE100868,0,none
JE100869,0,none
JE100870,0,none
JE100871,0,none
JE100872,0,none
JE100873,0,none
JE100874,0,none
JE100875,0,none
JE100876,0,none
JE100877,0,none
JE100878,0,none
JE100879,0,none
JE100880,0,none
JE100881,0,none
JE100882,0,none
JE100883,0,none
JE100884,0,none
JE100885,0,none
JE100886,0,none
JE100887,0,none
JE100888,0,none
JE100889,0,none
JE100890,0,none
JE100891,0,none
JE100892,0,none
JE100893,0,none
JE100894,0,none
JE100895,0,none
JE100896,0,none
JE100897,0,none
JE100898,0,none
JE100899,0,none
JE100900,0,none
JE100901,0,none
JE100902,0,none
JE100903,0,none
JE100904,0,none
JE100905,0,none
JE100906,0,none
JE100907,0,none
JE100908,0,none
JE100909,0,none
JE100910,0,none
JE100911,0,none
JE100912,0,none
JE100913,0,none
JE100914,0,none
JE100915,0,none
JE100916,0,none
JE100917,0,none
JE100918,0,none
JE100919,0,none
JE100920,0,none
JE100921,0,none
JE100922,0,none
JE100923,0,none
JE100924,0,none
JE100925,0,none
JE100926,0,none
JE100927,0,none
JE100928,0,none
JE100929,0,none
JE100930,0,none
JE100931,0,none
JE100932,0,none
JE100933,0,none
JE100934,0,none
JE100935,0,none
JE100936,0,none
JE100937,0,none
JE100938,0,none
JE100939,0,none
JE100940,0,none
JE100941,0,none
JE100942,0,none
JE100943,0,none
JE100944,0,none
JE100945,0,none
JE100946,0,none
JE100947,0,none
JE100948,0,none
JE100949,0,none
JE100950,0,none
JE100951,0,none
JE100952,0,none
JE100953,0,none
JE100954,0,none
JE100955,0,none
JE100956,0,none
JE100957,0,none
JE100958,0,none
JE100959,0,none
JE100960,0,none
JE100961,0,none
JE100962,0,none
JE100963,0,none
JE100964,0,none
JE100965,0,none
JE100966,0,none
JE100967,0,none
JE100968,0,none
JE100969,0,none
JE100970,0,none
JE100971,0,none
JE100972,0,none
JE100973,0,none
JE100974,0,none
JE100975,0,none
JE100976,0,none
JE100977,0,none
JE100978,0,none
JE100979,0,none
JE100980,0,none
JE100981,0,none
JE100982,0,none
JE100983,0,none
JE100984,0,none
JE100985,0,none
JE100986,0,none
JE100987,0,none
JE100988,0,none
JE100989,0,none
JE100990,0,none
JE100991,0,none
JE100992,0,none
JE100993,0,none
JE100994,0,none
JE100995,0,none
JE100996,0,none
JE100997,0,none
JE100998,0,none
JE100999,0,none
JE101000,0,none
JE101001,0,none
JE101002,0,none
JE101003,0,none
JE101004,0,none
JE101005,0,none
JE101006,0,none
JE101007,0,none
JE101008,0,none
JE101009,0,none
JE101010,0,none
JE101011,0,none
JE101012,0,none
JE101013,0,none
JE101014,0,none
JE101015,0,none
JE101016,0,none
JE101017,0,none
JE101018,0,none
JE101019,0,none
JE101020,0,none
JE101021,0,none
JE101022,0,none
JE101023,0,none
JE101024,0,none
JE101025,0,none
JE101026,0,none
JE101027,0,none
JE101028,0,none
JE101029,0,none
JE101030,0,none
JE101031,0,none
JE101032,0,none
JE101033,0,none
JE101034,0,none
JE101035,0,none
JE101036,0,none
JE101037,0,none
JE101038,0,none
JE101039,0,none
JE101040,0,none
JE101041,0,none
JE101042,0,none
JE101043,0,none
JE101044,0,none
JE101045,0,none
JE101046,0,none
JE101047,0,none
JE101048,0,none
JE101049,0,none
JE101050,0,none
JE101051,0,none
JE101052,0,none
JE101053,0,none
JE101054,0,none
JE101055,0,none
JE101056,0,none
JE101057,0,none
JE101058,0,none
JE101059,0,none
JE101060,0,none
JE101061,0,none
JE101062,0,none
JE101063,0,none
JE101064,0,none
JE101065,0,none
JE101066,0,none
JE101067,0,none
JE101068,0,none
JE101069,0,none
JE101070,0,none
JE101071,0,none
JE101072,0,none
JE101073,0,none
JE101074,0,none
JE101075,0,none
JE101076,0,none
JE101077,0,none
JE101078,0,none
JE101079,0,none
JE101080,0,none
JE101081,0,none
JE101082,0,none
JE101083,0,none
JE101084,0,none
JE101085,0,none
JE101086,0,none
JE101087,0,none
JE101088,0,none
JE101089,0,none
JE101090,0,none
JE101091,0,none
JE101092,0,none
JE101093,0,none
JE101094,0,none
JE101095,0,none
JE101096,0,none
JE101097,0,none
JE101098,0,none
JE101099,0,none
JE101100,0,none
JE101101,0,none
JE101102,0,none
JE101103,0,none
JE101104,0,none
JE101105,0,none
JE101106,0,none
JE101107,0,none
JE101108,0,none
JE101109,0,none
JE101110,0,none
JE101111,0,none
JE101112,0,none
JE101113,0,none
JE101114,0,none
JE101115,0,none
JE101116,0,none
JE101117,0,none
JE101118,0,none
JE101119,0,none
JE101120,0,none
JE101121,0,none
JE101122,0,none
JE101123,0,none
JE101124,0,none
JE101125,0,none
JE101126,0,none
JE101127,0,none
JE101128,0,none
JE101129,0,none
JE101130,0,none
JE101131,0,none
JE101132,0,none
JE101133,0,none
JE101134,0,none
JE101135,0,none
JE101136,0,none
JE101137,0,none
JE101138,0,none
JE101139,0,none
JE101140,0,none
JE101141,0,none
JE101142,0,none
JE101143,0,none
JE101144,0,none
JE101145,0,none
JE101146,0,none
JE101147,0,none
JE101148,0,none
JE101149,0,none
JE101150,0,none
JE101151,0,none
JE101152,0,none
JE101153,0,none
JE101154,0,none
JE101155,0,none
JE101156,0,none
JE101157,0,none
JE101158,0,none
JE101159,0,none
JE101160,0,none
JE101161,0,none
JE101162,0,none
JE101163,0,none
JE101164,0,none
JE101165,0,none
JE101166,0,none
JE101167,0,none
JE101168,0,none
JE101169,0,none
JE101170,0,none
JE101171,0,none
JE101172,0,none
JE101173,0,none
JE101174,0,none
JE101175,0,none
JE101176,0,none
JE101177,0,none
JE101178,0,none
JE101179,0,none
JE101180,0,none
JE101181,0,none
JE101182,0,none
JE101183,0,none
JE101184,0,none
JE101185,0,none
JE101186,0,none
JE101187,0,none
JE101188,0,none
JE101189,0,none
JE101190,0,none
JE101191,0,none
JE101192,0,none
JE101193,0,none
JE101194,0,none
JE101195,0,none
JE101196,0,none
JE101197,0,none
JE101198,0,none
JE101199,0,none
JE101200,0,none
JE101201,0,none
JE101202,0,none
JE101203,0,none
JE101204,0,none
JE101205,0,none
JE101206,0,none
JE101207,0,none
JE101208,0,none
JE101209,0,none
JE101210,0,none
JE101211,0,none
JE101212,0,none
JE101213,0,none
JE101214,0,none
JE101215,0,none
JE101216,0,none
JE101217,0,none
JE101218,0,none
JE101219,0,none
JE101220,0,none
JE101221,0,none
JE101222,0,none
JE101223,0,none
JE101224,0,none
JE101225,0,none
JE101226,0,none
JE101227,0,none
JE101228,0,none
JE101229,0,none
JE101230,0,none
JE101231,0,none
JE101232,0,none
JE101233,0,none
JE101234,0,none
JE101235,0,none
JE101236,0,none
JE101237,0,none
JE101238,0,none
JE101239,0,none
JE101240,0,none
JE101241,0,none
JE101242,0,none
JE101243,0,none
JE101244,0,none
JE101245,0,none
JE101246,0,none
JE101247,0,none
JE101248,0,none
JE101249,0,none
JE101250,0,none
JE101251,0,none
JE101252,0,none
JE101253,0,none
JE101254,0,none
JE101255,0,none
JE101256,0,none
JE101257,0,none
JE101258,0,none
JE101259,0,none
JE101260,0,none
JE101261,0,none
JE101262,0,none
JE101263,0,none
JE101264,0,none
JE101265,0,none
JE101266,0,none
JE101267,0,none
JE101268,0,none
JE101269,0,none
JE101270,0,none
JE101271,0,none
JE101272,0,none
JE101273,0,none
JE101274,0,none
JE101275,0,none
JE101276,0,none
JE101277,0,none
JE101278,0,none
JE101279,0,none
JE101280,0,none
JE101281,0,none
JE101282,0,none
JE101283,0,none
JE101284,0,none
JE101285,0,none
JE101286,0,none
JE101287,0,none
JE101288,0,none
JE101289,0,none
JE101290,0,none
JE101291,0,none
JE101292,0,none
JE101293,0,none
JE101294,0,none
JE101295,0,none
JE101296,0,none
JE101297,0,none
JE101298,0,none
JE101299,0,none
JE101300,0,none
JE101301,0,none
JE101302,0,none
JE101303,0,none
JE101304,0,none
JE101305,0,none
JE101306,0,none
JE101307,0,none
JE101308,0,none
JE101309,0,none
JE101310,0,none
JE101311,0,none
JE101312,0,none
JE101313,0,none
JE101314,0,none
JE101315,0,none
JE101316,0,none
JE101317,0,none
JE101318,0,none
JE101319,0,none
JE101320,0,none
JE101321,0,none
JE101322,0,none
JE101323,0,none
JE101324,0,none
JE101325,0,none
JE101326,0,none
JE101327,0,none
JE101328,0,none
JE101329,0,none
JE101330,0,none
JE101331,0,none
JE101332,0,none
JE101333,0,none
JE101334,0,none
JE101335,0,none
JE101336,0,none
JE101337,0,none
JE101338,0,none
JE101339,0,none
JE101340,0,none
JE101341,0,none
JE101342,0,none
JE101343,0,none
JE101344,0,none
JE101345,0,none
JE101346,0,none
JE101347,0,none
JE101348,0,none
JE101349,0,none
JE101350,0,none
JE101351,0,none
JE101352,0,none
JE101353,0,none
JE101354,0,none
JE101355,0,none
JE101356,0,none
JE101357,0,none
JE101358,0,none
JE101359,0,none
JE101360,0,none
JE101361,0,none
JE101362,0,none
JE101363,0,none
JE101364,0,none
JE101365,0,none
JE101366,0,none
JE101367,0,none
JE101368,0,none
JE101369,0,none
JE101370,0,none
JE101371,0,none
JE101372,0,none
JE101373,0,none
JE101374,0,none
JE101375,0,none
JE101376,0,none
JE101377,0,none
JE101378,0,none
JE101379,0,none
JE101380,0,none
JE101381,0,none
JE101382,0,none
JE101383,0,none
JE101384,0,none
JE101385,0,none
JE101386,0,none
JE101387,0,none
JE101388,0,none
JE101389,0,none
JE101390,0,none
JE101391,0,none
JE101392,0,none
JE101393,0,none
JE101394,0,none
JE101395,0,none
JE101396,0,none
JE101397,0,none
JE101398,0,none
JE101399,0,none
JE101400,0,none
JE101401,0,none
JE101402,0,none
JE101403,0,none
JE101404,0,none
JE101405,0,none
JE101406,0,none
JE101407,0,none
JE101408,0,none
JE101409,0,none
JE101410,0,none
JE101411,0,none
JE101412,0,none
JE101413,0,none
JE101414,0,none
JE101415,0,none
JE101416,0,none
JE101417,0,none
JE101418,0,none
JE101419,0,none
JE101420,0,none
JE101421,0,none
JE101422,0,none
JE101423,0,none
JE101424,0,none
JE101425,0,none
JE101426,0,none
JE101427,0,none
JE101428,0,none
JE101429,0,none
JE101430,0,none
JE101431,0,none
JE101432,0,none
JE101433,0,none
JE101434,0,none
JE101435,0,none
JE101436,0,none
JE101437,0,none
JE101438,0,none
JE101439,0,none
JE101440,0,none
JE101441,0,none
JE101442,0,none
JE101443,0,none
JE101444,0,none
JE101445,0,none
JE101446,0,none
JE101447,0,none
JE101448,0,none
JE101449,0,none
JE101450,0,none
JE101451,0,none
JE101452,0,none
JE101453,0,none
JE101454,0,none
JE101455,0,none
JE101456,0,none
JE101457,0,none
JE101458,0,none
JE101459,0,none
JE101460,0,none
JE101461,0,none
JE101462,0,none
JE101463,0,none
JE101464,0,none
JE101465,0,none
JE101466,0,none
JE101467,0,none
JE101468,0,none
JE101469,0,none
JE101470,0,none
JE101471,0,none
JE101472,0,none
JE101473,0,none
JE101474,0,none
JE101475,0,none
JE101476,0,none
JE101477,0,none
JE101478,0,none
JE101479,0,none
JE101480,0,none
JE101481,0,none
JE101482,0,none
JE101483,0,none
JE101484,0,none
JE101485,0,none
JE101486,0,none
JE101487,0,none
JE101488,0,none
JE101489,0,none
JE101490,0,none
JE101491,0,none
JE101492,0,none
JE101493,0,none
JE101494,0,none
JE101495,0,none
JE101496,0,none
JE101497,0,none
JE101498,0,none
JE101499,0,none
JE101500,0,none
JE101501,0,none
JE101502,0,none
JE101503,0,none
JE101504,0,none
JE101505,0,none
JE101506,0,none
JE101507,0,none
JE101508,0,none
JE101509,0,none
JE101510,0,none
JE101511,0,none
JE101512,0,none
JE101513,0,none
JE101514,0,none
JE101515,0,none
JE101516,0,none
JE101517,0,none
JE101518,0,none
JE101519,0,none
JE101520,0,none
JE101521,0,none
JE101522,0,none
JE101523,0,none
JE101524,0,none
JE101525,0,none
JE101526,0,none
JE101527,0,none
JE101528,0,none
JE101529,0,none
JE101530,0,none
JE101531,0,none
JE101532,0,none
JE101533,0,none
JE101534,0,none
JE101535,0,none
JE101536,0,none
JE101537,0,none
JE101538,0,none
JE101539,0,none
JE101540,0,none
JE101541,0,none
JE101542,0,none
JE101543,0,none
JE101544,0,none
JE101545,0,none
JE101546,0,none
JE101547,0,none
JE101548,0,none
JE101549,0,none
JE101550,0,none
JE101551,0,none
JE101552,0,none
JE101553,0,none
JE101554,0,none
JE101555,0,none
JE101556,0,none
JE101557,0,none
JE101558,0,none
JE101559,0,none
JE101560,0,none
JE101561,0,none
JE101562,0,none
JE101563,0,none
JE101564,0,none
JE101565,0,none
JE101566,0,none
JE101567,0,none
JE101568,0,none
JE101569,0,none
JE101570,0,none
JE101571,0,none
JE101572,0,none
JE101573,0,none
JE101574,0,none
JE101575,0,none
JE101576,0,none
JE101577,0,none
JE101578,0,none
JE101579,0,none
JE101580,0,none
JE101581,0,none
JE101582,0,none
JE101583,0,none
JE101584,0,none
JE101585,0,none
JE101586,0,none
JE101587,0,none
JE101588,0,none
JE101589,0,none
JE101590,0,none
JE101591,0,none
JE101592,0,none
JE101593,0,none
JE101594,0,none
JE101595,0,none
JE101596,0,none
JE101597,0,none
JE101598,0,none
JE101599,0,none
JE101600,0,none
JE101601,0,none
JE101602,0,none
JE101603,0,none
JE101604,0,none
JE101605,0,none
JE101606,0,none
JE101607,0,none
JE101608,0,none
JE101609,0,none
JE101610,0,none
JE101611,0,none
JE101612,0,none
JE101613,0,none
JE101614,0,none
JE101615,0,none
JE101616,0,none
JE101617,0,none
JE101618,0,none
JE101619,0,none
JE101620,0,none
JE101621,0,none
JE101622,0,none
JE101623,0,none
JE101624,0,none
JE101625,0,none
JE101626,0,none
JE101627,0,none
JE101628,0,none
JE101629,0,none
JE101630,0,none
JE101631,0,none
JE101632,0,none
JE101633,0,none
JE101634,0,none
JE101635,0,none
JE101636,0,none
JE101637,0,none
JE101638,0,none
JE101639,0,none
JE101640,0,none
JE101641,0,none
JE101642,0,none
JE101643,0,none
JE101644,0,none
JE101645,0,none
JE101646,0,none
JE101647,0,none
JE101648,0,none
JE101649,0,none
JE101650,0,none
JE101651,0,none
JE101652,0,none
JE101653,0,none
JE101654,0,none
JE101655,0,none
JE101656,0,none
JE101657,0,none
JE101658,0,none
JE101659,0,none
JE101660,0,none
JE101661,0,none
JE101662,0,none
JE101663,0,none
JE101664,0,none
JE101665,0,none
JE101666,0,none
JE101667,0,none
JE101668,0,none
JE101669,0,none
JE101670,0,none
JE101671,0,none
JE101672,0,none
JE101673,0,none
JE101674,0,none
JE101675,0,none
JE101676,0,none
JE101677,0,none
JE101678,0,none
JE101679,0,none
JE101680,0,none
JE101681,0,none
JE101682,0,none
JE101683,0,none
JE101684,0,none
JE101685,0,none
JE101686,0,none
JE101687,0,none
JE101688,0,none
JE101689,0,none
JE101690,0,none
JE101691,0,none
JE101692,0,none
JE101693,0,none
JE101694,0,none
JE101695,0,none
JE101696,0,none
JE101697,0,none
JE101698,0,none
JE101699,0,none
JE101700,0,none
JE101701,0,none
JE101702,0,none
JE101703,0,none
JE101704,0,none
JE101705,0,none
JE101706,0,none
JE101707,0,none
JE101708,0,none
JE101709,0,none
JE101710,0,none
JE101711,0,none
JE101712,0,none
JE101713,0,none
JE101714,0,none
JE101715,0,none
JE101716,0,none
JE101717,0,none
JE101718,0,none
JE101719,0,none
JE101720,0,none
JE101721,0,none
JE101722,0,none
JE101723,0,none
JE101724,0,none
JE101725,0,none
JE101726,0,none
JE101727,0,none
JE101728,0,none
JE101729,0,none
JE101730,0,none
JE101731,0,none
JE101732,0,none
JE101733,0,none
JE101734,0,none
JE101735,0,none
JE101736,0,none
JE101737,0,none
JE101738,0,none
JE101739,0,none
JE101740,0,none
JE101741,0,none
JE101742,0,none
JE101743,0,none
JE101744,0,none
JE101745,0,none
JE101746,0,none
JE101747,0,none
JE101748,0,none
JE101749,0,none
JE101750,0,none
JE101751,0,none
JE101752,0,none
JE101753,0,none
JE101754,0,none
JE101755,0,none
JE101756,0,none
JE101757,0,none
JE101758,0,none
JE101759,0,none
JE101760,0,none
JE101761,0,none
JE101762,0,none
JE101763,0,none
JE101764,0,none
JE101765,0,none
JE101766,0,none
JE101767,0,none
JE101768,0,none
JE101769,0,none
JE101770,0,none
JE101771,0,none
JE101772,0,none
JE101773,0,none
JE101774,0,none
JE101775,0,none
JE101776,0,none
JE101777,0,none
JE101778,0,none
JE101779,0,none
JE101780,0,none
JE101781,0,none
JE101782,0,none
JE101783,0,none
JE101784,0,none
JE101785,0,none
JE101786,0,none
JE101787,0,none
JE101788,0,none
JE101789,0,none
JE101790,0,none
JE101791,0,none
JE101792,0,none
JE101793,0,none
JE101794,0,none
JE101795,0,none
JE101796,0,none
JE101797,0,none
JE101798,0,none
JE101799,0,none
JE101800,0,none
JE101801,0,none
JE101802,0,none
JE101803,0,none
JE101804,0,none
JE101805,0,none
JE101806,0,none
JE101807,0,none
JE101808,0,none
JE101809,0,none
JE101810,0,none
JE101811,0,none
JE101812,0,none
JE101813,0,none
JE101814,0,none
JE101815,0,none
JE101816,0,none
JE101817,0,none
JE101818,0,none
JE101819,0,none
JE101820,0,none
JE101821,0,none
JE101822,0,none
JE101823,0,none
JE101824,0,none
JE101825,0,none
JE101826,0,none
JE101827,0,none
JE101828,0,none
JE101829,0,none
JE101830,0,none
JE101831,0,none
JE101832,0,none
JE101833,0,none
JE101834,0,none
JE101835,0,none
JE101836,0,none
JE101837,0,none
JE101838,0,none
JE101839,0,none
JE101840,0,none
JE101841,0,none
JE101842,0,none
JE101843,0,none
JE101844,0,none
JE101845,0,none
JE101846,0,none
JE101847,0,none
JE101848,0,none
JE101849,0,none
JE101850,0,none
JE101851,0,none
JE101852,0,none
JE101853,0,none
JE101854,0,none
JE101855,0,none
JE101856,0,none
JE101857,0,none
JE101858,0,none
JE101859,0,none
JE101860,0,none
JE101861,0,none
JE101862,0,none
JE101863,0,none
JE101864,0,none
JE101865,0,none
JE101866,0,none
JE101867,0,none
JE101868,0,none
JE101869,0,none
JE101870,0,none
JE101871,0,none
JE101872,0,none
JE101873,0,none
JE101874,0,none
JE101875,0,none
JE101876,0,none
JE101877,0,none
JE101878,0,none
JE101879,0,none
JE101880,0,none
JE101881,0,none
JE101882,0,none
JE101883,0,none
JE101884,0,none
JE101885,0,none
JE101886,0,none
JE101887,0,none
JE101888,0,none
JE101889,0,none
JE101890,0,none
JE101891,0,none
JE101892,0,none
JE101893,0,none
JE101894,0,none
JE101895,0,none
JE101896,0,none
JE101897,0,none
JE101898,0,none
JE101899,0,none
JE101900,0,none
JE101901,0,none
JE101902,0,none
JE101903,0,none
JE101904,0,none
JE101905,0,none
JE101906,0,none
JE101907,0,none
JE101908,0,none
JE101909,0,none
JE101910,0,none
JE101911,0,none
JE101912,0,none
JE101913,0,none
JE101914,0,none
JE101915,0,none
JE101916,0,none
JE101917,0,none
JE101918,0,none
JE101919,0,none
JE101920,0,none
JE101921,0,none
JE101922,0,none
JE101923,0,none
JE101924,0,none
JE101925,0,none
JE101926,0,none
JE101927,0,none
JE101928,0,none
JE101929,0,none
JE101930,0,none
JE101931,0,none
JE101932,0,none
JE101933,0,none
JE101934,0,none
JE101935,0,none
JE101936,0,none
JE101937,0,none
JE101938,0,none
JE101939,0,none
JE101940,0,none
JE101941,0,none
JE101942,0,none
JE101943,0,none
JE101944,0,none
JE101945,0,none
JE101946,0,none
JE101947,0,none
JE101948,0,none
JE101949,0,none
JE101950,0,none
JE101951,0,none
JE101952,0,none
JE101953,0,none
JE101954,0,none
JE101955,0,none
JE101956,0,none
JE101957,0,none
JE101958,0,none
JE101959,0,none
JE101960,0,none
JE101961,0,none
JE101962,0,none
JE101963,0,none
JE101964,0,none
JE101965,0,none
JE101966,0,none
JE101967,0,none
JE101968,0,none
JE101969,0,none
JE101970,0,none
JE101971,0,none
JE101972,0,none
JE101973,0,none
JE101974,0,none
JE101975,0,none
JE101976,0,none
JE101977,0,none
JE101978,0,none
JE101979,0,none
JE101980,0,none
JE101981,0,none
JE101982,0,none
JE101983,0,none
JE101984,0,none
JE101985,0,none
JE101986,0,none
JE101987,0,none
JE101988,0,none
JE101989,0,none
JE101990,0,none
JE101991,0,none
JE101992,0,none
JE101993,0,none
JE101994,0,none
JE101995,0,none
JE101996,0,none
JE101997,0,none
JE101998,0,none
JE101999,0,none
JE102000,0,none
JE102001,0,none
JE102002,0,none
JE102003,0,none
JE102004,0,none
JE102005,0,none
JE102006,0,none
JE102007,0,none
JE102008,0,none
JE102009,0,none
JE102010,0,none
JE102011,0,none
JE102012,0,none
JE102013,0,none
JE102014,0,none
JE102015,0,none
JE102016,0,none
JE102017,0,none
JE102018,0,none
JE102019,0,none
JE102020,0,none
JE102021,0,none
JE102022,0,none
JE102023,0,none
JE102024,0,none
JE102025,0,none
JE102026,0,none
JE102027,0,none
JE102028,0,none
JE102029,0,none
JE102030,0,none
JE102031,0,none
JE102032,0,none
JE102033,0,none
JE102034,0,none
JE102035,0,none
JE102036,0,none
JE102037,0,none
JE102038,0,none
JE102039,0,none
JE102040,0,none
JE102041,0,none
JE102042,0,none
JE102043,0,none
JE102044,0,none
JE102045,0,none
JE102046,0,none
JE102047,0,none
JE102048,0,none
JE102049,0,none
JE102050,0,none
JE102051,0,none
JE102052,0,none
JE102053,0,none
JE102054,0,none
JE102055,0,none
JE102056,0,none
JE102057,0,none
JE102058,0,none
JE102059,0,none
JE102060,0,none
JE102061,0,none
JE102062,0,none
JE102063,0,none
JE102064,0,none
JE102065,0,none
JE102066,0,none
JE102067,0,none
JE102068,0,none
JE102069,0,none
JE102070,0,none
JE102071,0,none
JE102072,0,none
JE102073,0,none
JE102074,0,none
JE102075,0,none
JE102076,0,none
JE102077,0,none
JE102078,0,none
JE102079,0,none
JE102080,0,none
JE102081,0,none
JE102082,0,none
JE102083,0,none
JE102084,0,none
JE102085,0,none
JE102086,0,none
JE102087,0,none
JE102088,0,none
JE102089,0,none
JE102090,0,none
JE102091,0,none
JE102092,0,none
JE102093,0,none
JE102094,0,none
JE102095,0,none
JE102096,0,none
JE102097,0,none
JE102098,0,none
JE102099,0,none
JE102100,0,none
JE102101,0,none
JE102102,0,none
JE102103,0,none
JE102104,0,none
JE102105,0,none
JE102106,0,none
JE102107,0,none
JE102108,0,none
JE102109,0,none
JE102110,0,none
JE102111,0,none
JE102112,0,none
JE102113,0,none
JE102114,0,none
JE102115,0,none
JE102116,0,none
JE102117,0,none
JE102118,0,none
JE102119,0,none
JE102120,0,none
JE102121,0,none
JE102122,0,none
JE102123,0,none
JE102124,0,none
JE102125,0,none
JE102126,0,none
JE102127,0,none
JE102128,0,none
JE102129,0,none
JE102130,0,none
JE102131,0,none
JE102132,0,none
JE102133,0,none
JE102134,0,none
JE102135,0,none
JE102136,0,none
JE102137,0,none
JE102138,0,none
JE102139,0,none
JE102140,0,none
JE102141,0,none
JE102142,0,none
JE102143,0,none
JE102144,0,none
JE102145,0,none
JE102146,0,none
JE102147,0,none
JE102148,0,none
JE102149,0,none
JE102150,0,none
JE102151,0,none
JE102152,0,none
JE102153,0,none
JE102154,0,none
JE102155,0,none
JE102156,0,none
JE102157,0,none
JE102158,0,none
JE102159,0,none
JE102160,0,none
JE102161,0,none
JE102162,0,none
JE102163,0,none
JE102164,0,none
JE102165,0,none
JE102166,0,none
JE102167,0,none
JE102168,0,none
JE102169,0,none
JE102170,0,none
JE102171,0,none
JE102172,0,none
JE102173,0,none
JE102174,0,none
JE102175,0,none
JE102176,0,none
JE102177,0,none
JE102178,0,none
JE102179,0,none
JE102180,0,none
JE102181,0,none
JE102182,0,none
JE102183,0,none
JE102184,0,none
JE102185,0,none
JE102186,0,none
JE102187,0,none
JE102188,0,none
JE102189,0,none
JE102190,0,none
JE102191,0,none
JE102192,0,none
JE102193,0,none
JE102194,0,none
JE102195,0,none
JE102196,0,none
JE102197,0,none
JE102198,0,none
JE102199,0,none
JE102200,0,none
JE102201,0,none
JE102202,0,none
JE102203,0,none
JE102204,0,none
JE102205,0,none
JE102206,0,none
JE102207,0,none
JE102208,0,none
JE102209,0,none
JE102210,0,none
JE102211,0,none
JE102212,0,none
JE102213,0,none
JE102214,0,none
JE102215,0,none
JE102216,0,none
JE102217,0,none
JE102218,0,none
JE102219,0,none
JE102220,0,none
JE102221,0,none
JE102222,0,none
JE102223,0,none
JE102224,0,none
JE102225,0,none
JE102226,0,none
JE102227,0,none
JE102228,0,none
JE102229,0,none
JE102230,0,none
JE102231,0,none
JE102232,0,none
JE102233,0,none
JE102234,0,none
JE102235,0,none
JE102236,0,none
JE102237,0,none
JE102238,0,none
JE102239,0,none
JE102240,0,none
JE102241,0,none
JE102242,0,none
JE102243,0,none
JE102244,0,none
JE102245,0,none
JE102246,0,none
JE102247,0,none
JE102248,0,none
JE102249,0,none
JE102250,0,none
JE102251,0,none
JE102252,0,none
JE102253,0,none
JE102254,0,none
JE102255,0,none
JE102256,0,none
JE102257,0,none
JE102258,0,none
JE102259,0,none
JE102260,0,none
JE102261,0,none
JE102262,0,none
JE102263,0,none
JE102264,0,none
JE102265,0,none
JE102266,0,none
JE102267,0,none
JE102268,0,none
JE102269,0,none
JE102270,0,none
JE102271,0,none
JE102272,0,none
JE102273,0,none
JE102274,0,none
JE102275,0,none
JE102276,0,none
JE102277,0,none
JE102278,0,none
JE102279,0,none
JE102280,0,none
JE102281,0,none
JE102282,0,none
JE102283,0,none
JE102284,0,none
JE102285,0,none
JE102286,0,none
JE102287,0,none
JE102288,0,none
JE102289,0,none
JE102290,0,none
JE102291,0,none
JE102292,0,none
JE102293,0,none
JE102294,0,none
JE102295,0,none
JE102296,0,none
JE102297,0,none
JE102298,0,none
JE102299,0,none
JE102300,0,none
JE102301,0,none
JE102302,0,none
JE102303,0,none
JE102304,0,none
JE102305,0,none
JE102306,0,none
JE102307,0,none
JE102308,0,none
JE102309,0,none
JE102310,0,none
JE102311,0,none
JE102312,0,none
JE102313,0,none
JE102314,0,none
JE102315,0,none
JE102316,0,none
JE102317,0,none
JE102318,0,none
JE102319,0,none
JE102320,0,none
JE102321,0,none
JE102322,0,none
JE102323,0,none
JE102324,0,none
JE102325,0,none
JE102326,0,none
JE102327,0,none
JE102328,0,none
JE102329,0,none
JE102330,0,none
JE102331,0,none
JE102332,0,none
JE102333,0,none
JE102334,0,none
JE102335,0,none
JE102336,0,none
JE102337,0,none
JE102338,0,none
JE102339,0,none
JE102340,0,none
JE102341,0,none
JE102342,0,none
JE102343,0,none
JE102344,0,none
JE102345,0,none
JE102346,0,none
JE102347,0,none
JE102348,0,none
JE102349,0,none
JE102350,0,none
JE102351,0,none
JE102352,0,none
JE102353,0,none
JE102354,0,none
JE102355,0,none
JE102356,0,none
JE102357,0,none
JE102358,0,none
JE102359,0,none
JE102360,0,none
JE102361,0,none
JE102362,0,none
JE102363,0,none
JE102364,0,none
JE102365,0,none
JE102366,0,none
JE102367,0,none
JE102368,0,none
JE102369,0,none
JE102370,0,none
JE102371,0,none
JE102372,0,none
JE102373,0,none
JE102374,0,none
JE102375,0,none
JE102376,0,none
JE102377,0,none
JE102378,0,none
JE102379,0,none
JE102380,0,none
JE102381,0,none
JE102382,0,none
JE102383,0,none
JE102384,0,none
JE102385,0,none
JE102386,0,none
JE102387,0,none
JE102388,0,none
JE102389,0,none
JE102390,0,none
JE102391,0,none
JE102392,0,none
JE102393,0,none
JE102394,0,none
JE102395,0,none
JE102396,0,none
JE102397,0,none
JE102398,0,none
JE102399,0,none
JE102400,0,none
JE102401,0,none
JE102402,0,none
JE102403,0,none
JE102404,0,none
JE102405,0,none
JE102406,0,none
JE102407,0,none
JE102408,0,none
JE102409,0,none
JE102410,0,none
JE102411,0,none
JE102412,0,none
JE102413,0,none
JE102414,0,none
JE102415,0,none
JE102416,0,none
JE102417,0,none
JE102418,0,none
JE102419,0,none
JE102420,0,none
JE102421,0,none
JE102422,0,none
JE102423,0,none
JE102424,0,none
JE102425,0,none
JE102426,0,none
JE102427,0,none
JE102428,0,none
JE102429,0,none
JE102430,0,none
JE102431,0,none
JE102432,0,none
JE102433,0,none
JE102434,0,none
JE102435,0,none
JE102436,0,none
JE102437,0,none
JE102438,0,none
JE102439,0,none
JE102440,0,none
JE102441,0,none
JE102442,0,none
JE102443,0,none
JE102444,0,none
JE102445,0,none
JE102446,0,none
JE102447,0,none
JE102448,0,none
JE102449,0,none
JE102450,0,none
JE102451,0,none
JE102452,0,none
JE102453,0,none
JE102454,0,none
JE102455,0,none
JE102456,0,none
JE102457,0,none
JE102458,0,none
JE102459,0,none
JE102460,0,none
JE102461,0,none
JE102462,0,none
JE102463,0,none
JE102464,0,none
JE102465,0,none
JE102466,0,none
JE102467,0,none
JE102468,0,none
JE102469,0,none
JE102470,0,none
JE102471,0,none
JE102472,0,none
JE102473,0,none
JE102474,0,none
JE102475,0,none
JE102476,0,none
JE102477,0,none
JE102478,0,none
JE102479,0,none
JE102480,0,none
JE102481,0,none
JE102482,0,none
JE102483,0,none
JE102484,0,none
JE102485,0,none
JE102486,0,none
JE102487,0,none
JE102488,0,none
JE102489,0,none
JE102490,0,none
JE102491,0,none
JE102492,0,none
JE102493,0,none
JE102494,0,none
JE102495,0,none
JE102496,0,none
JE102497,0,none
JE102498,0,none
JE102499,0,none
JE102500,0,none
JE102501,0,none
JE102502,0,none
JE102503,0,none
JE102504,0,none
JE102505,0,none
JE102506,0,none
JE102507,0,none
JE102508,0,none
JE102509,0,none
JE102510,0,none
JE102511,0,none
JE102512,0,none
JE102513,0,none
JE102514,0,none
JE102515,0,none
JE102516,0,none
JE102517,0,none
JE102518,0,none
JE102519,0,none
JE102520,0,none
JE102521,0,none
JE102522,0,none
JE102523,0,none
JE102524,0,none
JE102525,0,none
JE102526,0,none
JE102527,0,none
JE102528,0,none
JE102529,0,none
JE102530,0,none
JE102531,0,none
JE102532,0,none
JE102533,0,none
JE102534,0,none
JE102535,0,none
JE102536,0,none
JE102537,0,none
JE102538,0,none
JE102539,0,none
JE102540,0,none
JE102541,0,none
JE102542,0,none
JE102543,0,none
JE102544,0,none
JE102545,0,none
JE102546,0,none
JE102547,0,none
JE102548,0,none
JE102549,0,none
JE102550,0,none
JE102551,0,none
JE102552,0,none
JE102553,0,none
JE102554,0,none
JE102555,0,none
JE102556,0,none
JE102557,0,none
JE102558,0,none
JE102559,0,none
JE102560,0,none
JE102561,0,none
JE102562,0,none
JE102563,0,none
JE102564,0,none
JE102565,0,none
JE102566,0,none
JE102567,0,none
JE102568,0,none
JE102569,0,none
JE102570,0,none
JE102571,0,none
JE102572,0,none
JE102573,0,none
JE102574,0,none
JE102575,0,none
JE102576,0,none
JE102577,0,none
JE102578,0,none
JE102579,0,none
JE102580,0,none
JE102581,0,none
JE102582,0,none
JE102583,0,none
JE102584,0,none
JE102585,0,none
JE102586,0,none
JE102587,0,none
JE102588,0,none
JE102589,0,none
JE102590,0,none
JE102591,0,none
JE102592,0,none
JE102593,0,none
JE102594,0,none
JE102595,0,none
JE102596,0,none
JE102597,0,none
JE102598,0,none
JE102599,0,none
JE102600,0,none
JE102601,0,none
JE102602,0,none
JE102603,0,none
JE102604,0,none
JE102605,0,none
JE102606,0,none
JE102607,0,none
JE102608,0,none
JE102609,0,none
JE102610,0,none
JE102611,0,none
JE102612,0,none
JE102613,0,none
JE102614,0,none
JE102615,0,none
JE102616,0,none
JE102617,0,none
JE102618,0,none
JE102619,0,none
JE102620,0,none
JE102621,0,none
JE102622,0,none
JE102623,0,none
JE102624,0,none
JE102625,0,none
JE102626,0,none
JE102627,0,none
JE102628,0,none
JE102629,0,none
JE102630,0,none
JE102631,0,none
JE102632,0,none
JE102633,0,none
JE102634,0,none
JE102635,0,none
JE102636,0,none
JE102637,0,none
JE102638,0,none
JE102639,0,none
JE102640,0,none
JE102641,0,none
JE102642,0,none
JE102643,0,none
JE102644,0,none
JE102645,0,none
JE102646,0,none
JE102647,0,none
JE102648,0,none
JE102649,0,none
JE102650,0,none
JE102651,0,none
JE102652,0,none
JE102653,0,none
JE102654,0,none
JE102655,0,none
JE102656,0,none
JE102657,0,none
JE102658,0,none
JE102659,0,none
JE102660,0,none
JE102661,0,none
JE102662,0,none
JE102663,0,none
JE102664,0,none
JE102665,0,none
JE102666,0,none
JE102667,0,none
JE102668,0,none
JE102669,0,none
JE102670,0,none
JE102671,0,none
JE102672,0,none
JE102673,0,none
JE102674,0,none
JE102675,0,none
JE102676,0,none
JE102677,0,none
JE102678,0,none
JE102679,0,none
JE102680,0,none
JE102681,0,none
JE102682,0,none
JE102683,0,none
JE102684,0,none
JE102685,0,none
JE102686,0,none
JE102687,0,none
JE102688,0,none
JE102689,0,none
JE102690,0,none
JE102691,0,none
JE102692,0,none
JE102693,0,none
JE102694,0,none
JE102695,0,none
JE102696,0,none
JE102697,0,none
JE102698,0,none
JE102699,0,none
JE102700,0,none
JE102701,0,none
JE102702,0,none
JE102703,0,none
JE102704,0,none
JE102705,0,none
JE102706,0,none
JE102707,0,none
JE102708,0,none
JE102709,0,none
JE102710,0,none
JE102711,0,none
JE102712,0,none
JE102713,0,none
JE102714,0,none
JE102715,0,none
JE102716,0,none
JE102717,0,none
JE102718,0,none
JE102719,0,none
JE102720,0,none
JE102721,0,none
JE102722,0,none
JE102723,0,none
JE102724,0,none
JE102725,0,none
JE102726,0,none
JE102727,0,none
JE102728,0,none
JE102729,0,none
JE102730,0,none
JE102731,0,none
JE102732,0,none
JE102733,0,none
JE102734,0,none
JE102735,0,none
JE102736,0,none
JE102737,0,none
JE102738,0,none
JE102739,0,none
JE102740,0,none
JE102741,0,none
JE102742,0,none
JE102743,0,none
JE102744,0,none
JE102745,0,none
JE102746,0,none
JE102747,0,none
JE102748,0,none
JE102749,0,none
JE102750,0,none
JE102751,0,none
JE102752,0,none
JE102753,0,none
JE102754,0,none
JE102755,0,none
JE102756,0,none
JE102757,0,none
JE102758,0,none
JE102759,0,none
JE102760,0,none
JE102761,0,none
JE102762,0,none
JE102763,0,none
JE102764,0,none
JE102765,0,none
JE102766,0,none
JE102767,0,none
JE102768,0,none
JE102769,0,none
JE102770,0,none
JE102771,0,none
JE102772,0,none
JE102773,0,none
JE102774,0,none
JE102775,0,none
JE102776,0,none
JE102777,0,none
JE102778,0,none
JE102779,0,none
JE102780,0,none
JE102781,0,none
JE102782,0,none
JE102783,0,none
JE102784,0,none
JE102785,0,none
JE102786,0,none
JE102787,0,none
JE102788,0,none
JE102789,0,none
JE102790,0,none
JE102791,0,none
JE102792,0,none
JE102793,0,none
JE102794,0,none
JE102795,0,none
JE102796,0,none
JE102797,0,none
JE102798,0,none
JE102799,0,none
JE102800,0,none
JE102801,0,none
JE102802,0,none
JE102803,0,none
JE102804,0,none
JE102805,0,none
JE102806,0,none
JE102807,0,none
JE102808,0,none
JE102809,0,none
JE102810,0,none
JE102811,0,none
JE102812,0,none
JE102813,0,none
JE102814,0,none
JE102815,0,none
JE102816,0,none
JE102817,0,none
JE102818,0,none
JE102819,0,none
JE102820,0,none
JE102821,0,none
JE102822,0,none
JE102823,0,none
JE102824,0,none
JE102825,0,none
JE102826,0,none
JE102827,0,none
JE102828,0,none
JE102829,0,none
JE102830,0,none
JE102831,0,none
JE102832,0,none
JE102833,0,none
JE102834,0,none
JE102835,0,none
JE102836,0,none
JE102837,0,none
JE102838,0,none
JE102839,0,none
JE102840,0,none
JE102841,0,none
JE102842,0,none
JE102843,0,none
JE102844,0,none
JE102845,0,none
JE102846,0,none
JE102847,0,none
JE102848,0,none
JE102849,0,none
JE102850,0,none
JE102851,0,none
JE102852,0,none
JE102853,0,none
JE102854,0,none
JE102855,0,none
JE102856,0,none
JE102857,0,none
JE102858,0,none
JE102859,0,none
JE102860,0,none
JE102861,0,none
JE102862,0,none
JE102863,0,none
JE102864,0,none
JE102865,0,none
JE102866,0,none
JE102867,0,none
JE102868,0,none
JE102869,0,none
JE102870,0,none
JE102871,0,none
JE102872,0,none
JE102873,0,none
JE102874,0,none
JE102875,0,none
JE102876,0,none
JE102877,0,none
JE102878,0,none
JE102879,0,none
JE102880,0,none
JE102881,0,none
JE102882,0,none
JE102883,0,none
JE102884,0,none
JE102885,0,none
JE102886,0,none
JE102887,0,none
JE102888,0,none
JE102889,0,none
JE102890,0,none
JE102891,0,none
JE102892,0,none
JE102893,0,none
JE102894,0,none
JE102895,0,none
JE102896,0,none
JE102897,0,none
JE102898,0,none
JE102899,0,none
JE102900,0,none
JE102901,0,none
JE102902,0,none
JE102903,0,none
JE102904,0,none
JE102905,0,none
JE102906,0,none
JE102907,0,none
JE102908,0,none
JE102909,0,none
JE102910,0,none
JE102911,0,none
JE102912,0,none
JE102913,0,none
JE102914,0,none
JE102915,0,none
JE102916,0,none
JE102917,0,none
JE102918,0,none
JE102919,0,none
JE102920,0,none
JE102921,0,none
JE102922,0,none
JE102923,0,none
JE102924,0,none
JE102925,0,none
JE102926,0,none
JE102927,0,none
JE102928,0,none
JE102929,0,none
JE102930,0,none
JE102931,0,none
JE102932,0,none
JE102933,0,none
JE102934,0,none
JE102935,0,none
JE102936,0,none
JE102937,0,none
JE102938,0,none
JE102939,0,none
JE102940,0,none
JE102941,0,none
JE102942,0,none
JE102943,0,none
JE102944,0,none
JE102945,0,none
JE102946,0,none
JE102947,0,none
JE102948,0,none
JE102949,0,none
JE102950,0,none
JE102951,0,none
JE102952,0,none
JE102953,0,none
JE102954,0,none
JE102955,0,none
JE102956,0,none
JE102957,0,none
JE102958,0,none
JE102959,0,none
JE102960,0,none
JE102961,0,none
JE102962,0,none
JE102963,0,none
JE102964,0,none
JE102965,0,none
JE102966,0,none
JE102967,0,none
JE102968,0,none
JE102969,0,none
JE102970,0,none
JE102971,0,none
JE102972,0,none
JE102973,0,none
JE102974,0,none
JE102975,0,none
JE102976,0,none
JE102977,0,none
JE102978,0,none
JE102979,0,none
JE102980,0,none
JE102981,0,none
JE102982,0,none
JE102983,0,none
JE102984,0,none
JE102985,0,none
JE102986,0,none
JE102987,0,none
JE102988,0,none
JE102989,0,none
JE102990,0,none
JE102991,0,none
JE102992,0,none
JE102993,0,none
JE102994,0,none
JE102995,0,none
JE102996,0,none
JE102997,0,none
JE102998,0,none
JE102999,0,none
JE103000,0,none
JE103001,0,none
JE103002,0,none
JE103003,0,none
JE103004,0,none
JE103005,0,none
JE103006,0,none
JE103007,0,none
JE103008,0,none
JE103009,0,none
JE103010,0,none
JE103011,0,none
JE103012,0,none
JE103013,0,none
JE103014,0,none
JE103015,0,none
JE103016,0,none
JE103017,0,none
JE103018,0,none
JE103019,0,none
JE103020,0,none
JE103021,0,none
JE103022,0,none
JE103023,0,none
JE103024,0,none
JE103025,0,none
JE103026,0,none
JE103027,0,none
JE103028,0,none
JE103029,0,none
JE103030,0,none
JE103031,0,none
JE103032,0,none
JE103033,0,none
JE103034,0,none
JE103035,0,none
JE103036,0,none
JE103037,0,none
JE103038,0,none
JE103039,0,none
JE103040,0,none
JE103041,0,none
JE103042,0,none
JE103043,0,none
JE103044,0,none
JE103045,0,none
JE103046,0,none
JE103047,0,none
JE103048,0,none
JE103049,0,none
JE103050,0,none
JE103051,0,none
JE103052,0,none
JE103053,0,none
JE103054,0,none
JE103055,0,none
JE103056,0,none
JE103057,0,none
JE103058,0,none
JE103059,0,none
JE103060,0,none
JE103061,0,none
JE103062,0,none
JE103063,0,none
JE103064,0,none
JE103065,0,none
JE103066,0,none
JE103067,0,none
JE103068,0,none
JE103069,0,none
JE103070,0,none
JE103071,0,none
JE103072,0,none
JE103073,0,none
JE103074,0,none
JE103075,0,none
JE103076,0,none
JE103077,0,none
JE103078,0,none
JE103079,0,none
JE103080,0,none
JE103081,0,none
JE103082,0,none
JE103083,0,none
JE103084,0,none
JE103085,0,none
JE103086,0,none
JE103087,0,none
JE103088,0,none
JE103089,0,none
JE103090,0,none
JE103091,0,none
JE103092,0,none
JE103093,0,none
JE103094,0,none
JE103095,0,none
JE103096,0,none
JE103097,0,none
JE103098,0,none
JE103099,0,none
JE103100,0,none
JE103101,0,none
JE103102,0,none
JE103103,0,none
JE103104,0,none
JE103105,0,none
JE103106,0,none
JE103107,0,none
JE103108,0,none
JE103109,0,none
JE103110,0,none
JE103111,0,none
JE103112,0,none
JE103113,0,none
JE103114,0,none
JE103115,0,none
JE103116,0,none
JE103117,0,none
JE103118,0,none
JE103119,0,none
JE103120,0,none
JE103121,0,none
JE103122,0,none
JE103123,0,none
JE103124,0,none
JE103125,0,none
JE103126,0,none
JE103127,0,none
JE103128,0,none
JE103129,0,none
JE103130,0,none
JE103131,0,none
JE103132,0,none
JE103133,0,none
JE103134,0,none
JE103135,0,none
JE103136,0,none
JE103137,0,none
JE103138,0,none
JE103139,0,none
JE103140,0,none
JE103141,0,none
JE103142,0,none
JE103143,0,none
JE103144,0,none
JE103145,0,none
JE103146,0,none
JE103147,0,none
JE103148,0,none
JE103149,0,none
JE103150,0,none
JE103151,0,none
JE103152,0,none
JE103153,0,none
JE103154,0,none
JE103155,0,none
JE103156,0,none
JE103157,0,none
JE103158,0,none
JE103159,0,none
JE103160,0,none
JE103161,0,none
JE103162,0,none
JE103163,0,none
JE103164,0,none
JE103165,0,none
JE103166,0,none
JE103167,0,none
JE103168,0,none
JE103169,0,none
JE103170,0,none
JE103171,0,none
JE103172,0,none
JE103173,0,none
JE103174,0,none
JE103175,0,none
JE103176,0,none
JE103177,0,none
JE103178,0,none
JE103179,0,none
JE103180,0,none
JE103181,0,none
JE103182,0,none
JE103183,0,none
JE103184,0,none
JE103185,0,none
JE103186,0,none
JE103187,0,none
JE103188,0,none
JE103189,0,none
JE103190,0,none
JE103191,0,none
JE103192,0,none
JE103193,0,none
JE103194,0,none
JE103195,0,none
JE103196,0,none
JE103197,0,none
JE103198,0,none
JE103199,0,none
JE103200,0,none
JE103201,0,none
JE103202,0,none
JE103203,0,none
JE103204,0,none
JE103205,0,none
JE103206,0,none
JE103207,0,none
JE103208,0,none
JE103209,0,none
JE103210,0,none
JE103211,0,none
JE103212,0,none
JE103213,0,none
JE103214,0,none
JE103215,0,none
JE103216,0,none
JE103217,0,none
JE103218,0,none
JE103219,0,none
JE103220,0,none
JE103221,0,none
JE103222,0,none
JE103223,0,none
JE103224,0,none
JE103225,0,none
JE103226,0,none
JE103227,0,none
JE103228,0,none
JE103229,0,none
JE103230,0,none
JE103231,0,none
JE103232,0,none
JE103233,0,none
JE103234,0,none
JE103235,0,none
JE103236,0,none
JE103237,0,none
JE103238,0,none
JE103239,0,none
JE103240,0,none
JE103241,0,none
JE103242,0,none
JE103243,0,none
JE103244,0,none
JE103245,0,none
JE103246,0,none
JE103247,0,none
JE103248,0,none
JE103249,0,none
JE103250,0,none
JE103251,0,none
JE103252,0,none
JE103253,0,none
JE103254,0,none
JE103255,0,none
JE103256,0,none
JE103257,0,none
JE103258,0,none
JE103259,0,none
JE103260,0,none
JE103261,0,none
JE103262,0,none
JE103263,0,none
JE103264,0,none
JE103265,0,none
JE103266,0,none
JE103267,0,none
JE103268,0,none
JE103269,0,none
JE103270,0,none
JE103271,0,none
JE103272,0,none
JE103273,0,none
JE103274,0,none
JE103275,0,none
JE103276,0,none
JE103277,0,none
JE103278,0,none
JE103279,0,none
JE103280,0,none
JE103281,0,none
JE103282,0,none
JE103283,0,none
JE103284,0,none
JE103285,0,none
JE103286,0,none
JE103287,0,none
JE103288,0,none
JE103289,0,none
JE103290,0,none
JE103291,0,none
JE103292,0,none
JE103293,0,none
JE103294,0,none
JE103295,0,none
JE103296,0,none
JE103297,0,none
JE103298,0,none
JE103299,0,none
JE103300,0,none
JE103301,0,none
JE103302,0,none
JE103303,0,none
JE103304,0,none
JE103305,0,none
JE103306,0,none
JE103307,0,none
JE103308,0,none
JE103309,0,none
JE103310,0,none
JE103311,0,none
JE103312,0,none
JE103313,0,none
JE103314,0,none
JE103315,0,none
JE103316,0,none
JE103317,0,none
JE103318,0,none
JE103319,0,none
JE103320,0,none
JE103321,0,none
JE103322,0,none
JE103323,0,none
JE103324,0,none
JE103325,0,none
JE103326,0,none
JE103327,0,none
JE103328,0,none
JE103329,0,none
JE103330,0,none
JE103331,0,none
JE103332,0,none
JE103333,0,none
JE103334,0,none
JE103335,0,none
JE103336,0,none
JE103337,0,none
JE103338,0,none
JE103339,0,none
JE103340,0,none
JE103341,0,none
JE103342,0,none
JE103343,0,none
JE103344,0,none
JE103345,0,none
JE103346,0,none
JE103347,0,none
JE103348,0,none
JE103349,0,none
JE103350,0,none
JE103351,0,none
JE103352,0,none
JE103353,0,none
JE103354,0,none
JE103355,0,none
JE103356,0,none
JE103357,0,none
JE103358,0,none
JE103359,0,none
JE103360,0,none
JE103361,0,none
JE103362,0,none
JE103363,0,none
JE103364,0,none
JE103365,0,none
JE103366,0,none
JE103367,0,none
JE103368,0,none
JE103369,0,none
JE103370,0,none
JE103371,0,none
JE103372,0,none
JE103373,0,none
JE103374,0,none
JE103375,0,none
JE103376,0,none
JE103377,0,none
JE103378,0,none
JE103379,0,none
JE103380,0,none
JE103381,0,none
JE103382,0,none
JE103383,0,none
JE103384,0,none
JE103385,0,none
JE103386,0,none
JE103387,0,none
JE103388,0,none
JE103389,0,none
JE103390,0,none
JE103391,0,none
JE103392,0,none
JE103393,0,none
JE103394,0,none
JE103395,0,none
JE103396,0,none
JE103397,0,none
JE103398,0,none
JE103399,0,none
JE103400,0,none
JE103401,0,none
JE103402,0,none
JE103403,0,none
JE103404,0,none
JE103405,0,none
JE103406,0,none
JE103407,0,none
JE103408,0,none
JE103409,0,none
JE103410,0,none
JE103411,0,none
JE103412,0,none
JE103413,0,none
JE103414,0,none
JE103415,0,none
JE103416,0,none
JE103417,0,none
JE103418,0,none
JE103419,0,none
JE103420,0,none
JE103421,0,none
JE103422,0,none
JE103423,0,none
JE103424,0,none
JE103425,0,none
JE103426,0,none
JE103427,0,none
JE103428,0,none
JE103429,0,none
JE103430,0,none
JE103431,0,none
JE103432,0,none
JE103433,0,none
JE103434,0,none
JE103435,0,none
JE103436,0,none
JE103437,0,none
JE103438,0,none
JE103439,0,none
JE103440,0,none
JE103441,0,none
JE103442,0,none
JE103443,0,none
JE103444,0,none
JE103445,0,none
JE103446,0,none
JE103447,0,none
JE103448,0,none
JE103449,0,none
JE103450,0,none
JE103451,0,none
JE103452,0,none
JE103453,0,none
JE103454,0,none
JE103455,0,none
JE103456,0,none
JE103457,0,none
JE103458,0,none
JE103459,0,none
JE103460,0,none
JE103461,0,none
JE103462,0,none
JE103463,0,none
JE103464,0,none
JE103465,0,none
JE103466,0,none
JE103467,0,none
JE103468,0,none
JE103469,0,none
JE103470,0,none
JE103471,0,none
JE103472,0,none
JE103473,0,none
JE103474,0,none
JE103475,0,none
JE103476,0,none
JE103477,0,none
JE103478,0,none
JE103479,0,none
JE103480,0,none
JE103481,0,none
JE103482,0,none
JE103483,0,none
JE103484,0,none
JE103485,0,none
JE103486,0,none
JE103487,0,none
JE103488,0,none
JE103489,0,none
JE103490,0,none
JE103491,0,none
JE103492,0,none
JE103493,0,none
JE103494,0,none
JE103495,0,none
JE103496,0,none
JE103497,0,none
JE103498,0,none
JE103499,0,none
JE103500,0,none
JE103501,0,none
JE103502,0,none
JE103503,0,none
JE103504,0,none
JE103505,0,none
JE103506,0,none
JE103507,0,none
JE103508,0,none
JE103509,0,none
JE103510,0,none
JE103511,0,none
JE103512,0,none
JE103513,0,none
JE103514,0,none
JE103515,0,none
JE103516,0,none
JE103517,0,none
JE103518,0,none
JE103519,0,none
JE103520,0,none
JE103521,0,none
JE103522,0,none
JE103523,0,none
JE103524,0,none
JE103525,0,none
JE103526,0,none
JE103527,0,none
JE103528,0,none
JE103529,0,none
JE103530,0,none
JE103531,0,none
JE103532,0,none
JE103533,0,none
JE103534,0,none
JE103535,0,none
JE103536,0,none
JE103537,0,none
JE103538,0,none
JE103539,0,none
JE103540,0,none
JE103541,0,none
JE103542,0,none
JE103543,0,none
JE103544,0,none
JE103545,0,none
JE103546,0,none
JE103547,0,none
JE103548,0,none
JE103549,0,none
JE103550,0,none
JE103551,0,none
JE103552,0,none
JE103553,0,none
JE103554,0,none
JE103555,0,none
JE103556,0,none
JE103557,0,none
JE103558,0,none
JE103559,0,none
JE103560,0,none
JE103561,0,none
JE103562,0,none
JE103563,0,none
JE103564,0,none
JE103565,0,none
JE103566,0,none
JE103567,0,none
JE103568,0,none
JE103569,0,none
JE103570,0,none
JE103571,0,none
JE103572,0,none
JE103573,0,none
JE103574,0,none
JE103575,0,none
JE103576,0,none
JE103577,0,none
JE103578,0,none
JE103579,0,none
JE103580,0,none
JE103581,0,none
JE103582,0,none
JE103583,0,none
JE103584,0,none
JE103585,0,none
JE103586,0,none
JE103587,0,none
JE103588,0,none
JE103589,0,none
JE103590,0,none
JE103591,0,none
JE103592,0,none
JE103593,0,none
JE103594,0,none
JE103595,0,none
JE103596,0,none
JE103597,0,none
JE103598,0,none
JE103599,0,none
JE103600,0,none
JE103601,0,none
JE103602,0,none
JE103603,0,none
JE103604,0,none
JE103605,0,none
JE103606,0,none
JE103607,0,none
JE103608,0,none
JE103609,0,none
JE103610,0,none
JE103611,0,none
JE103612,0,none
JE103613,0,none
JE103614,0,none
JE103615,0,none
JE103616,0,none
JE103617,0,none
JE103618,0,none
JE103619,0,none
JE103620,0,none
JE103621,0,none
JE103622,0,none
JE103623,0,none
JE103624,0,none
JE103625,0,none
JE103626,0,none
JE103627,0,none
JE103628,0,none
JE103629,0,none
JE103630,0,none
JE103631,0,none
JE103632,0,none
JE103633,0,none
JE103634,0,none
JE103635,0,none
JE103636,0,none
JE103637,0,none
JE103638,0,none
JE103639,0,none
JE103640,0,none
JE103641,0,none
JE103642,0,none
JE103643,0,none
JE103644,0,none
JE103645,0,none
JE103646,0,none
JE103647,0,none
JE103648,0,none
JE103649,0,none
JE103650,0,none
JE103651,0,none
JE103652,0,none
JE103653,0,none
JE103654,0,none
JE103655,0,none
JE103656,0,none
JE103657,0,none
JE103658,0,none
JE103659,0,none
JE103660,0,none
JE103661,0,none
JE103662,0,none
JE103663,0,none
JE103664,0,none
JE103665,0,none
JE103666,0,none
JE103667,0,none
JE103668,0,none
JE103669,0,none
JE103670,0,none
JE103671,0,none
JE103672,0,none
JE103673,0,none
JE103674,0,none
JE103675,0,none
JE103676,0,none
JE103677,0,none
JE103678,0,none
JE103679,0,none
JE103680,0,none
JE103681,0,none
JE103682,0,none
JE103683,0,none
JE103684,0,none
JE103685,0,none
JE103686,0,none
JE103687,0,none
JE103688,0,none
JE103689,0,none
JE103690,0,none
JE103691,0,none
JE103692,0,none
JE103693,0,none
JE103694,0,none
JE103695,0,none
JE103696,0,none
JE103697,0,none
JE103698,0,none
JE103699,0,none
JE103700,0,none
JE103701,0,none
JE103702,0,none
JE103703,0,none
JE103704,0,none
JE103705,0,none
JE103706,0,none
JE103707,0,none
JE103708,0,none
JE103709,0,none
JE103710,0,none
JE103711,0,none
JE103712,0,none
JE103713,0,none
JE103714,0,none
JE103715,0,none
JE103716,0,none
JE103717,0,none
JE103718,0,none
JE103719,0,none
JE103720,0,none
JE103721,0,none
JE103722,0,none
JE103723,0,none
JE103724,0,none
JE103725,0,none
JE103726,0,none
JE103727,0,none
JE103728,0,none
JE103729,0,none
JE103730,0,none
JE103731,0,none
JE103732,0,none
JE103733,0,none
JE103734,0,none
JE103735,0,none
JE103736,0,none
JE103737,0,none
JE103738,0,none
JE103739,0,none
JE103740,0,none
JE103741,0,none
JE103742,0,none
JE103743,0,none
JE103744,0,none
JE103745,0,none
JE103746,0,none
JE103747,0,none
JE103748,0,none
JE103749,0,none
JE103750,0,none
JE103751,0,none
JE103752,0,none
JE103753,0,none
JE103754,0,none
JE103755,0,none
JE103756,0,none
JE103757,0,none
JE103758,0,none
JE103759,0,none
JE103760,0,none
JE103761,0,none
JE103762,0,none
JE103763,0,none
JE103764,0,none
JE103765,0,none
JE103766,0,none
JE103767,0,none
JE103768,0,none
JE103769,0,none
JE103770,0,none
JE103771,0,none
JE103772,0,none
JE103773,0,none
JE103774,0,none
JE103775,0,none
JE103776,0,none
JE103777,0,none
JE103778,0,none
JE103779,0,none
JE103780,0,none
JE103781,0,none
JE103782,0,none
JE103783,0,none
JE103784,0,none
JE103785,0,none
JE103786,0,none
JE103787,0,none
JE103788,0,none
JE103789,0,none
JE103790,0,none
JE103791,0,none
JE103792,0,none
JE103793,0,none
JE103794,0,none
JE103795,0,none
JE103796,0,none
JE103797,0,none
JE103798,0,none
JE103799,0,none
JE103800,0,none
JE103801,0,none
JE103802,0,none
JE103803,0,none
JE103804,0,none
JE103805,0,none
JE103806,0,none
JE103807,0,none
JE103808,0,none
JE103809,0,none
JE103810,0,none
JE103811,0,none
JE103812,0,none
JE103813,0,none
JE103814,0,none
JE103815,0,none
JE103816,0,none
JE103817,0,none
JE103818,0,none
JE103819,0,none
JE103820,0,none
JE103821,0,none
JE103822,0,none
JE103823,0,none
JE103824,0,none
JE103825,0,none
JE103826,0,none
JE103827,0,none
JE103828,0,none
JE103829,0,none
JE103830,0,none
JE103831,0,none
JE103832,0,none
JE103833,0,none
JE103834,0,none
JE103835,0,none
JE103836,0,none
JE103837,0,none
JE103838,0,none
JE103839,0,none
JE103840,0,none
JE103841,0,none
JE103842,0,none
JE103843,0,none
JE103844,0,none
JE103845,0,none
JE103846,0,none
JE103847,0,none
JE103848,0,none
JE103849,0,none
JE103850,0,none
JE103851,0,none
JE103852,0,none
JE103853,0,none
JE103854,0,none
JE103855,0,none
JE103856,0,none
JE103857,0,none
JE103858,0,none
JE103859,0,none
JE103860,0,none
JE103861,0,none
JE103862,0,none
JE103863,0,none
JE103864,0,none
JE103865,0,none
JE103866,0,none
JE103867,0,none
JE103868,0,none
JE103869,0,none
JE103870,0,none
JE103871,0,none
JE103872,0,none
JE103873,0,none
JE103874,0,none
JE103875,0,none
JE103876,0,none
JE103877,0,none
JE103878,0,none
JE103879,0,none
JE103880,0,none
JE103881,0,none
JE103882,0,none
JE103883,0,none
JE103884,0,none
JE103885,0,none
JE103886,0,none
JE103887,0,none
JE103888,0,none
JE103889,0,none
JE103890,0,none
JE103891,0,none
JE103892,0,none
JE103893,0,none
JE103894,0,none
JE103895,0,none
JE103896,0,none
JE103897,0,none
JE103898,0,none
JE103899,0,none
JE103900,0,none
JE103901,0,none
JE103902,0,none
JE103903,0,none
JE103904,0,none
JE103905,0,none
JE103906,0,none
JE103907,0,none
JE103908,0,none
JE103909,0,none
JE103910,0,none
JE103911,0,none
JE103912,0,none
JE103913,0,none
JE103914,0,none
JE103915,0,none
JE103916,0,none
JE103917,0,none
JE103918,0,none
JE103919,0,none
JE103920,0,none
JE103921,0,none
JE103922,0,none
JE103923,0,none
JE103924,0,none
JE103925,0,none
JE103926,0,none
JE103927,0,none
JE103928,0,none
JE103929,0,none
JE103930,0,none
JE103931,0,none
JE103932,0,none
JE103933,0,none
JE103934,0,none
JE103935,0,none
JE103936,0,none
JE103937,0,none
JE103938,0,none
JE103939,0,none
JE103940,0,none
JE103941,0,none
JE103942,0,none
JE103943,0,none
JE103944,0,none
JE103945,0,none
JE103946,0,none
JE103947,0,none
JE103948,0,none
JE103949,0,none
JE103950,0,none
JE103951,0,none
JE103952,0,none
JE103953,0,none
JE103954,0,none
JE103955,0,none
JE103956,0,none
JE103957,0,none
JE103958,0,none
JE103959,0,none
JE103960,0,none
JE103961,0,none
JE103962,0,none
JE103963,0,none
JE103964,0,none
JE103965,0,none
JE103966,0,none
JE103967,0,none
JE103968,0,none
JE103969,0,none
JE103970,0,none
JE103971,0,none
JE103972,0,none
JE103973,0,none
JE103974,0,none
JE103975,0,none
JE103976,0,none
JE103977,0,none
JE103978,0,none
JE103979,0,none
JE103980,0,none
JE103981,0,none
JE103982,0,none
JE103983,0,none
JE103984,0,none
JE103985,0,none
JE103986,0,none
JE103987,0,none
JE103988,0,none
JE103989,0,none
JE103990,0,none
JE103991,0,none
JE103992,0,none
JE103993,0,none
JE103994,0,none
JE103995,0,none
JE103996,0,none
JE103997,0,none
JE103998,0,none
JE103999,0,none
JE104000,0,none
JE104001,0,none
JE104002,0,none
JE104003,0,none
JE104004,0,none
JE104005,0,none
JE104006,0,none
JE104007,0,none
JE104008,0,none
JE104009,0,none
JE104010,0,none
JE104011,0,none
JE104012,0,none
JE104013,0,none
JE104014,0,none
JE104015,0,none
JE104016,0,none
JE104017,0,none
JE104018,0,none
JE104019,0,none
JE104020,0,none
JE104021,0,none
JE104022,0,none
JE104023,0,none
JE104024,0,none
JE104025,0,none
JE104026,0,none
JE104027,0,none
JE104028,0,none
JE104029,0,none
JE104030,0,none
JE104031,0,none
JE104032,0,none
JE104033,0,none
JE104034,0,none
JE104035,0,none
JE104036,0,none
JE104037,0,none
JE104038,0,none
JE104039,0,none
JE104040,0,none
JE104041,0,none
JE104042,0,none
JE104043,0,none
JE104044,0,none
JE104045,0,none
JE104046,0,none
JE104047,0,none
JE104048,0,none
JE104049,0,none
JE104050,0,none
JE104051,0,none
JE104052,0,none
JE104053,0,none
JE104054,0,none
JE104055,0,none
JE104056,0,none
JE104057,0,none
JE104058,0,none
JE104059,0,none
JE104060,0,none
JE104061,0,none
JE104062,0,none
JE104063,0,none
JE104064,0,none
JE104065,0,none
JE104066,0,none
JE104067,0,none
JE104068,0,none
JE104069,0,none
JE104070,0,none
JE104071,0,none
JE104072,0,none
JE104073,0,none
JE104074,0,none
JE104075,0,none
JE104076,0,none
JE104077,0,none
JE104078,0,none
JE104079,0,none
JE104080,0,none
JE104081,0,none
JE104082,0,none
JE104083,0,none
JE104084,0,none
JE104085,0,none
JE104086,0,none
JE104087,0,none
JE104088,0,none
JE104089,0,none
JE104090,0,none
JE104091,0,none
JE104092,0,none
JE104093,0,none
JE104094,0,none
JE104095,0,none
JE104096,0,none
JE104097,0,none
JE104098,0,none
JE104099,0,none
JE104100,0,none
JE104101,0,none
JE104102,0,none
JE104103,0,none
JE104104,0,none
JE104105,0,none
JE104106,0,none
JE104107,0,none
JE104108,0,none
JE104109,0,none
JE104110,0,none
JE104111,0,none
JE104112,0,none
JE104113,0,none
JE104114,0,none
JE104115,0,none
JE104116,0,none
JE104117,0,none
JE104118,0,none
JE104119,0,none
JE104120,0,none
JE104121,0,none
JE104122,0,none
JE104123,0,none
JE104124,0,none
JE104125,0,none
JE104126,0,none
JE104127,0,none
JE104128,0,none
JE104129,0,none
JE104130,0,none
JE104131,0,none
JE104132,0,none
JE104133,0,none
JE104134,0,none
JE104135,0,none
JE104136,0,none
JE104137,0,none
JE104138,0,none
JE104139,0,none
JE104140,0,none
JE104141,0,none
JE104142,0,none
JE104143,0,none
JE104144,0,none
JE104145,0,none
JE104146,0,none
JE104147,0,none
JE104148,0,none
JE104149,0,none
JE104150,0,none
JE104151,0,none
JE104152,0,none
JE104153,0,none
JE104154,0,none
JE104155,0,none
JE104156,0,none
JE104157,0,none
JE104158,0,none
JE104159,0,none
JE104160,0,none
JE104161,0,none
JE104162,0,none
JE104163,0,none
JE104164,0,none
JE104165,0,none
JE104166,0,none
JE104167,0,none
JE104168,0,none
JE104169,0,none
JE104170,0,none
JE104171,0,none
JE104172,0,none
JE104173,0,none
JE104174,0,none
JE104175,0,none
JE104176,0,none
JE104177,0,none
JE104178,0,none
JE104179,0,none
JE104180,0,none
JE104181,0,none
JE104182,0,none
JE104183,0,none
JE104184,0,none
JE104185,0,none
JE104186,0,none
JE104187,0,none
JE104188,0,none
JE104189,0,none
JE104190,0,none
JE104191,0,none
JE104192,0,none
JE104193,0,none
JE104194,0,none
JE104195,0,none
JE104196,0,none
JE104197,0,none
JE104198,0,none
JE104199,0,none
JE104200,0,none
JE104201,0,none
JE104202,0,none
JE104203,0,none
JE104204,0,none
JE104205,0,none
JE104206,0,none
JE104207,0,none
JE104208,0,none
JE104209,0,none
JE104210,0,none
JE104211,0,none
JE104212,0,none
JE104213,0,none
JE104214,0,none
JE104215,0,none
JE104216,0,none
JE104217,0,none
JE104218,0,none
JE104219,0,none
JE104220,0,none
JE104221,0,none
JE104222,0,none
JE104223,0,none
JE104224,0,none
JE104225,0,none
JE104226,0,none
JE104227,0,none
JE104228,0,none
JE104229,0,none
JE104230,0,none
JE104231,0,none
JE104232,0,none
JE104233,0,none
JE104234,0,none
JE104235,0,none
JE104236,0,none
JE104237,0,none
JE104238,0,none
JE104239,0,none
JE104240,0,none
JE104241,0,none
JE104242,0,none
JE104243,0,none
JE104244,0,none
JE104245,0,none
JE104246,0,none
JE104247,0,none
JE104248,0,none
JE104249,0,none
JE104250,0,none
JE104251,0,none
JE104252,0,none
JE104253,0,none
JE104254,0,none
JE104255,0,none
JE104256,0,none
JE104257,0,none
JE104258,0,none
JE104259,0,none
JE104260,0,none
JE104261,0,none
JE104262,0,none
JE104263,0,none
JE104264,0,none
JE104265,0,none
JE104266,0,none
JE104267,0,none
JE104268,0,none
JE104269,0,none
JE104270,0,none
JE104271,0,none
JE104272,0,none
JE104273,0,none
JE104274,0,none
JE104275,0,none
JE104276,0,none
JE104277,0,none
JE104278,0,none
JE104279,0,none
JE104280,0,none
JE104281,0,none
JE104282,0,none
JE104283,0,none
JE104284,0,none
JE104285,0,none
JE104286,0,none
JE104287,0,none
JE104288,0,none
JE104289,0,none
JE104290,0,none
JE104291,0,none
JE104292,0,none
JE104293,0,none
JE104294,0,none
JE104295,0,none
JE104296,0,none
JE104297,0,none
JE104298,0,none
JE104299,0,none
JE104300,0,none
JE104301,0,none
JE104302,0,none
JE104303,0,none
JE104304,0,none
JE104305,0,none
JE104306,0,none
JE104307,0,none
JE104308,0,none
JE104309,0,none
JE104310,0,none
JE104311,0,none
JE104312,0,none
JE104313,0,none
JE104314,0,none
JE104315,0,none
JE104316,0,none
JE104317,0,none
JE104318,0,none
JE104319,0,none
JE104320,0,none
JE104321,0,none
JE104322,0,none
JE104323,0,none
JE104324,0,none
JE104325,0,none
JE104326,0,none
JE104327,0,none
JE104328,0,none
JE104329,0,none
JE104330,0,none
JE104331,0,none
JE104332,0,none
JE104333,0,none
JE104334,0,none
JE104335,0,none
JE104336,0,none
JE104337,0,none
JE104338,0,none
JE104339,0,none
JE104340,0,none
JE104341,0,none
JE104342,0,none
JE104343,0,none
JE104344,0,none
JE104345,0,none
JE104346,0,none
JE104347,0,none
JE104348,0,none
JE104349,0,none
JE104350,0,none
JE104351,0,none
JE104352,0,none
JE104353,0,none
JE104354,0,none
JE104355,0,none
JE104356,0,none
JE104357,0,none
JE104358,0,none
JE104359,0,none
JE104360,0,none
JE104361,0,none
JE104362,0,none
JE104363,0,none
JE104364,0,none
JE104365,0,none
JE104366,0,none
JE104367,0,none
JE104368,0,none
JE104369,0,none
JE104370,0,none
JE104371,0,none
JE104372,0,none
JE104373,0,none
JE104374,0,none
JE104375,0,none
JE104376,0,none
JE104377,0,none
JE104378,0,none
JE104379,0,none
JE104380,0,none
JE104381,0,none
JE104382,0,none
JE104383,0,none
JE104384,0,none
JE104385,0,none
JE104386,0,none
JE104387,0,none
JE104388,0,none
JE104389,0,none
JE104390,0,none
JE104391,0,none
JE104392,0,none
JE104393,0,none
JE104394,0,none
JE104395,0,none
JE104396,0,none
JE104397,0,none
JE104398,0,none
JE104399,0,none
JE104400,0,none
JE104401,0,none
JE104402,0,none
JE104403,0,none
JE104404,0,none
JE104405,0,none
JE104406,0,none
JE104407,0,none
JE104408,0,none
JE104409,0,none
JE104410,0,none
JE104411,0,none
JE104412,0,none
JE104413,0,none
JE104414,0,none
JE104415,0,none
JE104416,0,none
JE104417,0,none
JE104418,0,none
JE104419,0,none
JE104420,0,none
JE104421,0,none
JE104422,0,none
JE104423,0,none
JE104424,0,none
JE104425,0,none
JE104426,0,none
JE104427,0,none
JE104428,0,none
JE104429,0,none
JE104430,0,none
JE104431,0,none
JE104432,0,none
JE104433,0,none
JE104434,0,none
JE104435,0,none
JE104436,0,none
JE104437,0,none
JE104438,0,none
JE104439,0,none
JE104440,0,none
JE104441,0,none
JE104442,0,none
JE104443,0,none
JE104444,0,none
JE104445,0,none
JE104446,0,none
JE104447,0,none
JE104448,0,none
JE104449,0,none
JE104450,0,none
JE104451,0,none
JE104452,0,none
JE104453,0,none
JE104454,0,none
JE104455,0,none
JE104456,0,none
JE104457,0,none
JE104458,0,none
JE104459,0,none
JE104460,0,none
JE104461,0,none
JE104462,0,none
JE104463,0,none
JE104464,0,none
JE104465,0,none
JE104466,0,none
JE104467,0,none
JE104468,0,none
JE104469,0,none
JE104470,0,none
JE104471,0,none
JE104472,0,none
JE104473,0,none
JE104474,0,none
JE104475,0,none
JE104476,0,none
JE104477,0,none
JE104478,0,none
JE104479,0,none
JE104480,0,none
JE104481,0,none
JE104482,0,none
JE104483,0,none
JE104484,0,none
JE104485,0,none
JE104486,0,none
JE104487,0,none
JE104488,0,none
JE104489,0,none
JE104490,0,none
JE104491,0,none
JE104492,0,none
JE104493,0,none
JE104494,0,none
JE104495,0,none
JE104496,0,none
JE104497,0,none
JE104498,0,none
JE104499,0,none
JE104500,0,none
JE104501,0,none
JE104502,0,none
JE104503,0,none
JE104504,0,none
JE104505,0,none
JE104506,0,none
JE104507,0,none
JE104508,0,none
JE104509,0,none
JE104510,0,none
JE104511,0,none
JE104512,0,none
JE104513,0,none
JE104514,0,none
JE104515,0,none
JE104516,0,none
JE104517,0,none
JE104518,0,none
JE104519,0,none
JE104520,0,none
JE104521,0,none
JE104522,0,none
JE104523,0,none
JE104524,0,none
JE104525,0,none
JE104526,0,none
JE104527,0,none
JE104528,0,none
JE104529,0,none
JE104530,0,none
JE104531,0,none
JE104532,0,none
JE104533,0,none
JE104534,0,none
JE104535,0,none
JE104536,0,none
JE104537,0,none
JE104538,0,none
JE104539,0,none
JE104540,0,none
JE104541,0,none
JE104542,0,none
JE104543,0,none
JE104544,0,none
JE104545,0,none
JE104546,0,none
JE104547,0,none
JE104548,0,none
JE104549,0,none
JE104550,0,none
JE104551,0,none
JE104552,0,none
JE104553,0,none
JE104554,0,none
JE104555,0,none
JE104556,0,none
JE104557,0,none
JE104558,0,none
JE104559,0,none
JE104560,0,none
JE104561,0,none
JE104562,0,none
JE104563,0,none
JE104564,0,none
JE104565,0,none
JE104566,0,none
JE104567,0,none
JE104568,0,none
JE104569,0,none
JE104570,0,none
JE104571,0,none
JE104572,0,none
JE104573,0,none
JE104574,0,none
JE104575,0,none
JE104576,0,none
JE104577,0,none
JE104578,0,none
JE104579,0,none
JE104580,0,none
JE104581,0,none
JE104582,0,none
JE104583,0,none
JE104584,0,none
JE104585,0,none
JE104586,0,none
JE104587,0,none
JE104588,0,none
JE104589,0,none
JE104590,0,none
JE104591,0,none
JE104592,0,none
JE104593,0,none
JE104594,0,none
JE104595,0,none
JE104596,0,none
JE104597,0,none
JE104598,0,none
JE104599,0,none
JE104600,0,none
JE104601,0,none
JE104602,0,none
JE104603,0,none
JE104604,0,none
JE104605,0,none
JE104606,0,none
JE104607,0,none
JE104608,0,none
JE104609,0,none
JE104610,0,none
JE104611,0,none
JE104612,0,none
JE104613,0,none
JE104614,0,none
JE104615,0,none
JE104616,0,none
JE104617,0,none
JE104618,0,none
JE104619,0,none
JE104620,0,none
JE104621,0,none
JE104622,0,none
JE104623,0,none
JE104624,0,none
JE104625,0,none
JE104626,0,none
JE104627,0,none
JE104628,0,none
JE104629,0,none
JE104630,0,none
JE104631,0,none
JE104632,0,none
JE104633,0,none
JE104634,0,none
JE104635,0,none
JE104636,0,none
JE104637,0,none
JE104638,0,none
JE104639,0,none
JE104640,0,none
JE104641,0,none
JE104642,0,none
JE104643,0,none
JE104644,0,none
JE104645,0,none
JE104646,0,none
JE104647,0,none
JE104648,0,none
JE104649,0,none
JE104650,0,none
JE104651,0,none
JE104652,0,none
JE104653,0,none
JE104654,0,none
JE104655,0,none
JE104656,0,none
JE104657,0,none
JE104658,0,none
JE104659,0,none
JE104660,0,none
JE104661,0,none
JE104662,0,none
JE104663,0,none
JE104664,0,none
JE104665,0,none
JE104666,0,none
JE104667,0,none
JE104668,0,none
JE104669,0,none
JE104670,0,none
JE104671,0,none
JE104672,0,none
JE104673,0,none
JE104674,0,none
JE104675,0,none
JE104676,0,none
JE104677,0,none
JE104678,0,none
JE104679,0,none
JE104680,0,none
JE104681,0,none
JE104682,0,none
JE104683,0,none
JE104684,0,none
JE104685,0,none
JE104686,0,none
JE104687,0,none
JE104688,0,none
JE104689,0,none
JE104690,0,none
JE104691,0,none
JE104692,0,none
JE104693,0,none
JE104694,0,none
JE104695,0,none
JE104696,0,none
JE104697,0,none
JE104698,0,none
JE104699,0,none
JE104700,0,none
JE104701,0,none
JE104702,0,none
JE104703,0,none
JE104704,0,none
JE104705,0,none
JE104706,0,none
JE104707,0,none
JE104708,0,none
JE104709,0,none
JE104710,0,none
JE104711,0,none
JE104712,0,none
JE104713,0,none
JE104714,0,none
JE104715,0,none
JE104716,0,none
JE104717,0,none
JE104718,0,none
JE104719,0,none
JE104720,0,none
JE104721,0,none
JE104722,0,none
JE104723,0,none
JE104724,0,none
JE104725,0,none
JE104726,0,none
JE104727,0,none
JE104728,0,none
JE104729,0,none
JE104730,0,none
JE104731,0,none
JE104732,0,none
JE104733,0,none
JE104734,0,none
JE104735,0,none
JE104736,0,none
JE104737,0,none
JE104738,0,none
JE104739,0,none
JE104740,0,none
JE104741,0,none
JE104742,0,none
JE104743,0,none
JE104744,0,none
JE104745,0,none
JE104746,0,none
JE104747,0,none
JE104748,0,none
JE104749,0,none
JE104750,0,none
JE104751,0,none
JE104752,0,none
JE104753,0,none
JE104754,0,none
JE104755,0,none
JE104756,0,none
JE104757,0,none
JE104758,0,none
JE104759,0,none
JE104760,0,none
JE104761,0,none
JE104762,0,none
JE104763,0,none
JE104764,0,none
JE104765,0,none
JE104766,0,none
JE104767,0,none
JE104768,0,none
JE104769,0,none
JE104770,0,none
JE104771,0,none
JE104772,0,none
JE104773,0,none
JE104774,0,none
JE104775,0,none
JE104776,0,none
JE104777,0,none
JE104778,0,none
JE104779,0,none
JE104780,0,none
JE104781,0,none
JE104782,0,none
JE104783,0,none
JE104784,0,none
JE104785,0,none
JE104786,0,none
JE104787,0,none
JE104788,0,none
JE104789,0,none
JE104790,0,none
JE104791,0,none
JE104792,0,none
JE104793,0,none
JE104794,0,none
JE104795,0,none
JE104796,0,none
JE104797,0,none
JE104798,0,none
JE104799,0,none
JE104800,0,none
JE104801,0,none
JE104802,0,none
JE104803,0,none
JE104804,0,none
JE104805,0,none
JE104806,0,none
JE104807,0,none
JE104808,0,none
JE104809,0,none
JE104810,0,none
JE104811,0,none
JE104812,0,none
JE104813,0,none
JE104814,0,none
JE104815,0,none
JE104816,0,none
JE104817,0,none
JE104818,0,none
JE104819,0,none
JE104820,0,none
JE104821,0,none
JE104822,0,none
JE104823,0,none
JE104824,0,none
JE104825,0,none
JE104826,0,none
JE104827,0,none
JE104828,0,none
JE104829,0,none
JE104830,0,none
JE104831,0,none
JE104832,0,none
JE104833,0,none
JE104834,0,none
JE104835,0,none
JE104836,0,none
JE104837,0,none
JE104838,0,none
JE104839,0,none
JE104840,0,none
JE104841,0,none
JE104842,0,none
JE104843,0,none
JE104844,0,none
JE104845,0,none
JE104846,0,none
JE104847,0,none
JE104848,0,none
JE104849,0,none
JE104850,0,none
JE104851,0,none
JE104852,0,none
JE104853,0,none
JE104854,0,none
JE104855,0,none
JE104856,0,none
JE104857,0,none
JE104858,0,none
JE104859,0,none
JE104860,0,none
JE104861,0,none
JE104862,0,none
JE104863,0,none
JE104864,0,none
JE104865,0,none
JE104866,0,none
JE104867,0,none
JE104868,0,none
JE104869,0,none
JE104870,0,none
JE104871,0,none
JE104872,0,none
JE104873,0,none
JE104874,0,none
JE104875,0,none
JE104876,0,none
JE104877,0,none
JE104878,0,none
JE104879,0,none
JE104880,0,none
JE104881,0,none
JE104882,0,none
JE104883,0,none
JE104884,0,none
JE104885,0,none
JE104886,0,none
JE104887,0,none
JE104888,0,none
JE104889,0,none
JE104890,0,none
JE104891,0,none
JE104892,0,none
JE104893,0,none
JE104894,0,none
JE104895,0,none
JE104896,0,none
JE104897,0,none
JE104898,0,none
JE104899,0,none
JE104900,0,none
JE104901,0,none
JE104902,0,none
JE104903,0,none
JE104904,0,none
JE104905,0,none
JE104906,0,none
JE104907,0,none
JE104908,0,none
JE104909,0,none
JE104910,0,none
JE104911,0,none
JE104912,0,none
JE104913,0,none
JE104914,0,none
JE104915,0,none
JE104916,0,none
JE104917,0,none
JE104918,0,none
JE104919,0,none
JE104920,0,none
JE104921,0,none
JE104922,0,none
JE104923,0,none
JE104924,0,none
JE104925,0,none
JE104926,0,none
JE104927,0,none
JE104928,0,none
JE104929,0,none
JE104930,0,none
JE104931,0,none
JE104932,0,none
JE104933,0,none
JE104934,0,none
JE104935,0,none
JE104936,0,none
JE104937,0,none
JE104938,0,none
JE104939,0,none
JE104940,0,none
JE104941,0,none
JE104942,0,none
JE104943,0,none
JE104944,0,none
JE104945,0,none
JE104946,0,none
JE104947,0,none
JE104948,0,none
JE104949,0,none
JE104950,0,none
JE104951,0,none
JE104952,0,none
JE104953,0,none
JE104954,0,none
JE104955,0,none
JE104956,0,none
JE104957,0,none
JE104958,0,none
JE104959,0,none
JE104960,0,none
JE104961,0,none
JE104962,0,none
JE104963,0,none
JE104964,0,none
JE104965,0,none
JE104966,0,none
JE104967,0,none
JE104968,0,none
JE104969,0,none
JE104970,0,none
JE104971,0,none
JE104972,0,none
JE104973,0,none
JE104974,0,none
JE104975,0,none
JE104976,0,none
JE104977,0,none
JE104978,0,none
JE104979,0,none
JE104980,0,none
JE104981,0,none
JE104982,0,none
JE104983,0,none
JE104984,0,none
JE104985,0,none
JE104986,0,none
JE104987,0,none
JE104988,0,none
JE104989,0,none
JE104990,0,none
JE104991,0,none
JE104992,0,none
JE104993,0,none
JE104994,0,none
JE104995,0,none
JE104996,0,none
JE104997,0,none
JE104998,0,none
JE104999,0,none
JE105000,0,none
JE105001,0,none
JE105002,0,none
JE105003,0,none
JE105004,0,none
JE105005,0,none
JE105006,0,none
JE105007,0,none
JE105008,0,none
JE105009,0,none
JE105010,0,none
JE105011,0,none
JE105012,0,none
JE105013,0,none
JE105014,0,none
JE105015,0,none
JE105016,0,none
JE105017,0,none
JE105018,0,none
JE105019,0,none
JE105020,0,none
JE105021,0,none
JE105022,0,none
JE105023,0,none
JE105024,0,none
JE105025,0,none
JE105026,0,none
JE105027,0,none
JE105028,0,none
JE105029,0,none
JE105030,0,none
JE105031,0,none
JE105032,0,none
JE105033,0,none
JE105034,0,none
JE105035,0,none
JE105036,0,none
JE105037,0,none
JE105038,0,none
JE105039,0,none
JE105040,0,none
JE105041,0,none
JE105042,0,none
JE105043,0,none
JE105044,0,none
JE105045,0,none
JE105046,0,none
JE105047,0,none
JE105048,0,none
JE105049,0,none
JE105050,0,none
JE105051,0,none
JE105052,0,none
JE105053,0,none
JE105054,0,none
JE105055,0,none
JE105056,0,none
JE105057,0,none
JE105058,0,none
JE105059,0,none
JE105060,0,none
JE105061,0,none
JE105062,0,none
JE105063,0,none
JE105064,0,none
JE105065,0,none
JE105066,0,none
JE105067,0,none
JE105068,0,none
JE105069,0,none
JE105070,0,none
JE105071,0,none
JE105072,0,none
JE105073,0,none
JE105074,0,none
JE105075,0,none
JE105076,0,none
JE105077,0,none
JE105078,0,none
JE105079,0,none
JE105080,0,none
JE105081,0,none
JE105082,0,none
JE105083,0,none
JE105084,0,none
JE105085,0,none
JE105086,0,none
JE105087,0,none
JE105088,0,none
JE105089,0,none
JE105090,0,none
JE105091,0,none
JE105092,0,none
JE105093,0,none
JE105094,0,none
JE105095,0,none
JE105096,0,none
JE105097,0,none
JE105098,0,none
JE105099,0,none
JE105100,0,none
JE105101,0,none
JE105102,0,none
JE105103,0,none
JE105104,0,none
JE105105,0,none
JE105106,0,none
JE105107,0,none
JE105108,0,none
JE105109,0,none
JE105110,0,none
JE105111,0,none
JE105112,0,none
JE105113,0,none
JE105114,0,none
JE105115,0,none
JE105116,0,none
JE105117,0,none
JE105118,0,none
JE105119,0,none
JE105120,0,none
JE105121,0,none
JE105122,0,none
JE105123,0,none
JE105124,0,none
JE105125,0,none
JE105126,0,none
JE105127,0,none
JE105128,0,none
JE105129,0,none
JE105130,0,none
JE105131,0,none
JE105132,0,none
JE105133,0,none
JE105134,0,none
JE105135,0,none
JE105136,0,none
JE105137,0,none
JE105138,0,none
JE105139,0,none
JE105140,0,none
JE105141,0,none
JE105142,0,none
JE105143,0,none
JE105144,0,none
JE105145,0,none
JE105146,0,none
JE105147,0,none
JE105148,0,none
JE105149,0,none
JE105150,0,none
JE105151,0,none
JE105152,0,none
JE105153,0,none
JE105154,0,none
JE105155,0,none
JE105156,0,none
JE105157,0,none
JE105158,0,none
JE105159,0,none
JE105160,0,none
JE105161,0,none
JE105162,0,none
JE105163,0,none
JE105164,0,none
JE105165,0,none
JE105166,0,none
JE105167,0,none
JE105168,0,none
JE105169,0,none
JE105170,0,none
JE105171,0,none
JE105172,0,none
JE105173,0,none
JE105174,0,none
JE105175,0,none
JE105176,0,none
JE105177,0,none
JE105178,0,none
JE105179,0,none
JE105180,0,none
JE105181,0,none
JE105182,0,none
JE105183,0,none
JE105184,0,none
JE105185,0,none
JE105186,0,none
JE105187,0,none
JE105188,0,none
JE105189,0,none
JE105190,0,none
JE105191,0,none
JE105192,0,none
JE105193,0,none
JE105194,0,none
JE105195,0,none
JE105196,0,none
JE105197,0,none
JE105198,0,none
JE105199,0,none
JE105200,0,none
JE105201,0,none
JE105202,0,none
JE105203,0,none
JE105204,0,none
JE105205,0,none
JE105206,0,none
JE105207,0,none
JE105208,0,none
JE105209,0,none
JE105210,0,none
JE105211,0,none
JE105212,0,none
JE105213,0,none
JE105214,0,none
JE105215,0,none
JE105216,0,none
JE105217,0,none
JE105218,0,none
JE105219,0,none
JE105220,0,none
JE105221,0,none
JE105222,0,none
JE105223,0,none
JE105224,0,none
JE105225,0,none
JE105226,0,none
JE105227,0,none
JE105228,0,none
JE105229,0,none
JE105230,0,none
JE105231,0,none
JE105232,0,none
JE105233,0,none
JE105234,0,none
JE105235,0,none
JE105236,0,none
JE105237,0,none
JE105238,0,none
JE105239,0,none
JE105240,0,none
JE105241,0,none
JE105242,0,none
JE105243,0,none
JE105244,0,none
JE105245,0,none
JE105246,0,none
JE105247,0,none
JE105248,0,none
JE105249,0,none
JE105250,0,none
JE105251,0,none
JE105252,0,none
JE105253,0,none
JE105254,0,none
JE105255,0,none
JE105256,0,none
JE105257,0,none
JE105258,0,none
JE105259,0,none
JE105260,0,none
JE105261,0,none
JE105262,0,none
JE105263,0,none
JE105264,0,none
JE105265,0,none
JE105266,0,none
JE105267,0,none
JE105268,0,none
JE105269,0,none
JE105270,0,none
JE105271,0,none
JE105272,0,none
JE105273,0,none
JE105274,0,none
JE105275,0,none
JE105276,0,none
JE105277,0,none
JE105278,0,none
JE105279,0,none
JE105280,0,none
JE105281,0,none
JE105282,0,none
JE105283,0,none
JE105284,0,none
JE105285,0,none
JE105286,0,none
JE105287,0,none
JE105288,0,none
JE105289,0,none
JE105290,0,none
JE105291,0,none
JE105292,0,none
JE105293,0,none
JE105294,0,none
JE105295,0,none
JE105296,0,none
JE105297,0,none
JE105298,0,none
JE105299,0,none
JE105300,0,none
JE105301,0,none
JE105302,0,none
JE105303,0,none
JE105304,0,none
JE105305,0,none
JE105306,0,none
JE105307,0,none
JE105308,0,none
JE105309,0,none
JE105310,0,none
JE105311,0,none
JE105312,0,none
JE105313,0,none
JE105314,0,none
JE105315,0,none
JE105316,0,none
JE105317,0,none
JE105318,0,none
JE105319,0,none
JE105320,0,none
JE105321,0,none
JE105322,0,none
JE105323,0,none
JE105324,0,none
JE105325,0,none
JE105326,0,none
JE105327,0,none
JE105328,0,none
JE105329,0,none
JE105330,0,none
JE105331,0,none
JE105332,0,none
JE105333,0,none
JE105334,0,none
JE105335,0,none
JE105336,0,none
JE105337,0,none
JE105338,0,none
JE105339,0,none
JE105340,0,none
JE105341,0,none
JE105342,0,none
JE105343,0,none
JE105344,0,none
JE105345,0,none
JE105346,0,none
JE105347,0,none
JE105348,0,none
JE105349,0,none
JE105350,0,none
JE105351,0,none
JE105352,0,none
JE105353,0,none
JE105354,0,none
JE105355,0,none
JE105356,0,none
JE105357,0,none
JE105358,0,none
JE105359,0,none
JE105360,0,none
JE105361,0,none
JE105362,0,none
JE105363,0,none
JE105364,0,none
JE105365,0,none
JE105366,0,none
JE105367,0,none
JE105368,0,none
JE105369,0,none
JE105370,0,none
JE105371,0,none
JE105372,0,none
JE105373,0,none
JE105374,0,none
JE105375,0,none
JE105376,0,none
JE105377,0,none
JE105378,0,none
JE105379,0,none
JE105380,0,none
JE105381,0,none
JE105382,0,none
JE105383,0,none
JE105384,0,none
JE105385,0,none
JE105386,0,none
JE105387,0,none
JE105388,0,none
JE105389,0,none
JE105390,0,none
JE105391,0,none
JE105392,0,none
JE105393,0,none
JE105394,0,none
JE105395,0,none
JE105396,0,none
JE105397,0,none
JE105398,0,none
JE105399,0,none
JE105400,0,none
JE105401,0,none
JE105402,0,none
JE105403,0,none
JE105404,0,none
JE105405,0,none
JE105406,0,none
JE105407,0,none
JE105408,0,none
JE105409,0,none
JE105410,0,none
JE105411,0,none
JE105412,0,none
JE105413,0,none
JE105414,0,none
JE105415,0,none
JE105416,0,none
JE105417,0,none
JE105418,0,none
JE105419,0,none
JE105420,0,none
JE105421,0,none
JE105422,0,none
JE105423,0,none
JE105424,0,none
JE105425,0,none
JE105426,0,none
JE105427,0,none
JE105428,0,none
JE105429,0,none
JE105430,0,none
JE105431,0,none
JE105432,0,none
JE105433,0,none
JE105434,0,none
JE105435,0,none
JE105436,0,none
JE105437,0,none
JE105438,0,none
JE105439,0,none
JE105440,0,none
JE105441,0,none
JE105442,0,none
JE105443,0,none
JE105444,0,none
JE105445,0,none
JE105446,0,none
JE105447,0,none
JE105448,0,none
JE105449,0,none
JE105450,0,none
JE105451,0,none
JE105452,0,none
JE105453,0,none
JE105454,0,none
JE105455,0,none
JE105456,0,none
JE105457,0,none
JE105458,0,none
JE105459,0,none
JE105460,0,none
JE105461,0,none
JE105462,0,none
JE105463,0,none
JE105464,0,none
JE105465,0,none
JE105466,0,none
JE105467,0,none
JE105468,0,none
JE105469,0,none
JE105470,0,none
JE105471,0,none
JE105472,0,none
JE105473,0,none
JE105474,0,none
JE105475,0,none
JE105476,0,none
JE105477,0,none
JE105478,0,none
JE105479,0,none
JE105480,0,none
JE105481,0,none
JE105482,0,none
JE105483,0,none
JE105484,0,none
JE105485,0,none
JE105486,0,none
JE105487,0,none
JE105488,0,none
JE105489,0,none
JE105490,0,none
JE105491,0,none
JE105492,0,none
JE105493,0,none
JE105494,0,none
JE105495,0,none
JE105496,0,none
JE105497,0,none
JE105498,0,none
JE105499,0,none
JE105500,0,none
JE105501,0,none
JE105502,0,none
JE105503,0,none
JE105504,0,none
JE105505,0,none
JE105506,0,none
JE105507,0,none
JE105508,0,none
JE105509,0,none
JE105510,0,none
JE105511,0,none
JE105512,0,none
JE105513,0,none
JE105514,0,none
JE105515,0,none
JE105516,0,none
JE105517,0,none
JE105518,0,none
JE105519,0,none
JE105520,0,none
JE105521,0,none
JE105522,0,none
JE105523,0,none
JE105524,0,none
JE105525,0,none
JE105526,0,none
JE105527,0,none
JE105528,0,none
JE105529,0,none
JE105530,0,none
JE105531,0,none
JE105532,0,none
JE105533,0,none
JE105534,0,none
JE105535,0,none
JE105536,0,none
JE105537,0,none
JE105538,0,none
JE105539,0,none
JE105540,0,none
JE105541,0,none
JE105542,0,none
JE105543,0,none
JE105544,0,none
JE105545,0,none
JE105546,0,none
JE105547,0,none
JE105548,0,none
JE105549,0,none
JE105550,0,none
JE105551,0,none
JE105552,0,none
JE105553,0,none
JE105554,0,none
JE105555,0,none
JE105556,0,none
JE105557,0,none
JE105558,0,none
JE105559,0,none
JE105560,0,none
JE105561,0,none
JE105562,0,none
JE105563,0,none
JE105564,0,none
JE105565,0,none
JE105566,0,none
JE105567,0,none
JE105568,0,none
JE105569,0,none
JE105570,0,none
JE105571,0,none
JE105572,0,none
JE105573,0,none
JE105574,0,none
JE105575,0,none
JE105576,0,none
JE105577,0,none
JE105578,0,none
JE105579,0,none
JE105580,0,none
JE105581,0,none
JE105582,0,none
JE105583,0,none
JE105584,0,none
JE105585,0,none
JE105586,0,none
JE105587,0,none
JE105588,0,none
JE105589,0,none
JE105590,0,none
JE105591,0,none
JE105592,0,none
JE105593,0,none
JE105594,0,none
JE105595,0,none
JE105596,0,none
JE105597,0,none
JE105598,0,none
JE105599,0,none
JE105600,0,none
JE105601,0,none
JE105602,0,none
JE105603,0,none
JE105604,0,none
JE105605,0,none
JE105606,0,none
JE105607,0,none
JE105608,0,none
JE105609,0,none
JE105610,0,none
JE105611,0,none
JE105612,0,none
JE105613,0,none
JE105614,0,none
JE105615,0,none
JE105616,0,none
JE105617,0,none
JE105618,0,none
JE105619,0,none
JE105620,0,none
JE105621,0,none
JE105622,0,none
JE105623,0,none
JE105624,0,none
JE105625,0,none
JE105626,0,none
JE105627,0,none
JE105628,0,none
JE105629,0,none
JE105630,0,none
JE105631,0,none
JE105632,0,none
JE105633,0,none
JE105634,0,none
JE105635,0,none
JE105636,0,none
JE105637,0,none
JE105638,0,none
JE105639,0,none
JE105640,0,none
JE105641,0,none
JE105642,0,none
JE105643,0,none
JE105644,0,none
JE105645,0,none
JE105646,0,none
JE105647,0,none
JE105648,0,none
JE105649,0,none
JE105650,0,none
JE105651,0,none
JE105652,0,none
JE105653,0,none
JE105654,0,none
JE105655,0,none
JE105656,0,none
JE105657,0,none
JE105658,0,none
JE105659,0,none
JE105660,0,none
JE105661,0,none
JE105662,0,none
JE105663,0,none
JE105664,0,none
JE105665,0,none
JE105666,0,none
JE105667,0,none
JE105668,0,none
JE105669,0,none
JE105670,0,none
JE105671,0,none
JE105672,0,none
JE105673,0,none
JE105674,0,none
JE105675,0,none
JE105676,0,none
JE105677,0,none
JE105678,0,none
JE105679,0,none
JE105680,0,none
JE105681,0,none
JE105682,0,none
JE105683,0,none
JE105684,0,none
JE105685,0,none
JE105686,0,none
JE105687,0,none
JE105688,0,none
JE105689,0,none
JE105690,0,none
JE105691,0,none
JE105692,0,none
JE105693,0,none
JE105694,0,none
JE105695,0,none
JE105696,0,none
JE105697,0,none
JE105698,0,none
JE105699,0,none
JE105700,0,none
JE105701,0,none
JE105702,0,none
JE105703,0,none
JE105704,0,none
JE105705,0,none
JE105706,0,none
JE105707,0,none
JE105708,0,none
JE105709,0,none
JE105710,0,none
JE105711,0,none
JE105712,0,none
JE105713,0,none
JE105714,0,none
JE105715,0,none
JE105716,0,none
JE105717,0,none
JE105718,0,none
JE105719,0,none
JE105720,0,none
JE105721,0,none
JE105722,0,none
JE105723,0,none
JE105724,0,none
JE105725,0,none
JE105726,0,none
JE105727,0,none
JE105728,0,none
JE105729,0,none
JE105730,0,none
JE105731,0,none
JE105732,0,none
JE105733,0,none
JE105734,0,none
JE105735,0,none
JE105736,0,none
JE105737,0,none
JE105738,0,none
JE105739,0,none
JE105740,0,none
JE105741,0,none
JE105742,0,none
JE105743,0,none
JE105744,0,none
JE105745,0,none
JE105746,0,none
JE105747,0,none
JE105748,0,none
JE105749,0,none
JE105750,0,none
JE105751,0,none
JE105752,0,none
JE105753,0,none
JE105754,0,none
JE105755,0,none
JE105756,0,none
JE105757,0,none
JE105758,0,none
JE105759,0,none
JE105760,0,none
JE105761,0,none
JE105762,0,none
JE105763,0,none
JE105764,0,none
JE105765,0,none
JE105766,0,none
JE105767,0,none
JE105768,0,none
JE105769,0,none
JE105770,0,none
JE105771,0,none
JE105772,0,none
JE105773,0,none
JE105774,0,none
JE105775,0,none
JE105776,0,none
JE105777,0,none
JE105778,0,none
JE105779,0,none
JE105780,0,none
JE105781,0,none
JE105782,0,none
JE105783,0,none
JE105784,0,none
JE105785,0,none
JE105786,0,none
JE105787,0,none
JE105788,0,none
JE105789,0,none
JE105790,0,none
JE105791,0,none
JE105792,0,none
JE105793,0,none
JE105794,0,none
JE105795,0,none
JE105796,0,none
JE105797,0,none
JE105798,0,none
JE105799,0,none
JE105800,0,none
JE105801,0,none
JE105802,0,none
JE105803,0,none
JE105804,0,none
JE105805,0,none
JE105806,0,none
JE105807,0,none
JE105808,0,none
JE105809,0,none
JE105810,0,none
JE105811,0,none
JE105812,0,none
JE105813,0,none
JE105814,0,none
JE105815,0,none
JE105816,0,none
JE105817,0,none
JE105818,0,none
JE105819,0,none
JE105820,0,none
JE105821,0,none
JE105822,0,none
JE105823,0,none
JE105824,0,none
JE105825,0,none
JE105826,0,none
JE105827,0,none
JE105828,0,none
JE105829,0,none
JE105830,0,none
JE105831,0,none
JE105832,0,none
JE105833,0,none
JE105834,0,none
JE105835,0,none
JE105836,0,none
JE105837,0,none
JE105838,0,none
JE105839,0,none
JE105840,0,none
JE105841,0,none
JE105842,0,none
JE105843,0,none
JE105844,0,none
JE105845,0,none
JE105846,0,none
JE105847,0,none
JE105848,0,none
JE105849,0,none
JE105850,0,none
JE105851,0,none
JE105852,0,none
JE105853,0,none
JE105854,0,none
JE105855,0,none
JE105856,0,none
JE105857,0,none
JE105858,0,none
JE105859,0,none
JE105860,0,none
JE105861,0,none
JE105862,0,none
JE105863,0,none
JE105864,0,none
JE105865,0,none
JE105866,0,none
JE105867,0,none
JE105868,0,none
JE105869,0,none
JE105870,0,none
JE105871,0,none
JE105872,0,none
JE105873,0,none
JE105874,0,none
JE105875,0,none
JE105876,0,none
JE105877,0,none
JE105878,0,none
JE105879,0,none
JE105880,0,none
JE105881,0,none
JE105882,0,none
JE105883,0,none
JE105884,0,none
JE105885,0,none
JE105886,0,none
JE105887,0,none
JE105888,0,none
JE105889,0,none
JE105890,0,none
JE105891,0,none
JE105892,0,none
JE105893,0,none
JE105894,0,none
JE105895,0,none
JE105896,0,none
JE105897,0,none
JE105898,0,none
JE105899,0,none
JE105900,0,none
JE105901,0,none
JE105902,0,none
JE105903,0,none
JE105904,0,none
JE105905,0,none
JE105906,0,none
JE105907,0,none
JE105908,0,none
JE105909,0,none
JE105910,0,none
JE105911,0,none
JE105912,0,none
JE105913,0,none
JE105914,0,none
JE105915,0,none
JE105916,0,none
JE105917,0,none
JE105918,0,none
JE105919,0,none
JE105920,0,none
JE105921,0,none
JE105922,0,none
JE105923,0,none
JE105924,0,none
JE105925,0,none
JE105926,0,none
JE105927,0,none
JE105928,0,none
JE105929,0,none
JE105930,0,none
JE105931,0,none
JE105932,0,none
JE105933,0,none
JE105934,0,none
JE105935,0,none
JE105936,0,none
JE105937,0,none
JE105938,0,none
JE105939,0,none
JE105940,0,none
JE105941,0,none
JE105942,0,none
JE105943,0,none
JE105944,0,none
JE105945,0,none
JE105946,0,none
JE105947,0,none
JE105948,0,none
JE105949,0,none
JE105950,0,none
JE105951,0,none
JE105952,0,none
JE105953,0,none
JE105954,0,none
JE105955,0,none
JE105956,0,none
JE105957,0,none
JE105958,0,none
JE105959,0,none
JE105960,0,none
JE105961,0,none
JE105962,0,none
JE105963,0,none
JE105964,0,none
JE105965,0,none
JE105966,0,none
JE105967,0,none
JE105968,0,none
JE105969,0,none
JE105970,0,none
JE105971,0,none
JE105972,0,none
JE105973,0,none
JE105974,0,none
JE105975,0,none
JE105976,0,none
JE105977,0,none
JE105978,0,none
JE105979,0,none
JE105980,0,none
JE105981,0,none
JE105982,0,none
JE105983,0,none
JE105984,0,none
JE105985,0,none
JE105986,0,none
JE105987,0,none
JE105988,0,none
JE105989,0,none
JE105990,0,none
JE105991,0,none
JE105992,0,none
JE105993,0,none
JE105994,0,none
JE105995,0,none
JE105996,0,none
JE105997,0,none
JE105998,0,none
JE105999,0,none
JE106000,0,none
JE106001,0,none
JE106002,0,none
JE106003,0,none
JE106004,0,none
JE106005,0,none
JE106006,0,none
JE106007,0,none
JE106008,0,none
JE106009,0,none
JE106010,0,none
JE106011,0,none
JE106012,0,none
JE106013,0,none
JE106014,0,none
JE106015,0,none
JE106016,0,none
JE106017,0,none
JE106018,0,none
JE106019,0,none
JE106020,0,none
JE106021,0,none
JE106022,0,none
JE106023,0,none
JE106024,0,none
JE106025,0,none
JE106026,0,none
JE106027,0,none
JE106028,0,none
JE106029,0,none
JE106030,0,none
JE106031,0,none
JE106032,0,none
JE106033,0,none
JE106034,0,none
JE106035,0,none
JE106036,0,none
JE106037,0,none
JE106038,0,none
JE106039,0,none
JE106040,0,none
JE106041,0,none
JE106042,0,none
JE106043,0,none
JE106044,0,none
JE106045,0,none
JE106046,0,none
JE106047,0,none
JE106048,0,none
JE106049,0,none
JE106050,0,none
JE106051,0,none
JE106052,0,none
JE106053,0,none
JE106054,0,none
JE106055,0,none
JE106056,0,none
JE106057,0,none
JE106058,0,none
JE106059,0,none
JE106060,0,none
JE106061,0,none
JE106062,0,none
JE106063,0,none
JE106064,0,none
JE106065,0,none
JE106066,0,none
JE106067,0,none
JE106068,0,none
JE106069,0,none
JE106070,0,none
JE106071,0,none
JE106072,0,none
JE106073,0,none
JE106074,0,none
JE106075,0,none
JE106076,0,none
JE106077,0,none
JE106078,0,none
JE106079,0,none
JE106080,0,none
JE106081,0,none
JE106082,0,none
JE106083,0,none
JE106084,0,none
JE106085,0,none
JE106086,0,none
JE106087,0,none
JE106088,0,none
JE106089,0,none
JE106090,0,none
JE106091,0,none
JE106092,0,none
JE106093,0,none
JE106094,0,none
JE106095,0,none
JE106096,0,none
JE106097,0,none
JE106098,0,none
JE106099,0,none
JE106100,0,none
JE106101,0,none
JE106102,0,none
JE106103,0,none
JE106104,0,none
JE106105,0,none
JE106106,0,none
JE106107,0,none
JE106108,0,none
JE106109,0,none
JE106110,0,none
JE106111,0,none
JE106112,0,none
JE106113,0,none
JE106114,0,none
JE106115,0,none
JE106116,0,none
JE106117,0,none
JE106118,0,none
JE106119,0,none
JE106120,0,none
JE106121,0,none
JE106122,0,none
JE106123,0,none
JE106124,0,none
JE106125,0,none
JE106126,0,none
JE106127,0,none
JE106128,0,none
JE106129,0,none
JE106130,0,none
JE106131,0,none
JE106132,0,none
JE106133,0,none
JE106134,0,none
JE106135,0,none
JE106136,0,none
JE106137,0,none
JE106138,0,none
JE106139,0,none
JE106140,0,none
JE106141,0,none
JE106142,0,none
JE106143,0,none
JE106144,0,none
JE106145,0,none
JE106146,0,none
JE106147,0,none
JE106148,0,none
JE106149,0,none
JE106150,0,none
JE106151,0,none
JE106152,0,none
JE106153,0,none
JE106154,0,none
JE106155,0,none
JE106156,0,none
JE106157,0,none
JE106158,0,none
JE106159,0,none
JE106160,0,none
JE106161,0,none
JE106162,0,none
JE106163,0,none
JE106164,0,none
JE106165,0,none
JE106166,0,none
JE106167,0,none
JE106168,0,none
JE106169,0,none
JE106170,0,none
JE106171,0,none
JE106172,0,none
JE106173,0,none
JE106174,0,none
JE106175,0,none
JE106176,0,none
JE106177,0,none
JE106178,0,none
JE106179,0,none
JE106180,0,none
JE106181,0,none
JE106182,0,none
JE106183,0,none
JE106184,0,none
JE106185,0,none
JE106186,0,none
JE106187,0,none
JE106188,0,none
JE106189,0,none
JE106190,0,none
JE106191,0,none
JE106192,0,none
JE106193,0,none
JE106194,0,none
JE106195,0,none
JE106196,0,none
JE106197,0,none
JE106198,0,none
JE106199,0,none
JE106200,0,none
JE106201,0,none
JE106202,0,none
JE106203,0,none
JE106204,0,none
JE106205,0,none
JE106206,0,none
JE106207,0,none
JE106208,0,none
JE106209,0,none
JE106210,0,none
JE106211,0,none
JE106212,0,none
JE106213,0,none
JE106214,0,none
JE106215,0,none
JE106216,0,none
JE106217,0,none
JE106218,0,none
JE106219,0,none
JE106220,0,none
JE106221,0,none
JE106222,0,none
JE106223,0,none
JE106224,0,none
JE106225,0,none
JE106226,0,none
JE106227,0,none
JE106228,0,none
JE106229,0,none
JE106230,0,none
JE106231,0,none
JE106232,0,none
JE106233,0,none
JE106234,0,none
JE106235,0,none
JE106236,0,none
JE106237,0,none
JE106238,0,none
JE106239,0,none
JE106240,0,none
JE106241,0,none
JE106242,0,none
JE106243,0,none
JE106244,0,none
JE106245,0,none
JE106246,0,none
JE106247,0,none
JE106248,0,none
JE106249,0,none
JE106250,0,none
JE106251,0,none
JE106252,0,none
JE106253,0,none
JE106254,0,none
JE106255,0,none
JE106256,0,none
JE106257,0,none
JE106258,0,none
JE106259,0,none
JE106260,0,none
JE106261,0,none
JE106262,0,none
JE106263,0,none
JE106264,0,none
JE106265,0,none
JE106266,0,none
JE106267,0,none
JE106268,0,none
JE106269,0,none
JE106270,0,none
JE106271,0,none
JE106272,0,none
JE106273,0,none
JE106274,0,none
JE106275,0,none
JE106276,0,none
JE106277,0,none
JE106278,0,none
JE106279,0,none
JE106280,0,none
JE106281,0,none
JE106282,0,none
JE106283,0,none
JE106284,0,none
JE106285,0,none
JE106286,0,none
JE106287,0,none
JE106288,0,none
JE106289,0,none
JE106290,0,none
JE106291,0,none
JE106292,0,none
JE106293,0,none
JE106294,0,none
JE106295,0,none
JE106296,0,none
JE106297,0,none
JE106298,0,none
JE106299,0,none
JE106300,0,none
JE106301,0,none
JE106302,0,none
JE106303,0,none
JE106304,0,none
JE106305,0,none
JE106306,0,none
JE106307,0,none
JE106308,0,none
JE106309,0,none
JE106310,0,none
JE106311,0,none
JE106312,0,none
JE106313,0,none
JE106314,0,none
JE106315,0,none
JE106316,0,none
JE106317,0,none
JE106318,0,none
JE106319,0,none
JE106320,0,none
JE106321,0,none
JE106322,0,none
JE106323,0,none
JE106324,0,none
JE106325,0,none
JE106326,0,none
JE106327,0,none
JE106328,0,none
JE106329,0,none
JE106330,0,none
JE106331,0,none
JE106332,0,none
JE106333,0,none
JE106334,0,none
JE106335,0,none
JE106336,0,none
JE106337,0,none
JE106338,0,none
JE106339,0,none
JE106340,0,none
JE106341,0,none
JE106342,0,none
JE106343,0,none
JE106344,0,none
JE106345,0,none
JE106346,0,none
JE106347,0,none
JE106348,0,none
JE106349,0,none
JE106350,0,none
JE106351,0,none
JE106352,0,none
JE106353,0,none
JE106354,0,none
JE106355,0,none
JE106356,0,none
JE106357,0,none
JE106358,0,none
JE106359,0,none
JE106360,0,none
JE106361,0,none
JE106362,0,none
JE106363,0,none
JE106364,0,none
JE106365,0,none
JE106366,0,none
JE106367,0,none
JE106368,0,none
JE106369,0,none
JE106370,0,none
JE106371,0,none
JE106372,0,none
JE106373,0,none
JE106374,0,none
JE106375,0,none
JE106376,0,none
JE106377,0,none
JE106378,0,none
JE106379,0,none
JE106380,0,none
JE106381,0,none
JE106382,0,none
JE106383,0,none
JE106384,0,none
JE106385,0,none
JE106386,0,none
JE106387,0,none
JE106388,0,none
JE106389,0,none
JE106390,0,none
JE106391,0,none
JE106392,0,none
JE106393,0,none
JE106394,0,none
JE106395,0,none
JE106396,0,none
JE106397,0,none
JE106398,0,none
JE106399,0,none
JE106400,0,none
JE106401,0,none
JE106402,0,none
JE106403,0,none
JE106404,0,none
JE106405,0,none
JE106406,0,none
JE106407,0,none
JE106408,0,none
JE106409,0,none
JE106410,0,none
JE106411,0,none
JE106412,0,none
JE106413,0,none
JE106414,0,none
JE106415,0,none
JE106416,0,none
JE106417,0,none
JE106418,0,none
JE106419,0,none
JE106420,0,none
JE106421,0,none
JE106422,0,none
JE106423,0,none
JE106424,0,none
JE106425,0,none
JE106426,0,none
JE106427,0,none
JE106428,0,none
JE106429,0,none
JE106430,0,none
JE106431,0,none
JE106432,0,none
JE106433,0,none
JE106434,0,none
JE106435,0,none
JE106436,0,none
JE106437,0,none
JE106438,0,none
JE106439,0,none
JE106440,0,none
JE106441,0,none
JE106442,0,none
JE106443,0,none
JE106444,0,none
JE106445,0,none
JE106446,0,none
JE106447,0,none
JE106448,0,none
JE106449,0,none
JE106450,0,none
JE106451,0,none
JE106452,0,none
JE106453,0,none
JE106454,0,none
JE106455,0,none
JE106456,0,none
JE106457,0,none
JE106458,0,none
JE106459,0,none
JE106460,0,none
JE106461,0,none
JE106462,0,none
JE106463,0,none
JE106464,0,none
JE106465,0,none
JE106466,0,none
JE106467,0,none
JE106468,0,none
JE106469,0,none
JE106470,0,none
JE106471,0,none
JE106472,0,none
JE106473,0,none
JE106474,0,none
JE106475,0,none
JE106476,0,none
JE106477,0,none
JE106478,0,none
JE106479,0,none
JE106480,0,none
JE106481,0,none
JE106482,0,none
JE106483,0,none
JE106484,0,none
JE106485,0,none
JE106486,0,none
JE106487,0,none
JE106488,0,none
JE106489,0,none
JE106490,0,none
JE106491,0,none
JE106492,0,none
JE106493,0,none
JE106494,0,none
JE106495,0,none
JE106496,0,none
JE106497,0,none
JE106498,0,none
JE106499,0,none
JE106500,0,none
JE106501,0,none
JE106502,0,none
JE106503,0,none
JE106504,0,none
JE106505,0,none
JE106506,0,none
JE106507,0,none
JE106508,0,none
JE106509,0,none
JE106510,0,none
JE106511,0,none
JE106512,0,none
JE106513,0,none
JE106514,0,none
JE106515,0,none
JE106516,0,none
JE106517,0,none
JE106518,0,none
JE106519,0,none
JE106520,0,none
JE106521,0,none
JE106522,0,none
JE106523,0,none
JE106524,0,none
JE106525,0,none
JE106526,0,none
JE106527,0,none
JE106528,0,none
JE106529,0,none
JE106530,0,none
JE106531,0,none
JE106532,0,none
JE106533,0,none
JE106534,0,none
JE106535,0,none
JE106536,0,none
JE106537,0,none
JE106538,0,none
JE106539,0,none
JE106540,0,none
JE106541,0,none
JE106542,0,none
JE106543,0,none
JE106544,0,none
JE106545,0,none
JE106546,0,none
JE106547,0,none
JE106548,0,none
JE106549,0,none
JE106550,0,none
JE106551,0,none
JE106552,0,none
JE106553,0,none
JE106554,0,none
JE106555,0,none
JE106556,0,none
JE106557,0,none
JE106558,0,none
JE106559,0,none
JE106560,0,none
JE106561,0,none
JE106562,0,none
JE106563,0,none
JE106564,0,none
JE106565,0,none
JE106566,0,none
JE106567,0,none
JE106568,0,none
JE106569,0,none
JE106570,0,none
JE106571,0,none
JE106572,0,none
JE106573,0,none
JE106574,0,none
JE106575,0,none
JE106576,0,none
JE106577,0,none
JE106578,0,none
JE106579,0,none
JE106580,0,none
JE106581,0,none
JE106582,0,none
JE106583,0,none
JE106584,0,none
JE106585,0,none
JE106586,0,none
JE106587,0,none
JE106588,0,none
JE106589,0,none
JE106590,0,none
JE106591,0,none
JE106592,0,none
JE106593,0,none
JE106594,0,none
JE106595,0,none
JE106596,0,none
JE106597,0,none
JE106598,0,none
JE106599,0,none
JE106600,0,none
JE106601,0,none
JE106602,0,none
JE106603,0,none
JE106604,0,none
JE106605,0,none
JE106606,0,none
JE106607,0,none
JE106608,0,none
JE106609,0,none
JE106610,0,none
JE106611,0,none
JE106612,0,none
JE106613,0,none
JE106614,0,none
JE106615,0,none
JE106616,0,none
JE106617,0,none
JE106618,0,none
JE106619,0,none
JE106620,0,none
JE106621,0,none
JE106622,0,none
JE106623,0,none
JE106624,0,none
JE106625,0,none
JE106626,0,none
JE106627,0,none
JE106628,0,none
JE106629,0,none
JE106630,0,none
JE106631,0,none
JE106632,0,none
JE106633,0,none
JE106634,0,none
JE106635,0,none
JE106636,0,none
JE106637,0,none
JE106638,0,none
JE106639,0,none
JE106640,0,none
JE106641,0,none
JE106642,0,none
JE106643,0,none
JE106644,0,none
JE106645,0,none
JE106646,0,none
JE106647,0,none
JE106648,0,none
JE106649,0,none
JE106650,0,none
JE106651,0,none
JE106652,0,none
JE106653,0,none
JE106654,0,none
JE106655,0,none
JE106656,0,none
JE106657,0,none
JE106658,0,none
JE106659,0,none
JE106660,0,none
JE106661,0,none
JE106662,0,none
JE106663,0,none
JE106664,0,none
JE106665,0,none
JE106666,0,none
JE106667,0,none
JE106668,0,none
JE106669,0,none
JE106670,0,none
JE106671,0,none
JE106672,0,none
JE106673,0,none
JE106674,0,none
JE106675,0,none
JE106676,0,none
JE106677,0,none
JE106678,0,none
JE106679,0,none
JE106680,0,none
JE106681,0,none
JE106682,0,none
JE106683,0,none
JE106684,0,none
JE106685,0,none
JE106686,0,none
JE106687,0,none
JE106688,0,none
JE106689,0,none
JE106690,0,none
JE106691,0,none
JE106692,0,none
JE106693,0,none
JE106694,0,none
JE106695,0,none
JE106696,0,none
JE106697,0,none
JE106698,0,none
JE106699,0,none
JE106700,0,none
JE106701,0,none
JE106702,0,none
JE106703,0,none
JE106704,0,none
JE106705,0,none
JE106706,0,none
JE106707,0,none
JE106708,0,none
JE106709,0,none
JE106710,0,none
JE106711,0,none
JE106712,0,none
JE106713,0,none
JE106714,0,none
JE106715,0,none
JE106716,0,none
JE106717,0,none
JE106718,0,none
JE106719,0,none
JE106720,0,none
JE106721,0,none
JE106722,0,none
JE106723,0,none
JE106724,0,none
JE106725,0,none
JE106726,0,none
JE106727,0,none
JE106728,0,none
JE106729,0,none
JE106730,0,none
JE106731,0,none
JE106732,0,none
JE106733,0,none
JE106734,0,none
JE106735,0,none
JE106736,0,none
JE106737,0,none
JE106738,0,none
JE106739,0,none
JE106740,0,none
JE106741,0,none
JE106742,0,none
JE106743,0,none
JE106744,0,none
JE106745,0,none
JE106746,0,none
JE106747,0,none
JE106748,0,none
JE106749,0,none
JE106750,0,none
JE106751,0,none
JE106752,0,none
JE106753,0,none
JE106754,0,none
JE106755,0,none
JE106756,0,none
JE106757,0,none
JE106758,0,none
JE106759,0,none
JE106760,0,none
JE106761,0,none
JE106762,0,none
JE106763,0,none
JE106764,0,none
JE106765,0,none
JE106766,0,none
JE106767,0,none
JE106768,0,none
JE106769,0,none
JE106770,0,none
JE106771,0,none
JE106772,0,none
JE106773,0,none
JE106774,0,none
JE106775,0,none
JE106776,0,none
JE106777,0,none
JE106778,0,none
JE106779,0,none
JE106780,0,none
JE106781,0,none
JE106782,0,none
JE106783,0,none
JE106784,0,none
JE106785,0,none
JE106786,0,none
JE106787,0,none
JE106788,0,none
JE106789,0,none
JE106790,0,none
JE106791,0,none
JE106792,0,none
JE106793,0,none
JE106794,0,none
JE106795,0,none
JE106796,0,none
JE106797,0,none
JE106798,0,none
JE106799,0,none
JE106800,0,none
JE106801,0,none
JE106802,0,none
JE106803,0,none
JE106804,0,none
JE106805,0,none
JE106806,0,none
JE106807,0,none
JE106808,0,none
JE106809,0,none
JE106810,0,none
JE106811,0,none
JE106812,0,none
JE106813,0,none
JE106814,0,none
JE106815,0,none
JE106816,0,none
JE106817,0,none
JE106818,0,none
JE106819,0,none
JE106820,0,none
JE106821,0,none
JE106822,0,none
JE106823,0,none
JE106824,0,none
JE106825,0,none
JE106826,0,none
JE106827,0,none
JE106828,0,none
JE106829,0,none
JE106830,0,none
JE106831,0,none
JE106832,0,none
JE106833,0,none
JE106834,0,none
JE106835,0,none
JE106836,0,none
JE106837,0,none
JE106838,0,none
JE106839,0,none
JE106840,0,none
JE106841,0,none
JE106842,0,none
JE106843,0,none
JE106844,0,none
JE106845,0,none
JE106846,0,none
JE106847,0,none
JE106848,0,none
JE106849,0,none
JE106850,0,none
JE106851,0,none
JE106852,0,none
JE106853,0,none
JE106854,0,none
JE106855,0,none
JE106856,0,none
JE106857,0,none
JE106858,0,none
JE106859,0,none
JE106860,0,none
JE106861,0,none
JE106862,0,none
JE106863,0,none
JE106864,0,none
JE106865,0,none
JE106866,0,none
JE106867,0,none
JE106868,0,none
JE106869,0,none
JE106870,0,none
JE106871,0,none
JE106872,0,none
JE106873,0,none
JE106874,0,none
JE106875,0,none
JE106876,0,none
JE106877,0,none
JE106878,0,none
JE106879,0,none
JE106880,0,none
JE106881,0,none
JE106882,0,none
JE106883,0,none
JE106884,0,none
JE106885,0,none
JE106886,0,none
JE106887,0,none
JE106888,0,none
JE106889,0,none
JE106890,0,none
JE106891,0,none
JE106892,0,none
JE106893,0,none
JE106894,0,none
JE106895,0,none
JE106896,0,none
JE106897,0,none
JE106898,0,none
JE106899,0,none
JE106900,0,none
JE106901,0,none
JE106902,0,none
JE106903,0,none
JE106904,0,none
JE106905,0,none
JE106906,0,none
JE106907,0,none
JE106908,0,none
JE106909,0,none
JE106910,0,none
JE106911,0,none
JE106912,0,none
JE106913,0,none
JE106914,0,none
JE106915,0,none
JE106916,0,none
JE106917,0,none
JE106918,0,none
JE106919,0,none
JE106920,0,none
JE106921,0,none
JE106922,0,none
JE106923,0,none
JE106924,0,none
JE106925,0,none
JE106926,0,none
JE106927,0,none
JE106928,0,none
JE106929,0,none
JE106930,0,none
JE106931,0,none
JE106932,0,none
JE106933,0,none
JE106934,0,none
JE106935,0,none
JE106936,0,none
JE106937,0,none
JE106938,0,none
JE106939,0,none
JE106940,0,none
JE106941,0,none
JE106942,0,none
JE106943,0,none
JE106944,0,none
JE106945,0,none
JE106946,0,none
JE106947,0,none
JE106948,0,none
JE106949,0,none
JE106950,0,none
JE106951,0,none
JE106952,0,none
JE106953,0,none
JE106954,0,none
JE106955,0,none
JE106956,0,none
JE106957,0,none
JE106958,0,none
JE106959,0,none
JE106960,0,none
JE106961,0,none
JE106962,0,none
JE106963,0,none
JE106964,0,none
JE106965,0,none
JE106966,0,none
JE106967,0,none
JE106968,0,none
JE106969,0,none
JE106970,0,none
JE106971,0,none
JE106972,0,none
JE106973,0,none
JE106974,0,none
JE106975,0,none
JE106976,0,none
JE106977,0,none
JE106978,0,none
JE106979,0,none
JE106980,0,none
JE106981,0,none
JE106982,0,none
JE106983,0,none
JE106984,0,none
JE106985,0,none
JE106986,0,none
JE106987,0,none
JE106988,0,none
JE106989,0,none
JE106990,0,none
JE106991,0,none
JE106992,0,none
JE106993,0,none
JE106994,0,none
JE106995,0,none
JE106996,0,none
JE106997,0,none
JE106998,0,none
JE106999,0,none
JE107000,0,none
JE107001,0,none
JE107002,0,none
JE107003,0,none
JE107004,0,none
JE107005,0,none
JE107006,0,none
JE107007,0,none
JE107008,0,none
JE107009,0,none
JE107010,0,none
JE107011,0,none
JE107012,0,none
JE107013,0,none
JE107014,0,none
JE107015,0,none
JE107016,0,none
JE107017,0,none
JE107018,0,none
JE107019,0,none
JE107020,0,none
JE107021,0,none
JE107022,0,none
JE107023,0,none
JE107024,0,none
JE107025,0,none
JE107026,0,none
JE107027,0,none
JE107028,0,none
JE107029,0,none
JE107030,0,none
JE107031,0,none
JE107032,0,none
JE107033,0,none
JE107034,0,none
JE107035,0,none
JE107036,0,none
JE107037,0,none
JE107038,0,none
JE107039,0,none
JE107040,0,none
JE107041,0,none
JE107042,0,none
JE107043,0,none
JE107044,0,none
JE107045,0,none
JE107046,0,none
JE107047,0,none
JE107048,0,none
JE107049,0,none
JE107050,0,none
JE107051,0,none
JE107052,0,none
JE107053,0,none
JE107054,0,none
JE107055,0,none
JE107056,0,none
JE107057,0,none
JE107058,0,none
JE107059,0,none
JE107060,0,none
JE107061,0,none
JE107062,0,none
JE107063,0,none
JE107064,0,none
JE107065,0,none
JE107066,0,none
JE107067,0,none
JE107068,0,none
JE107069,0,none
JE107070,0,none
JE107071,0,none
JE107072,0,none
JE107073,0,none
JE107074,0,none
JE107075,0,none
JE107076,0,none
JE107077,0,none
JE107078,0,none
JE107079,0,none
JE107080,0,none
JE107081,0,none
JE107082,0,none
JE107083,0,none
JE107084,0,none
JE107085,0,none
JE107086,0,none
JE107087,0,none
JE107088,0,none
JE107089,0,none
JE107090,0,none
JE107091,0,none
JE107092,0,none
JE107093,0,none
JE107094,0,none
JE107095,0,none
JE107096,0,none
JE107097,0,none
JE107098,0,none
JE107099,0,none
JE107100,0,none
JE107101,0,none
JE107102,0,none
JE107103,0,none
JE107104,0,none
JE107105,0,none
JE107106,0,none
JE107107,0,none
JE107108,0,none
JE107109,0,none
JE107110,0,none
JE107111,0,none
JE107112,0,none
JE107113,0,none
JE107114,0,none
JE107115,0,none
JE107116,0,none
JE107117,0,none
JE107118,0,none
JE107119,0,none
JE107120,0,none
JE107121,0,none
JE107122,0,none
JE107123,0,none
JE107124,0,none
JE107125,0,none
JE107126,0,none
JE107127,0,none
JE107128,0,none
JE107129,0,none
JE107130,0,none
JE107131,0,none
JE107132,0,none
JE107133,0,none
JE107134,0,none
JE107135,0,none
JE107136,0,none
JE107137,0,none
JE107138,0,none
JE107139,0,none
JE107140,0,none
JE107141,0,none
JE107142,0,none
JE107143,0,none
JE107144,0,none
JE107145,0,none
JE107146,0,none
JE107147,0,none
JE107148,0,none
JE107149,0,none
JE107150,0,none
JE107151,0,none
JE107152,0,none
JE107153,0,none
JE107154,0,none
JE107155,0,none
JE107156,0,none
JE107157,0,none
JE107158,0,none
JE107159,0,none
JE107160,0,none
JE107161,0,none
JE107162,0,none
JE107163,0,none
JE107164,0,none
JE107165,0,none
JE107166,0,none
JE107167,0,none
JE107168,0,none
JE107169,0,none
JE107170,0,none
JE107171,0,none
JE107172,0,none
JE107173,0,none
JE107174,0,none
JE107175,0,none
JE107176,0,none
JE107177,0,none
JE107178,0,none
JE107179,0,none
JE107180,0,none
JE107181,0,none
JE107182,0,none
JE107183,0,none
JE107184,0,none
JE107185,0,none
JE107186,0,none
JE107187,0,none
JE107188,0,none
JE107189,0,none
JE107190,0,none
JE107191,0,none
JE107192,0,none
JE107193,0,none
JE107194,0,none
JE107195,0,none
JE107196,0,none
JE107197,0,none
JE107198,0,none
JE107199,0,none
JE107200,0,none
JE107201,0,none
JE107202,0,none
JE107203,0,none
JE107204,0,none
JE107205,0,none
JE107206,0,none
JE107207,0,none
JE107208,0,none
JE107209,0,none
JE107210,0,none
JE107211,0,none
JE107212,0,none
JE107213,0,none
JE107214,0,none
JE107215,0,none
JE107216,0,none
JE107217,0,none
JE107218,0,none
JE107219,0,none
JE107220,0,none
JE107221,0,none
JE107222,0,none
JE107223,0,none
JE107224,0,none
JE107225,0,none
JE107226,0,none
JE107227,0,none
JE107228,0,none
JE107229,0,none
JE107230,0,none
JE107231,0,none
JE107232,0,none
JE107233,0,none
JE107234,0,none
JE107235,0,none
JE107236,0,none
JE107237,0,none
JE107238,0,none
JE107239,0,none
JE107240,0,none
JE107241,0,none
JE107242,0,none
JE107243,0,none
JE107244,0,none
JE107245,0,none
JE107246,0,none
JE107247,0,none
JE107248,0,none
JE107249,0,none
JE107250,0,none
JE107251,0,none
JE107252,0,none
JE107253,0,none
JE107254,0,none
JE107255,0,none
JE107256,0,none
JE107257,0,none
JE107258,0,none
JE107259,0,none
JE107260,0,none
JE107261,0,none
JE107262,0,none
JE107263,0,none
JE107264,0,none
JE107265,0,none
JE107266,0,none
JE107267,0,none
JE107268,0,none
JE107269,0,none
JE107270,0,none
JE107271,0,none
JE107272,0,none
JE107273,0,none
JE107274,0,none
JE107275,0,none
JE107276,0,none
JE107277,0,none
JE107278,0,none
JE107279,0,none
JE107280,0,none
JE107281,0,none
JE107282,0,none
JE107283,0,none
JE107284,0,none
JE107285,0,none
JE107286,0,none
JE107287,0,none
JE107288,0,none
JE107289,0,none
JE107290,0,none
JE107291,0,none
JE107292,0,none
JE107293,0,none
JE107294,0,none
JE107295,0,none
JE107296,0,none
JE107297,0,none
JE107298,0,none
JE107299,0,none
JE107300,0,none
JE107301,0,none
JE107302,0,none
JE107303,0,none
JE107304,0,none
JE107305,0,none
JE107306,0,none
JE107307,0,none
JE107308,0,none
JE107309,0,none
JE107310,0,none
JE107311,0,none
JE107312,0,none
JE107313,0,none
JE107314,0,none
JE107315,0,none
JE107316,0,none
JE107317,0,none
JE107318,0,none
JE107319,0,none
JE107320,0,none
JE107321,0,none
JE107322,0,none
JE107323,0,none
JE107324,0,none
JE107325,0,none
JE107326,0,none
JE107327,0,none
JE107328,0,none
JE107329,0,none
JE107330,0,none
JE107331,0,none
JE107332,0,none
JE107333,0,none
JE107334,0,none
JE107335,0,none
JE107336,0,none
JE107337,0,none
JE107338,0,none
JE107339,0,none
JE107340,0,none
JE107341,0,none
JE107342,0,none
JE107343,0,none
JE107344,0,none
JE107345,0,none
JE107346,0,none
JE107347,0,none
JE107348,0,none
JE107349,0,none
JE107350,0,none
JE107351,0,none
JE107352,0,none
JE107353,0,none
JE107354,0,none
JE107355,0,none
JE107356,0,none
JE107357,0,none
JE107358,0,none
JE107359,0,none
JE107360,0,none
JE107361,0,none
JE107362,0,none
JE107363,0,none
JE107364,0,none
JE107365,0,none
JE107366,0,none
JE107367,0,none
JE107368,0,none
JE107369,0,none
JE107370,0,none
JE107371,0,none
JE107372,0,none
JE107373,0,none
JE107374,0,none
JE107375,0,none
JE107376,0,none
JE107377,0,none
JE107378,0,none
JE107379,0,none
JE107380,0,none
JE107381,0,none
JE107382,0,none
JE107383,0,none
JE107384,0,none
JE107385,0,none
JE107386,0,none
JE107387,0,none
JE107388,0,none
JE107389,0,none
JE107390,0,none
JE107391,0,none
JE107392,0,none
JE107393,0,none
JE107394,0,none
JE107395,0,none
JE107396,0,none
JE107397,0,none
JE107398,0,none
JE107399,0,none
JE107400,0,none
JE107401,0,none
JE107402,0,none
JE107403,0,none
JE107404,0,none
JE107405,0,none
JE107406,0,none
JE107407,0,none
JE107408,0,none
JE107409,0,none
JE107410,0,none
JE107411,0,none
JE107412,0,none
JE107413,0,none
JE107414,0,none
JE107415,0,none
JE107416,0,none
JE107417,0,none
JE107418,0,none
JE107419,0,none
JE107420,0,none
JE107421,0,none
JE107422,0,none
JE107423,0,none
JE107424,0,none
JE107425,0,none
JE107426,0,none
JE107427,0,none
JE107428,0,none
JE107429,0,none
JE107430,0,none
JE107431,0,none
JE107432,0,none
JE107433,0,none
JE107434,0,none
JE107435,0,none
JE107436,0,none
JE107437,0,none
JE107438,0,none
JE107439,0,none
JE107440,0,none
JE107441,0,none
JE107442,0,none
JE107443,0,none
JE107444,0,none
JE107445,0,none
JE107446,0,none
JE107447,0,none
JE107448,0,none
JE107449,0,none
JE107450,0,none
JE107451,0,none
JE107452,0,none
JE107453,0,none
JE107454,0,none
JE107455,0,none
JE107456,0,none
JE107457,0,none
JE107458,0,none
JE107459,0,none
JE107460,0,none
JE107461,0,none
JE107462,0,none
JE107463,0,none
JE107464,0,none
JE107465,0,none
JE107466,0,none
JE107467,0,none
JE107468,0,none
JE107469,0,none
JE107470,0,none
JE107471,0,none
JE107472,0,none
JE107473,0,none
JE107474,0,none
JE107475,0,none
JE107476,0,none
JE107477,0,none
JE107478,0,none
JE107479,0,none
JE107480,0,none
JE107481,0,none
JE107482,0,none
JE107483,0,none
JE107484,0,none
JE107485,0,none
JE107486,0,none
JE107487,0,none
JE107488,0,none
JE107489,0,none
JE107490,0,none
JE107491,0,none
JE107492,0,none
JE107493,0,none
JE107494,0,none
JE107495,0,none
JE107496,0,none
JE107497,0,none
JE107498,0,none
JE107499,0,none
JE107500,0,none
JE107501,0,none
JE107502,0,none
JE107503,0,none
JE107504,0,none
JE107505,0,none
JE107506,0,none
JE107507,0,none
JE107508,0,none
JE107509,0,none
JE107510,0,none
JE107511,0,none
JE107512,0,none
JE107513,0,none
JE107514,0,none
JE107515,0,none
JE107516,0,none
JE107517,0,none
JE107518,0,none
JE107519,0,none
JE107520,0,none
JE107521,0,none
JE107522,0,none
JE107523,0,none
JE107524,0,none
JE107525,0,none
JE107526,0,none
JE107527,0,none
JE107528,0,none
JE107529,0,none
JE107530,0,none
JE107531,0,none
JE107532,0,none
JE107533,0,none
JE107534,0,none
JE107535,0,none
JE107536,0,none
JE107537,0,none
JE107538,0,none
JE107539,0,none
JE107540,0,none
JE107541,0,none
JE107542,0,none
JE107543,0,none
JE107544,0,none
JE107545,0,none
JE107546,0,none
JE107547,0,none
JE107548,0,none
JE107549,0,none
JE107550,0,none
JE107551,0,none
JE107552,0,none
JE107553,0,none
JE107554,0,none
JE107555,0,none
JE107556,0,none
JE107557,0,none
JE107558,0,none
JE107559,0,none
JE107560,0,none
JE107561,0,none
JE107562,0,none
JE107563,0,none
JE107564,0,none
JE107565,0,none
JE107566,0,none
JE107567,0,none
JE107568,0,none
JE107569,0,none
JE107570,0,none
JE107571,0,none
JE107572,0,none
JE107573,0,none
JE107574,0,none
JE107575,0,none
JE107576,0,none
JE107577,0,none
JE107578,0,none
JE107579,0,none
JE107580,0,none
JE107581,0,none
JE107582,0,none
JE107583,0,none
JE107584,0,none
JE107585,0,none
JE107586,0,none
JE107587,0,none
JE107588,0,none
JE107589,0,none
JE107590,0,none
JE107591,0,none
JE107592,0,none
JE107593,0,none
JE107594,0,none
JE107595,0,none
JE107596,0,none
JE107597,0,none
JE107598,0,none
JE107599,0,none
JE107600,0,none
JE107601,0,none
JE107602,0,none
JE107603,0,none
JE107604,0,none
JE107605,0,none
JE107606,0,none
JE107607,0,none
JE107608,0,none
JE107609,0,none
JE107610,0,none
JE107611,0,none
JE107612,0,none
JE107613,0,none
JE107614,0,none
JE107615,0,none
JE107616,0,none
JE107617,0,none
JE107618,0,none
JE107619,0,none
JE107620,0,none
JE107621,0,none
JE107622,0,none
JE107623,0,none
JE107624,0,none
JE107625,0,none
JE107626,0,none
JE107627,0,none
JE107628,0,none
JE107629,0,none
JE107630,0,none
JE107631,0,none
JE107632,0,none
JE107633,0,none
JE107634,0,none
JE107635,0,none
JE107636,0,none
JE107637,0,none
JE107638,0,none
JE107639,0,none
JE107640,0,none
JE107641,0,none
JE107642,0,none
JE107643,0,none
JE107644,0,none
JE107645,0,none
JE107646,0,none
JE107647,0,none
JE107648,0,none
JE107649,0,none
JE107650,0,none
JE107651,0,none
JE107652,0,none
JE107653,0,none
JE107654,0,none
JE107655,0,none
JE107656,0,none
JE107657,0,none
JE107658,0,none
JE107659,0,none
JE107660,0,none
JE107661,0,none
JE107662,0,none
JE107663,0,none
JE107664,0,none
JE107665,0,none
JE107666,0,none
JE107667,0,none
JE107668,0,none
JE107669,0,none
JE107670,0,none
JE107671,0,none
JE107672,0,none
JE107673,0,none
JE107674,0,none
JE107675,0,none
JE107676,0,none
JE107677,0,none
JE107678,0,none
JE107679,0,none
JE107680,0,none
JE107681,0,none
JE107682,0,none
JE107683,0,none
JE107684,0,none
JE107685,0,none
JE107686,0,none
JE107687,0,none
JE107688,0,none
JE107689,0,none
JE107690,0,none
JE107691,0,none
JE107692,0,none
JE107693,0,none
JE107694,0,none
JE107695,0,none
JE107696,0,none
JE107697,0,none
JE107698,0,none
JE107699,0,none
JE107700,0,none
JE107701,0,none
JE107702,0,none
JE107703,0,none
JE107704,0,none
JE107705,0,none
JE107706,0,none
JE107707,0,none
JE107708,0,none
JE107709,0,none
JE107710,0,none
JE107711,0,none
JE107712,0,none
JE107713,0,none
JE107714,0,none
JE107715,0,none
JE107716,0,none
JE107717,0,none
JE107718,0,none
JE107719,0,none
JE107720,0,none
JE107721,0,none
JE107722,0,none
JE107723,0,none
JE107724,0,none
JE107725,0,none
JE107726,0,none
JE107727,0,none
JE107728,0,none
JE107729,0,none
JE107730,0,none
JE107731,0,none
JE107732,0,none
JE107733,0,none
JE107734,0,none
JE107735,0,none
JE107736,0,none
JE107737,0,none
JE107738,0,none
JE107739,0,none
JE107740,0,none
JE107741,0,none
JE107742,0,none
JE107743,0,none
JE107744,0,none
JE107745,0,none
JE107746,0,none
JE107747,0,none
JE107748,0,none
JE107749,0,none
JE107750,0,none
JE107751,0,none
JE107752,0,none
JE107753,0,none
JE107754,0,none
JE107755,0,none
JE107756,0,none
JE107757,0,none
JE107758,0,none
JE107759,0,none
JE107760,0,none
JE107761,0,none
JE107762,0,none
JE107763,0,none
JE107764,0,none
JE107765,0,none
JE107766,0,none
JE107767,0,none
JE107768,0,none
JE107769,0,none
JE107770,0,none
JE107771,0,none
JE107772,0,none
JE107773,0,none
JE107774,0,none
JE107775,0,none
JE107776,0,none
JE107777,0,none
JE107778,0,none
JE107779,0,none
JE107780,0,none
JE107781,0,none
JE107782,0,none
JE107783,0,none
JE107784,0,none
JE107785,0,none
JE107786,0,none
JE107787,0,none
JE107788,0,none
JE107789,0,none
JE107790,0,none
JE107791,0,none
JE107792,0,none
JE107793,0,none
JE107794,0,none
JE107795,0,none
JE107796,0,none
JE107797,0,none
JE107798,0,none
JE107799,0,none
JE107800,0,none
JE107801,0,none
JE107802,0,none
JE107803,0,none
JE107804,0,none
JE107805,0,none
JE107806,0,none
JE107807,0,none
JE107808,0,none
JE107809,0,none
JE107810,0,none
JE107811,0,none
JE107812,0,none
JE107813,0,none
JE107814,0,none
JE107815,0,none
JE107816,0,none
JE107817,0,none
JE107818,0,none
JE107819,0,none
JE107820,0,none
JE107821,0,none
JE107822,0,none
JE107823,0,none
JE107824,0,none
JE107825,0,none
JE107826,0,none
JE107827,0,none
JE107828,0,none
JE107829,0,none
JE107830,0,none
JE107831,0,none
JE107832,0,none
JE107833,0,none
JE107834,0,none
JE107835,0,none
JE107836,0,none
JE107837,0,none
JE107838,0,none
JE107839,0,none
JE107840,0,none
JE107841,0,none
JE107842,0,none
JE107843,0,none
JE107844,0,none
JE107845,0,none
JE107846,0,none
JE107847,0,none
JE107848,0,none
JE107849,0,none
JE107850,0,none
JE107851,0,none
JE107852,0,none
JE107853,0,none
JE107854,0,none
JE107855,0,none
JE107856,0,none
JE107857,0,none
JE107858,0,none
JE107859,0,none
JE107860,0,none
JE107861,0,none
JE107862,0,none
JE107863,0,none
JE107864,0,none
JE107865,0,none
JE107866,0,none
JE107867,0,none
JE107868,0,none
JE107869,0,none
JE107870,0,none
JE107871,0,none
JE107872,0,none
JE107873,0,none
JE107874,0,none
JE107875,0,none
JE107876,0,none
JE107877,0,none
JE107878,0,none
JE107879,0,none
JE107880,0,none
JE107881,0,none
JE107882,0,none
JE107883,0,none
JE107884,0,none
JE107885,0,none
JE107886,0,none
JE107887,0,none
JE107888,0,none
JE107889,0,none
JE107890,0,none
JE107891,0,none
JE107892,0,none
JE107893,0,none
JE107894,0,none
JE107895,0,none
JE107896,0,none
JE107897,0,none
JE107898,0,none
JE107899,0,none
JE107900,0,none
JE107901,0,none
JE107902,0,none
JE107903,0,none
JE107904,0,none
JE107905,0,none
JE107906,0,none
JE107907,0,none
JE107908,0,none
JE107909,0,none
JE107910,0,none
JE107911,0,none
JE107912,0,none
JE107913,0,none
JE107914,0,none
JE107915,0,none
JE107916,0,none
JE107917,0,none
JE107918,0,none
JE107919,0,none
JE107920,0,none
JE107921,0,none
JE107922,0,none
JE107923,0,none
JE107924,0,none
JE107925,0,none
JE107926,0,none
JE107927,0,none
JE107928,0,none
JE107929,0,none
JE107930,0,none
JE107931,0,none
JE107932,0,none
JE107933,0,none
JE107934,0,none
JE107935,0,none
JE107936,0,none
JE107937,0,none
JE107938,0,none
JE107939,0,none
JE107940,0,none
JE107941,0,none
JE107942,0,none
JE107943,0,none
JE107944,0,none
JE107945,0,none
JE107946,0,none
JE107947,0,none
JE107948,0,none
JE107949,0,none
JE107950,0,none
JE107951,0,none
JE107952,0,none
JE107953,0,none
JE107954,0,none
JE107955,0,none
JE107956,0,none
JE107957,0,none
JE107958,0,none
JE107959,0,none
JE107960,0,none
JE107961,0,none
JE107962,0,none
JE107963,0,none
JE107964,0,none
JE107965,0,none
JE107966,0,none
JE107967,0,none
JE107968,0,none
JE107969,0,none
JE107970,0,none
JE107971,0,none
JE107972,0,none
JE107973,0,none
JE107974,0,none
JE107975,0,none
JE107976,0,none
JE107977,0,none
JE107978,0,none
JE107979,0,none
JE107980,0,none
JE107981,0,none
JE107982,0,none
JE107983,0,none
JE107984,0,none
JE107985,0,none
JE107986,0,none
JE107987,0,none
JE107988,0,none
JE107989,0,none
JE107990,0,none
JE107991,0,none
JE107992,0,none
JE107993,0,none
JE107994,0,none
JE107995,0,none
JE107996,0,none
JE107997,0,none
JE107998,0,none
JE107999,0,none
JE108000,0,none
JE108001,1,duplicate
JE108002,1,duplicate
JE108003,1,duplicate
JE108004,1,duplicate
JE108005,1,duplicate
JE108006,1,duplicate
JE108007,1,duplicate
JE108008,1,duplicate
JE108009,1,duplicate
JE108010,1,duplicate
JE108011,1,duplicate
JE108012,1,duplicate
JE108013,1,duplicate
JE108014,1,duplicate
JE108015,1,duplicate
JE108016,1,round_number
JE108017,1,round_number
JE108018,1,round_number
JE108019,1,round_number
JE108020,1,round_number
JE108021,1,round_number
JE108022,1,round_number
JE108023,1,round_number
JE108024,1,round_number
JE108025,1,round_number
JE108026,1,round_number
JE108027,1,round_number
JE108028,1,round_number
JE108029,1,round_number
JE108030,1,round_number
JE108031,1,round_number
JE108032,1,round_number
JE108033,1,round_number
JE108034,1,round_number
JE108035,1,round_number
JE108036,1,off_hours_weekend
JE108037,1,off_hours_weekend
JE108038,1,off_hours_weekend
JE108039,1,off_hours_weekend
JE108040,1,off_hours_weekend
JE108041,1,off_hours_weekend
JE108042,1,off_hours_weekend
JE108043,1,off_hours_weekend
JE108044,1,off_hours_weekend
JE108045,1,off_hours_weekend
JE108046,1,off_hours_weekend
JE108047,1,off_hours_weekend
JE108048,1,off_hours_weekend
JE108049,1,off_hours_weekend
JE108050,1,off_hours_weekend
JE108051,1,off_hours_weekend
JE108052,1,off_hours_weekend
JE108053,1,off_hours_weekend
JE108054,1,vendor_concentration
JE108055,1,vendor_concentration
JE108056,1,vendor_concentration
JE108057,1,vendor_concentration
JE108058,1,vendor_concentration
JE108059,1,vendor_concentration
JE108060,1,vendor_concentration
JE108061,1,vendor_concentration
JE108062,1,vendor_concentration
JE108063,1,vendor_concentration
JE108064,1,vendor_concentration
JE108065,1,vendor_concentration
JE108066,1,vendor_concentration
JE108067,1,vendor_concentration
JE108068,1,vendor_concentration
JE108069,1,vendor_concentration
JE108070,1,vendor_concentration
JE108071,1,vendor_concentration
JE108072,1,vendor_concentration
JE108073,1,vendor_concentration
JE108074,1,vendor_concentration
JE108075,1,vendor_concentration
JE108076,1,vendor_concentration
JE108077,1,vendor_concentration
JE108078,1,vendor_concentration
JE108079,1,vendor_concentration
JE108080,1,vendor_concentration
JE108081,1,vendor_concentration
JE108082,1,vendor_concentration
JE108083,1,vendor_concentration
JE108084,1,vendor_concentration
JE108085,1,vendor_concentration
JE108086,1,vendor_concentration
JE108087,1,vendor_concentration
JE108088,1,vendor_concentration
JE108089,1,statistical_outlier
JE108090,1,statistical_outlier
JE108091,1,statistical_outlier
JE108092,1,statistical_outlier
JE108093,1,statistical_outlier
JE108094,1,statistical_outlier
JE108095,1,statistical_outlier
JE108096,1,statistical_outlier
JE108097,1,statistical_outlier
JE108098,1,statistical_outlier
JE108099,1,statistical_outlier
JE108100,1,statistical_outlier
JE108101,1,month_end_spike
JE108102,1,month_end_spike
JE108103,1,month_end_spike
JE108104,1,month_end_spike
JE108105,1,month_end_spike
JE108106,1,month_end_spike
JE108107,1,month_end_spike
JE108108,1,month_end_spike
JE108109,1,month_end_spike
JE108110,1,month_end_spike
JE108111,1,month_end_spike
JE108112,1,month_end_spike
JE108113,1,month_end_spike
JE108114,1,month_end_spike
JE108115,1,month_end_spike
JE108116,1,month_end_spike
JE108117,1,month_end_spike
JE108118,1,month_end_spike
JE108119,1,month_end_spike
JE108120,1,month_end_spike
JE108121,1,month_end_spike
JE108122,1,month_end_spike
JE108123,1,month_end_spike
JE108124,1,month_end_spike
JE108125,1,month_end_spike
JE108126,1,month_end_spike
JE108127,1,month_end_spike
JE108128,1,month_end_spike
JE108129,1,month_end_spike
JE108130,1,month_end_spike
JE108131,1,month_end_spike
JE108132,1,month_end_spike
JE108133,1,month_end_spike
JE108134,1,month_end_spike
JE108135,1,month_end_spike
JE108136,1,month_end_spike
JE108137,1,month_end_spike
JE108138,1,month_end_spike
JE108139,1,month_end_spike
JE108140,1,month_end_spike
