transaction_id,ml_anomaly_score,ml_flag
JE105798,0.2984,normal
JE104304,0.3153,normal
JE101129,0.2455,normal
JE105363,0.1821,normal
JE103785,0.331,normal
JE100245,0.2134,normal
JE102639,0.2693,normal
JE102135,0.2461,normal
JE107959,0.2868,normal
JE106798,0.2988,normal
JE104547,0.1897,normal
JE106698,0.1615,normal
JE104748,0.4172,normal
JE104450,0.4568,anomaly
JE105261,0.4466,anomaly
JE107985,0.1575,normal
JE103703,0.344,normal
JE103144,0.2717,normal
JE108059,0.6227,anomaly
JE104516,0.4132,normal
JE101635,0.1708,normal
JE104333,0.239,normal
JE106689,0.2701,normal
JE107978,0.1951,normal
JE103158,0.355,normal
JE107921,0.1987,normal
JE104887,0.3035,normal
JE103445,0.2387,normal
JE104101,0.1844,normal
JE101128,0.3065,normal
JE106590,0.2421,normal
JE100159,0.3266,normal
JE102382,0.2263,normal
JE107049,0.258,normal
JE107314,0.141,normal
JE106851,0.2301,normal
JE100163,0.2012,normal
JE106832,0.3987,normal
JE105275,0.1659,normal
JE103682,0.1449,normal
JE102709,0.264,normal
JE104876,0.4077,normal
JE106495,0.2088,normal
JE104408,0.1798,normal
JE102675,0.2656,normal
JE105444,0.1756,normal
JE108021,0.4582,anomaly
JE106207,0.3807,normal
JE100894,0.3321,normal
JE100095,0.1624,normal
JE107612,0.3546,normal
JE100446,0.4471,anomaly
JE105205,0.2934,normal
JE100122,0.2328,normal
JE107827,0.1958,normal
JE100113,0.1991,normal
JE106427,0.3385,normal
JE105255,0.2624,normal
JE104923,0.2591,normal
JE103415,0.3819,normal
JE102681,0.3932,normal
JE102893,0.3583,normal
JE100103,0.1793,normal
JE106178,0.1045,normal
JE103640,0.2509,normal
JE107440,0.3949,normal
JE104905,0.1967,normal
JE107243,0.0977,normal
JE104713,0.103,normal
JE101858,0.2902,normal
JE106473,0.137,normal
JE106161,0.1054,normal
JE102970,0.2098,normal
JE100876,0.1485,normal
JE104458,0.2237,normal
JE101815,0.1882,normal
JE101754,0.2024,normal
JE104980,0.163,normal
JE104725,0.4613,anomaly
JE107613,0.1909,normal
JE105990,0.242,normal
JE106993,0.2352,normal
JE103754,0.3831,normal
JE107787,0.3697,normal
JE102367,0.1862,normal
JE106877,0.2776,normal
JE101430,0.3204,normal
JE103003,0.2644,normal
JE107647,0.2792,normal
JE103931,0.2276,normal
JE102293,0.1872,normal
JE104680,0.2536,normal
JE100141,0.2838,normal
JE108032,0.5733,anomaly
JE107580,0.3344,normal
JE104620,0.342,normal
JE101114,0.3958,normal
JE101778,0.1632,normal
JE105278,0.2096,normal
JE105385,0.1589,normal
JE107924,0.3572,normal
JE107680,0.3283,normal
JE105290,0.2108,normal
JE104095,0.3523,normal
JE106420,0.2026,normal
JE103528,0.3047,normal
JE103866,0.0683,normal
JE104254,0.3247,normal
JE101269,0.33,normal
JE107054,0.2196,normal
JE101107,0.2291,normal
JE103311,0.2551,normal
JE108129,0.7124,anomaly
JE100248,0.1675,normal
JE102538,0.2593,normal
JE104668,0.1811,normal
JE100211,0.2787,normal
JE105358,0.1456,normal
JE105523,0.1717,normal
JE102689,0.2472,normal
JE107187,0.2277,normal
JE106267,0.3042,normal
JE103759,0.4876,anomaly
JE106881,0.274,normal
JE102751,0.2705,normal
JE100696,0.1391,normal
JE104523,0.21,normal
JE106753,0.2029,normal
JE105024,0.2626,normal
JE100951,0.0799,normal
JE101740,0.2816,normal
JE104288,0.2559,normal
JE103650,0.2388,normal
JE107398,0.3047,normal
JE101764,0.2118,normal
JE104598,0.5265,anomaly
JE101176,0.0878,normal
JE102420,0.401,normal
JE102005,0.2794,normal
JE107262,0.2784,normal
JE102920,0.1954,normal
JE106682,0.4255,normal
JE106133,0.3894,normal
JE101223,0.2509,normal
JE103747,0.1502,normal
JE105842,0.1678,normal
JE105377,0.2915,normal
JE102268,0.4725,anomaly
JE102821,0.2709,normal
JE101004,0.1197,normal
JE108061,0.6536,anomaly
JE102173,0.2253,normal
JE103617,0.272,normal
JE102387,0.1201,normal
JE104644,0.2161,normal
JE103400,0.1778,normal
JE100992,0.266,normal
JE102271,0.2341,normal
JE106470,0.2133,normal
JE106231,0.3096,normal
JE104544,0.2159,normal
JE104052,0.2006,normal
JE105880,0.1272,normal
JE106597,0.291,normal
JE100742,0.1414,normal
JE104061,0.1609,normal
JE106561,0.4477,anomaly
JE101948,0.1787,normal
JE104484,0.1704,normal
JE102346,0.2414,normal
JE101990,0.0586,normal
JE101075,0.4637,anomaly
JE107794,0.2015,normal
JE105783,0.3516,normal
JE103630,0.1265,normal
JE106796,0.3406,normal
JE104679,0.202,normal
JE104716,0.1724,normal
JE106737,0.1526,normal
JE105916,0.203,normal
JE100913,0.2401,normal
JE105055,0.1822,normal
JE100897,0.2871,normal
JE100233,0.2966,normal
JE100101,0.2919,normal
JE104352,0.1404,normal
JE102831,0.2126,normal
JE100346,0.0956,normal
JE106781,0.4247,normal
JE108130,0.9646,anomaly
JE101967,0.2543,normal
JE102250,0.2882,normal
JE100352,0.1732,normal
JE100972,0.1835,normal
JE102307,0.224,normal
JE102987,0.133,normal
JE104994,0.2857,normal
JE105520,0.3727,normal
JE102884,0.2862,normal
JE106432,0.1574,normal
JE107431,0.1509,normal
JE103410,0.3331,normal
JE106603,0.222,normal
JE102209,0.1431,normal
JE105771,0.4038,normal
JE104151,0.2346,normal
JE100562,0.2875,normal
JE101033,0.1524,normal
JE106852,0.161,normal
JE105462,0.2385,normal
JE107505,0.3545,normal
JE103152,0.2613,normal
JE105874,0.3814,normal
JE102714,0.1809,normal
JE106183,0.3417,normal
JE105686,0.2599,normal
JE100904,0.2013,normal
JE102435,0.1199,normal
JE106497,0.3978,normal
JE101681,0.2205,normal
JE106381,0.2816,normal
JE105410,0.3584,normal
JE104087,0.2185,normal
JE102977,0.1694,normal
JE108033,0.6207,anomaly
JE106544,0.212,normal
JE104964,0.2723,normal
JE105476,0.2992,normal
JE102200,0.1913,normal
JE104796,0.1059,normal
JE105286,0.226,normal
JE105450,0.2388,normal
JE101926,0.3479,normal
JE107289,0.5552,anomaly
JE103611,0.253,normal
JE103748,0.1235,normal
JE106292,0.2387,normal
JE105141,0.2608,normal
JE101544,0.168,normal
JE106617,0.2103,normal
JE101842,0.3192,normal
JE106910,0.2807,normal
JE100966,0.2648,normal
JE101916,0.4524,anomaly
JE102408,0.2607,normal
JE100523,0.1329,normal
JE101137,0.1531,normal
JE104763,0.2354,normal
JE105901,0.1257,normal
JE101507,0.2994,normal
JE105984,0.2529,normal
JE106496,0.1367,normal
JE101344,0.2695,normal
JE102520,0.3082,normal
JE100583,0.2745,normal
JE106604,0.2961,normal
JE107053,0.1675,normal
JE102626,0.1298,normal
JE107501,0.1971,normal
JE106870,0.1748,normal
JE101902,0.2465,normal
JE100706,0.1455,normal
JE105929,0.4487,anomaly
JE100798,0.2532,normal
JE104297,0.3236,normal
JE101742,0.2,normal
JE105973,0.1657,normal
JE106376,0.3421,normal
JE106755,0.2238,normal
JE106454,0.3392,normal
JE107137,0.1269,normal
JE107389,0.2006,normal
JE101264,0.1116,normal
JE101498,0.4792,anomaly
JE101058,0.3421,normal
JE102934,0.2561,normal
JE101941,0.3491,normal
JE104085,0.3532,normal
JE101565,0.2065,normal
JE104300,0.2335,normal
JE104552,0.2295,normal
JE103257,0.3002,normal
JE100728,0.1712,normal
JE100375,0.307,normal
JE102606,0.2307,normal
JE100434,0.3573,normal
JE106665,0.2525,normal
JE107834,0.271,normal
JE100701,0.3422,normal
JE106816,0.3006,normal
JE107740,0.3082,normal
JE103020,0.5533,anomaly
JE100564,0.0555,normal
JE104354,0.2618,normal
JE107419,0.1279,normal
JE102272,0.168,normal
JE101956,0.4025,normal
JE100296,0.3148,normal
JE107617,0.4643,anomaly
JE105479,0.216,normal
JE101666,0.3996,normal
JE101798,0.2856,normal
JE104417,0.2725,normal
JE106885,0.1194,normal
JE103474,0.3081,normal
JE103861,0.298,normal
JE103618,0.3644,normal
JE100806,0.1158,normal
JE105259,0.2517,normal
JE100995,0.3716,normal
JE105937,0.213,normal
JE100597,0.3727,normal
JE100388,0.2743,normal
JE108068,0.8428,anomaly
JE101797,0.2281,normal
JE106651,0.1561,normal
JE100731,0.1912,normal
JE105871,0.1801,normal
JE102704,0.2025,normal
JE101194,0.2175,normal
JE102569,0.2452,normal
JE105681,0.4306,normal
JE104398,0.1074,normal
JE100096,0.1799,normal
JE102262,0.307,normal
JE101180,0.1418,normal
JE101225,0.1571,normal
JE100781,0.2306,normal
JE100135,0.3188,normal
JE102593,0.1278,normal
JE104831,0.2723,normal
JE103610,0.2534,normal
JE105538,0.1216,normal
JE101123,0.1965,normal
JE107587,0.2257,normal
JE107288,0.1983,normal
JE103962,0.1856,normal
JE105225,0.5738,anomaly
JE106380,0.3167,normal
JE106548,0.3681,normal
JE100102,0.2514,normal
JE101647,0.4403,anomaly
JE100461,0.426,normal
JE103284,0.2369,normal
JE107304,0.1283,normal
JE106021,0.1646,normal
JE103363,0.3084,normal
JE100900,0.0978,normal
JE104084,0.3506,normal
JE107036,0.269,normal
JE102949,0.1663,normal
JE103726,0.2418,normal
JE105012,0.151,normal
JE105026,0.455,anomaly
JE107527,0.2201,normal
JE102993,0.3681,normal
JE102647,0.1432,normal
JE105145,0.2168,normal
JE105179,0.1787,normal
JE103420,0.1495,normal
JE103743,0.1913,normal
JE100719,0.3211,normal
JE105416,0.2426,normal
JE105077,0.2062,normal
JE100247,0.4619,anomaly
JE107286,0.3413,normal
JE105162,0.2729,normal
JE101079,0.1623,normal
JE106980,0.2513,normal
JE105160,0.2945,normal
JE103172,0.2794,normal
JE105371,0.3484,normal
JE102601,0.2472,normal
JE104267,0.162,normal
JE102344,0.3551,normal
JE103222,0.0959,normal
JE100277,0.1394,normal
JE103360,0.3787,normal
JE100789,0.4119,normal
JE104445,0.4681,anomaly
JE107180,0.5076,anomaly
JE102464,0.2169,normal
JE102288,0.1938,normal
JE102634,0.103,normal
JE102807,0.2879,normal
JE103475,0.1949,normal
JE105877,0.3326,normal
JE101998,0.1881,normal
JE100408,0.1961,normal
JE105525,0.2101,normal
JE105195,0.3093,normal
JE100460,0.2642,normal
JE106121,0.3525,normal
JE105365,0.1222,normal
JE103160,0.2483,normal
JE101385,0.4151,normal
JE105356,0.2827,normal
JE107961,0.1714,normal
JE103041,0.2353,normal
JE105213,0.2952,normal
JE101355,0.1756,normal
JE107168,0.1625,normal
JE102793,0.2633,normal
JE101512,0.1556,normal
JE105390,0.2113,normal
JE100057,0.187,normal
JE105495,0.2766,normal
JE107904,0.2298,normal
JE100416,0.1629,normal
JE106339,0.2677,normal
JE102532,0.1859,normal
JE104703,0.3545,normal
JE103515,0.1677,normal
JE104878,0.2591,normal
JE101084,0.297,normal
JE101864,0.1168,normal
JE101873,0.2986,normal
JE100935,0.2924,normal
JE106357,0.5705,anomaly
JE101788,0.1394,normal
JE100906,0.152,normal
JE102318,0.0993,normal
JE103544,0.3045,normal
JE106876,0.2432,normal
JE101708,0.3009,normal
JE102521,0.126,normal
JE107692,0.2344,normal
JE106017,0.2713,normal
JE101420,0.2176,normal
JE103024,0.221,normal
JE105922,0.1615,normal
JE106240,0.1668,normal
JE105116,0.1916,normal
JE105527,0.349,normal
JE100577,0.3369,normal
JE102194,0.2084,normal
JE104176,0.1925,normal
JE106618,0.5602,anomaly
JE108072,0.6382,anomaly
JE100413,0.3835,normal
JE100047,0.0758,normal
JE107804,0.2678,normal
JE103709,0.1603,normal
JE103943,0.2821,normal
JE106471,0.2382,normal
JE107023,0.3892,normal
JE105910,0.2554,normal
JE105087,0.4758,anomaly
JE103643,0.1872,normal
JE105122,0.3504,normal
JE104661,0.355,normal
JE100276,0.1403,normal
JE104991,0.268,normal
JE106718,0.1149,normal
JE102774,0.2574,normal
JE103115,0.1848,normal
JE106117,0.3148,normal
JE101203,0.4101,normal
JE103605,0.2053,normal
JE104892,0.1709,normal
JE103676,0.1658,normal
JE100611,0.2526,normal
JE101859,0.2769,normal
JE105841,0.201,normal
JE107698,0.3952,normal
JE100893,0.2776,normal
JE104130,0.0766,normal
JE101978,0.3765,normal
JE101876,0.2167,normal
JE102826,0.3958,normal
JE106817,0.1497,normal
JE106608,0.2277,normal
JE103749,0.2379,normal
JE101715,0.2558,normal
JE108088,0.6421,anomaly
JE105881,0.332,normal
JE107816,0.2591,normal
JE103083,0.2111,normal
JE101042,0.118,normal
JE106970,0.1845,normal
JE106715,0.255,normal
JE106148,0.2425,normal
JE100950,0.163,normal
JE104279,0.2289,normal
JE105184,0.1705,normal
JE103273,0.2684,normal
JE100188,0.3086,normal
JE106790,0.1544,normal
JE103165,0.3447,normal
JE106864,0.3627,normal
JE106206,0.3691,normal
JE102615,0.2951,normal
JE103783,0.1876,normal
JE105986,0.139,normal
JE104565,0.4715,anomaly
JE107830,0.2599,normal
JE107937,0.3709,normal
JE104677,0.2501,normal
JE106190,0.3154,normal
JE106549,0.1647,normal
JE107533,0.383,normal
JE107553,0.2795,normal
JE103694,0.3347,normal
JE106026,0.3887,normal
JE107166,0.2953,normal
JE102169,0.2519,normal
JE101168,0.2405,normal
JE100800,0.2676,normal
JE101087,0.2864,normal
JE102533,0.2931,normal
JE101602,0.4177,normal
JE104081,0.1372,normal
JE102798,0.1115,normal
JE107403,0.1958,normal
JE102414,0.1894,normal
JE101242,0.2969,normal
JE102157,0.254,normal
JE101435,0.277,normal
JE105896,0.1699,normal
JE107217,0.2155,normal
JE103061,0.2128,normal
JE105322,0.1654,normal
JE106752,0.1128,normal
JE105163,0.2371,normal
JE106863,0.2903,normal
JE102897,0.1979,normal
JE107329,0.352,normal
JE105658,0.2963,normal
JE101210,0.334,normal
JE103871,0.1775,normal
JE107186,0.3101,normal
JE104094,0.1845,normal
JE101643,0.0319,normal
JE105103,0.1837,normal
JE100452,0.2527,normal
JE100902,0.1617,normal
JE104508,0.3626,normal
JE101831,0.2867,normal
JE105324,0.3008,normal
JE100184,0.3268,normal
JE105905,0.2795,normal
JE104973,0.2591,normal
JE104412,0.194,normal
JE103228,0.2309,normal
JE103091,0.1094,normal
JE104513,0.2442,normal
JE104196,0.1762,normal
JE104737,0.2235,normal
JE105237,0.1769,normal
JE107968,0.1956,normal
JE104461,0.2365,normal
JE100054,0.2285,normal
JE102778,0.1039,normal
JE101461,0.2506,normal
JE101996,0.4107,normal
JE105139,0.1791,normal
JE106676,0.1049,normal
JE102070,0.533,anomaly
JE105869,0.2376,normal
JE104646,0.2712,normal
JE107515,0.2478,normal
JE100522,0.2177,normal
JE104845,0.3244,normal
JE100755,0.2568,normal
JE105424,0.1347,normal
JE107952,0.3555,normal
JE108094,0.7116,anomaly
JE104610,0.2033,normal
JE103620,0.1478,normal
JE108022,0.5501,anomaly
JE106605,0.2411,normal
JE106152,0.2834,normal
JE105415,0.2905,normal
JE105442,0.3071,normal
JE106272,0.4268,normal
JE105687,0.3722,normal
JE102726,0.192,normal
JE101525,0.2112,normal
JE105718,0.2216,normal
JE105979,0.2263,normal
JE102776,0.1339,normal
JE101819,0.1814,normal
JE104624,0.1854,normal
JE106828,0.1698,normal
JE104965,0.1861,normal
JE103031,0.2206,normal
JE101280,0.0954,normal
JE100836,0.1352,normal
JE100447,0.1892,normal
JE101422,0.122,normal
JE104822,0.1871,normal
JE106298,0.3885,normal
JE107020,0.2464,normal
JE103227,0.2036,normal
JE105536,0.4877,anomaly
JE104284,0.2989,normal
JE105575,0.2407,normal
JE103045,0.1048,normal
JE101569,0.3172,normal
JE106739,0.3144,normal
JE103623,0.0853,normal
JE107097,0.4209,normal
JE102785,0.283,normal
JE102210,0.2002,normal
JE102721,0.3376,normal
JE102587,0.4677,anomaly
JE103716,0.2525,normal
JE106791,0.3294,normal
JE100744,0.195,normal
JE107017,0.1992,normal
JE102347,0.4671,anomaly
JE105423,0.3268,normal
JE103116,0.2745,normal
JE107803,0.195,normal
JE107111,0.2668,normal
JE102924,0.1584,normal
JE101436,0.1998,normal
JE105144,0.1495,normal
JE107939,0.2454,normal
JE102247,0.2107,normal
JE100508,0.2256,normal
JE106598,0.2773,normal
JE106850,0.3277,normal
JE102484,0.2319,normal
JE101755,0.1293,normal
JE104278,0.262,normal
JE107353,0.37,normal
JE101196,0.1784,normal
JE101016,0.1037,normal
JE103139,0.2794,normal
JE105751,0.2161,normal
JE102636,0.2133,normal
JE105250,0.1386,normal
JE100763,0.4727,anomaly
JE104524,0.3422,normal
JE103679,0.1554,normal
JE104580,0.2739,normal
JE101648,0.218,normal
JE102278,0.2745,normal
JE105478,0.2356,normal
JE101642,0.3481,normal
JE100025,0.132,normal
JE107767,0.2922,normal
JE104906,0.1107,normal
JE102142,0.0646,normal
JE102668,0.3119,normal
JE100552,0.3976,normal
JE102653,0.1149,normal
JE105180,0.2842,normal
JE100146,0.2851,normal
JE105110,0.2472,normal
JE105570,0.1799,normal
JE100739,0.4615,anomaly
JE100579,0.281,normal
JE102332,0.3411,normal
JE105466,0.3117,normal
JE101133,0.2349,normal
JE100512,0.2564,normal
JE103185,0.4103,normal
JE107069,0.4424,anomaly
JE101164,0.244,normal
JE107098,0.3213,normal
JE101335,0.1614,normal
JE100150,0.2893,normal
JE105498,0.1124,normal
JE101303,0.4064,normal
JE107432,0.3889,normal
JE100489,0.2398,normal
JE101376,0.2896,normal
JE100080,0.433,normal
JE102536,0.2011,normal
JE101116,0.2239,normal
JE101333,0.3619,normal
JE104969,0.4971,anomaly
JE101550,0.1685,normal
JE102087,0.1596,normal
JE106735,0.2604,normal
JE102687,0.2367,normal
JE106512,0.2211,normal
JE101741,0.2646,normal
JE104197,0.2356,normal
JE106624,0.1652,normal
JE100853,0.3908,normal
JE102760,0.379,normal
JE104277,0.1925,normal
JE106317,0.3038,normal
JE100896,0.3346,normal
JE106494,0.1804,normal
JE100282,0.3236,normal
JE107653,0.1951,normal
JE102025,0.268,normal
JE103324,0.2068,normal
JE103243,0.2531,normal
JE107321,0.1451,normal
JE102574,0.4685,anomaly
JE104870,0.2763,normal
JE105547,0.3148,normal
JE105800,0.1756,normal
JE104835,0.2087,normal
JE105667,0.2715,normal
JE105011,0.322,normal
JE105968,0.3214,normal
JE107060,0.2057,normal
JE104000,0.3413,normal
JE107819,0.2016,normal
JE102433,0.1927,normal
JE108053,0.6275,anomaly
JE103254,0.2937,normal
JE106488,0.2637,normal
JE105277,0.1651,normal
JE103936,0.2751,normal
JE106946,0.1782,normal
JE101145,0.1287,normal
JE107760,0.1947,normal
JE100831,0.277,normal
JE106532,0.1245,normal
JE102170,0.1726,normal
JE104576,0.3051,normal
JE104875,0.3079,normal
JE101325,0.2388,normal
JE100014,0.3652,normal
JE104229,0.2739,normal
JE100949,0.1218,normal
JE103166,0.3151,normal
JE107189,0.2239,normal
JE101705,0.4336,normal
JE108116,0.6187,anomaly
JE107263,0.1987,normal
JE106688,0.188,normal
JE107244,0.1838,normal
JE104955,0.2179,normal
JE106694,0.427,normal
JE103548,0.5521,anomaly
JE101193,0.2027,normal
JE103567,0.1243,normal
JE100485,0.3602,normal
JE102036,0.3618,normal
JE104221,0.2979,normal
JE105678,0.3366,normal
JE103889,0.2342,normal
JE104952,0.2486,normal
JE102407,0.2711,normal
JE100516,0.2867,normal
JE100027,0.246,normal
JE101171,0.2217,normal
JE102586,0.098,normal
JE107573,0.1561,normal
JE101330,0.1587,normal
JE104214,0.3781,normal
JE107893,0.1241,normal
JE105305,0.3175,normal
JE106027,0.1863,normal
JE101882,0.1954,normal
JE102041,0.2045,normal
JE106150,0.2937,normal
JE107452,0.1532,normal
JE106938,0.2522,normal
JE100886,0.3416,normal
JE103637,0.1903,normal
JE107161,0.4134,normal
JE101584,0.2376,normal
JE103009,0.2337,normal
JE107504,0.1885,normal
JE105665,0.1784,normal
JE104938,0.2526,normal
JE101770,0.1151,normal
JE102906,0.3235,normal
JE101662,0.1631,normal
JE105316,0.1729,normal
JE101198,0.2503,normal
JE102767,0.2776,normal
JE103740,0.3199,normal
JE104477,0.2499,normal
JE107807,0.2559,normal
JE100501,0.3156,normal
JE105533,0.1927,normal
JE103878,0.189,normal
JE100492,0.2426,normal
JE105468,0.1509,normal
JE101658,0.2917,normal
JE106613,0.2193,normal
JE108050,0.6424,anomaly
JE100403,0.3154,normal
JE103356,0.1997,normal
JE100997,0.2718,normal
JE105644,0.306,normal
JE103633,0.2505,normal
JE108134,0.6505,anomaly
JE104362,0.2572,normal
JE108070,0.6382,anomaly
JE102931,0.3049,normal
JE106244,0.1572,normal
JE102656,0.2178,normal
JE102334,0.2441,normal
JE105499,0.2102,normal
JE100267,0.2814,normal
JE106200,0.1715,normal
JE106592,0.2459,normal
JE100064,0.1984,normal
JE101832,0.2799,normal
JE106782,0.3193,normal
JE106094,0.0868,normal
JE100457,0.0876,normal
JE105292,0.2372,normal
JE102496,0.3998,normal
JE100214,0.5054,anomaly
JE104741,0.4473,anomaly
JE101641,0.2522,normal
JE106533,0.2268,normal
JE100009,0.0882,normal
JE107854,0.1461,normal
JE103048,0.143,normal
JE104531,0.1749,normal
JE101667,0.1791,normal
JE101442,0.4239,normal
JE104867,0.2775,normal
JE101003,0.1447,normal
JE106284,0.2002,normal
JE104755,0.3884,normal
JE102800,0.2651,normal
JE107333,0.3944,normal
JE106457,0.3976,normal
JE100702,0.1839,normal
JE107330,0.2095,normal
JE103996,0.1671,normal
JE106857,0.3629,normal
JE100672,0.2605,normal
JE105581,0.3376,normal
JE108087,0.647,anomaly
JE103226,0.373,normal
JE107234,0.2243,normal
JE107811,0.3049,normal
JE102927,0.2384,normal
JE107057,0.2528,normal
JE107316,0.2402,normal
JE101226,0.3195,normal
JE104988,0.1673,normal
JE102465,0.2775,normal
JE107661,0.2253,normal
JE104326,0.1912,normal
JE103111,0.1607,normal
JE106334,0.2353,normal
JE107709,0.1257,normal
JE104008,0.2687,normal
JE104815,0.235,normal
JE105875,0.3007,normal
JE107445,0.1274,normal
JE102029,0.3508,normal
JE106524,0.2116,normal
JE102700,0.2672,normal
JE101127,0.2173,normal
JE106430,0.3439,normal
JE106290,0.2576,normal
JE104669,0.22,normal
JE101803,0.181,normal
JE104944,0.2334,normal
JE102022,0.2509,normal
JE105431,0.3038,normal
JE102651,0.181,normal
JE106965,0.196,normal
JE103802,0.4189,normal
JE102828,0.1467,normal
JE101071,0.3636,normal
JE105813,0.0876,normal
JE101437,0.2078,normal
JE103449,0.2821,normal
JE104234,0.159,normal
JE102302,0.2434,normal
JE100132,0.3025,normal
JE105201,0.0898,normal
JE107296,0.3159,normal
JE107918,0.2283,normal
JE106901,0.3585,normal
JE106241,0.2655,normal
JE104443,0.3246,normal
JE104369,0.2599,normal
JE100053,0.2082,normal
JE107809,0.3293,normal
JE108128,0.72,anomaly
JE105814,0.1744,normal
JE106205,0.2783,normal
JE102456,0.2758,normal
JE103422,0.1754,normal
JE101096,0.2297,normal
JE101499,0.5527,anomaly
JE107294,0.2517,normal
JE102781,0.3971,normal
JE104497,0.2257,normal
JE104427,0.3186,normal
JE104203,0.3477,normal
JE104236,0.3813,normal
JE105307,0.0971,normal
JE102568,0.193,normal
JE101219,0.3579,normal
JE102585,0.3214,normal
JE104307,0.2607,normal
JE100758,0.181,normal
JE100572,0.3111,normal
JE104810,0.3167,normal
JE101767,0.4677,anomaly
JE105969,0.2432,normal
JE107960,0.3387,normal
JE104025,0.275,normal
JE101142,0.2306,normal
JE107318,0.2516,normal
JE107291,0.2255,normal
JE106350,0.2901,normal
JE102159,0.1876,normal
JE102398,0.3124,normal
JE101875,0.2321,normal
JE103034,0.4558,anomaly
JE107368,0.2445,normal
JE104045,0.4393,anomaly
JE106447,0.1449,normal
JE106439,0.2841,normal
JE103546,0.2035,normal
JE101408,0.3568,normal
JE100986,0.1494,normal
JE101286,0.1863,normal
JE107212,0.2918,normal
JE106263,0.2173,normal
JE101214,0.2638,normal
JE101539,0.1865,normal
JE106313,0.2999,normal
JE107297,0.2889,normal
JE101709,0.2296,normal
JE101870,0.4756,anomaly
JE106656,0.2533,normal
JE101684,0.2154,normal
JE102016,0.1908,normal
JE107344,0.3101,normal
JE106899,0.3237,normal
JE102495,0.1147,normal
JE101321,0.1677,normal
JE107615,0.3711,normal
JE106489,0.2087,normal
JE105803,0.2807,normal
JE105965,0.2329,normal
JE106998,0.1486,normal
JE102270,0.2355,normal
JE103636,0.2279,normal
JE102999,0.2664,normal
JE103477,0.2763,normal
JE102009,0.2223,normal
JE100182,0.2266,normal
JE102339,0.2677,normal
JE104252,0.1745,normal
JE105104,0.1498,normal
JE104936,0.2891,normal
JE105070,0.2075,normal
JE104916,0.337,normal
JE104783,0.3403,normal
JE104175,0.3383,normal
JE104145,0.2944,normal
JE107005,0.3087,normal
JE105271,0.2165,normal
JE102224,0.2278,normal
JE101173,0.2639,normal
JE107677,0.2907,normal
JE106079,0.2148,normal
JE104215,0.2519,normal
JE107285,0.2236,normal
JE104735,0.2872,normal
JE107447,0.4408,anomaly
JE106227,0.3754,normal
JE106002,0.2004,normal
JE103810,0.2805,normal
JE105381,0.2761,normal
JE100633,0.328,normal
JE103701,0.2702,normal
JE106364,0.3143,normal
JE102974,0.4621,anomaly
JE105378,0.297,normal
JE104921,0.2688,normal
JE106043,0.5184,anomaly
JE105988,0.0831,normal
JE102773,0.152,normal
JE105920,0.1711,normal
JE101773,0.1277,normal
JE105659,0.3993,normal
JE100480,0.1654,normal
JE104951,0.2565,normal
JE106889,0.2409,normal
JE105297,0.1303,normal
JE105526,0.1782,normal
JE102524,0.2237,normal
JE103574,0.2229,normal
JE100595,0.1609,normal
JE106283,0.1329,normal
JE103520,0.2982,normal
JE108076,0.6937,anomaly
JE102552,0.2005,normal
JE102992,0.342,normal
JE102424,0.0746,normal
JE103869,0.2783,normal
JE103017,0.3127,normal
JE103167,0.1413,normal
JE103022,0.1452,normal
JE106708,0.2789,normal
JE107113,0.2614,normal
JE104945,0.2963,normal
JE103531,0.2946,normal
JE105828,0.3405,normal
JE107897,0.2871,normal
JE108043,0.3672,normal
JE106287,0.3983,normal
JE103770,0.2429,normal
JE100864,0.209,normal
JE104612,0.2704,normal
JE103664,0.2219,normal
JE100624,0.6091,anomaly
JE104030,0.1508,normal
JE100055,0.2586,normal
JE106416,0.1656,normal
JE100178,0.2317,normal
JE106124,0.1589,normal
JE104360,0.2008,normal
JE103638,0.0983,normal
JE106542,0.2176,normal
JE103764,0.2312,normal
JE101032,0.2111,normal
JE105101,0.2578,normal
JE105780,0.2701,normal
JE104899,0.0396,normal
JE103941,0.2745,normal
JE104826,0.302,normal
JE106062,0.363,normal
JE106960,0.2672,normal
JE106630,0.0612,normal
JE105936,0.2258,normal
JE107143,0.2629,normal
JE103953,0.2795,normal
JE102868,0.1835,normal
JE104233,0.2334,normal
JE105827,0.2055,normal
JE100420,0.2215,normal
JE103132,0.1909,normal
JE105181,0.3307,normal
JE107009,0.2994,normal
JE102846,0.1878,normal
JE103016,0.2726,normal
JE100787,0.2126,normal
JE100371,0.0674,normal
JE106092,0.1037,normal
JE102100,0.0979,normal
JE106335,0.0756,normal
JE107478,0.1831,normal
JE100771,0.4075,normal
JE102938,0.1407,normal
JE104048,0.4083,normal
JE100422,0.2652,normal
JE102548,0.2246,normal
JE101258,0.1902,normal
JE103680,0.2381,normal
JE102556,0.2417,normal
JE107570,0.2119,normal
JE106174,0.1814,normal
JE106920,0.2072,normal
JE103211,0.4093,normal
JE107495,0.3158,normal
JE105808,0.1946,normal
JE101261,0.1971,normal
JE100195,0.132,normal
JE100532,0.2167,normal
JE106915,0.1671,normal
JE105319,0.2116,normal
JE103304,0.241,normal
JE103175,0.2296,normal
JE103187,0.1655,normal
JE107366,0.1663,normal
JE101230,0.4367,normal
JE100963,0.1479,normal
JE106736,0.3077,normal
JE105211,0.1618,normal
JE100626,0.1789,normal
JE104348,0.2417,normal
JE101812,0.3073,normal
JE108000,0.2938,normal
JE107919,0.2611,normal
JE100622,0.1416,normal
JE100222,0.2983,normal
JE105754,0.2228,normal
JE100713,0.3359,normal
JE102523,0.1356,normal
JE103731,0.3348,normal
JE104699,0.235,normal
JE101108,0.2814,normal
JE102039,0.1304,normal
JE107648,0.3125,normal
JE102786,0.3884,normal
JE102204,0.1661,normal
JE103059,0.1562,normal
JE103424,0.1668,normal
JE104709,0.2705,normal
JE100664,0.1456,normal
JE100685,0.2634,normal
JE100173,0.3853,normal
JE106612,0.168,normal
JE100511,0.1295,normal
JE108044,0.4457,anomaly
JE104290,0.4215,normal
JE104356,0.2419,normal
JE106163,0.1888,normal
JE107044,0.143,normal
JE104548,0.2718,normal
JE102843,0.221,normal
JE106499,0.1266,normal
JE104551,0.3007,normal
JE105421,0.1374,normal
JE100001,0.1476,normal
JE106763,0.3442,normal
JE103619,0.1583,normal
JE101189,0.2089,normal
JE102630,0.1618,normal
JE103831,0.2006,normal
JE103497,0.4143,normal
JE107393,0.2733,normal
JE106068,0.5059,anomaly
JE105789,0.1502,normal
JE101911,0.1732,normal
JE100474,0.2163,normal
JE105451,0.2207,normal
JE103476,0.2466,normal
JE104489,0.1345,normal
JE100707,0.2351,normal
JE108089,0.5315,anomaly
JE106181,0.463,anomaly
JE103266,0.2972,normal
JE107664,0.307,normal
JE102702,0.3294,normal
JE107623,0.1674,normal
JE101345,0.2287,normal
JE106940,0.4614,anomaly
JE105839,0.2773,normal
JE103203,0.3137,normal
JE104638,0.0885,normal
JE100333,0.5332,anomaly
JE102795,0.4631,anomaly
JE106001,0.1259,normal
JE100060,0.284,normal
JE104125,0.1103,normal
JE106834,0.2617,normal
JE105553,0.1874,normal
JE106179,0.1377,normal
JE103434,0.1957,normal
JE100148,0.324,normal
JE100616,0.1803,normal
JE107233,0.1821,normal
JE106355,0.2936,normal
JE100651,0.3153,normal
JE103847,0.1575,normal
JE105864,0.3871,normal
JE101590,0.1968,normal
JE102369,0.2475,normal
JE104742,0.2315,normal
JE102001,0.1845,normal
JE106429,0.2478,normal
JE105552,0.2557,normal
JE103177,0.3194,normal
JE103535,0.3687,normal
JE107821,0.3053,normal
JE100351,0.419,normal
JE105375,0.5339,anomaly
JE101985,0.2685,normal
JE102645,0.2228,normal
JE102092,0.1787,normal
JE105056,0.1359,normal
JE102044,0.1524,normal
JE105616,0.2225,normal
JE103118,0.3656,normal
JE107782,0.2622,normal
JE107109,0.2453,normal
JE107824,0.1764,normal
JE107171,0.0846,normal
JE103940,0.336,normal
JE105376,0.2659,normal
JE104097,0.2219,normal
JE102067,0.1554,normal
JE105481,0.2149,normal
JE104966,0.2338,normal
JE106818,0.2081,normal
JE105740,0.3218,normal
JE106909,0.2215,normal
JE108045,0.3818,normal
JE106282,0.2321,normal
JE104071,0.1449,normal
JE104818,0.1666,normal
JE102925,0.1477,normal
JE104385,0.1122,normal
JE104109,0.1809,normal
JE102851,0.2807,normal
JE104871,0.3223,normal
JE105528,0.1998,normal
JE104773,0.3723,normal
JE104553,0.2681,normal
JE104247,0.1973,normal
JE104602,0.2444,normal
JE107428,0.2528,normal
JE101545,0.147,normal
JE107118,0.3588,normal
JE103448,0.0965,normal
JE106277,0.4011,normal
JE101486,0.2483,normal
JE101062,0.27,normal
JE102417,0.2512,normal
JE101236,0.2361,normal
JE106955,0.4511,anomaly
JE107983,0.1521,normal
JE104324,0.3959,normal
JE103074,0.2402,normal
JE101119,0.2635,normal
JE102739,0.2258,normal
JE100748,0.2965,normal
JE105267,0.2049,normal
JE107964,0.1318,normal
JE107214,0.0925,normal
JE107912,0.2028,normal
JE108107,0.6478,anomaly
JE105837,0.2478,normal
JE103183,0.2207,normal
JE104402,0.1565,normal
JE104470,0.338,normal
JE103506,0.196,normal
JE101011,0.1636,normal
JE102303,0.2435,normal
JE103683,0.2147,normal
JE102610,0.2224,normal
JE102285,0.3259,normal
JE106310,0.1687,normal
JE100988,0.2018,normal
JE102652,0.2615,normal
JE103436,0.1612,normal
JE103341,0.1958,normal
JE107614,0.3509,normal
JE103113,0.315,normal
JE105510,0.2844,normal
JE107665,0.2783,normal
JE106505,0.0819,normal
JE102990,0.4097,normal
JE105446,0.3027,normal
JE103339,0.2385,normal
JE103382,0.2724,normal
JE103053,0.214,normal
JE105637,0.4372,normal
JE100471,0.1342,normal
JE105333,0.1889,normal
JE106875,0.2308,normal
JE107415,0.3865,normal
JE107582,0.2978,normal
JE104291,0.2187,normal
JE101791,0.1445,normal
JE103114,0.5209,anomaly
JE103767,0.3138,normal
JE103629,0.3083,normal
JE101277,0.3559,normal
JE105361,0.4145,normal
JE102942,0.1844,normal
JE101488,0.2616,normal
JE102324,0.3298,normal
JE103616,0.2583,normal
JE102743,0.4174,normal
JE100916,0.1571,normal
JE103231,0.2214,normal
JE101392,0.2818,normal
JE101618,0.3111,normal
JE103029,0.1656,normal
JE105585,0.3588,normal
JE106990,0.2127,normal
JE102141,0.3758,normal
JE100741,0.1282,normal
JE100130,0.2385,normal
JE100192,0.281,normal
JE105083,0.2805,normal
JE103264,0.4373,normal
JE103372,0.3288,normal
JE104942,0.3643,normal
JE105945,0.1769,normal
JE101758,0.1965,normal
JE106537,0.1558,normal
JE101443,0.287,normal
JE107483,0.3268,normal
JE105661,0.1576,normal
JE106989,0.287,normal
JE106558,0.2298,normal
JE100843,0.245,normal
JE100832,0.1644,normal
JE101018,0.1991,normal
JE106273,0.1612,normal
JE106691,0.1555,normal
JE101731,0.3578,normal
JE100841,0.2068,normal
JE105796,0.2837,normal
JE103370,0.2372,normal
JE104880,0.3814,normal
JE102608,0.2817,normal
JE104411,0.3547,normal
JE101283,0.2548,normal
JE103550,0.1632,normal
JE100193,0.2686,normal
JE103301,0.2,normal
JE105069,0.0805,normal
JE103469,0.231,normal
JE102255,0.3068,normal
JE104024,0.2608,normal
JE100537,0.1492,normal
JE105002,0.3322,normal
JE100786,0.2319,normal
JE105899,0.1428,normal
JE103930,0.2774,normal
JE104933,0.2637,normal
JE101052,0.2314,normal
JE102554,0.2559,normal
JE102890,0.316,normal
JE103660,0.3523,normal
JE105248,0.1264,normal
JE103627,0.2432,normal
JE103562,0.0657,normal
JE104080,0.2219,normal
JE101749,0.3006,normal
JE106452,0.231,normal
JE101901,0.3005,normal
JE107387,0.2317,normal
JE106685,0.1911,normal
JE103438,0.1037,normal
JE101339,0.1458,normal
JE103632,0.327,normal
JE105949,0.2824,normal
JE103979,0.1906,normal
JE107673,0.3997,normal
JE105419,0.2964,normal
JE100861,0.4037,normal
JE102374,0.2452,normal
JE103287,0.2805,normal
JE107860,0.1684,normal
JE103547,0.0736,normal
JE108026,0.4419,anomaly
JE102611,0.1634,normal
JE106374,0.2555,normal
JE103922,0.3483,normal
JE105084,0.2079,normal
JE104601,0.2061,normal
JE100428,0.3538,normal
JE101209,0.1832,normal
JE102685,0.2494,normal
JE103465,0.1364,normal
JE102014,0.2726,normal
JE100390,0.2362,normal
JE100617,0.2561,normal
JE101307,0.0972,normal
JE100718,0.1438,normal
JE100029,0.174,normal
JE100373,0.2126,normal
JE101391,0.0989,normal
JE104192,0.229,normal
JE104180,0.2602,normal
JE106785,0.4864,anomaly
JE100319,0.1583,normal
JE107862,0.2922,normal
JE104779,0.231,normal
JE100005,0.2868,normal
JE101931,0.3038,normal
JE105121,0.419,normal
JE103557,0.2794,normal
JE105238,0.2106,normal
JE105182,0.293,normal
JE100688,0.2954,normal
JE107507,0.3676,normal
JE107255,0.2259,normal
JE104563,0.2407,normal
JE102853,0.3509,normal
JE106110,0.2749,normal
JE101353,0.2881,normal
JE103899,0.1947,normal
JE102143,0.2071,normal
JE101676,0.2474,normal
JE101043,0.3288,normal
JE100360,0.234,normal
JE106634,0.2588,normal
JE104259,0.0874,normal
JE102960,0.2301,normal
JE100975,0.3713,normal
JE100666,0.246,normal
JE102996,0.2022,normal
JE102763,0.1913,normal
JE101290,0.2673,normal
JE104464,0.2768,normal
JE106238,0.3913,normal
JE105246,0.4959,anomaly
JE101041,0.4039,normal
JE104446,0.1798,normal
JE104421,0.3695,normal
JE107312,0.1992,normal
JE102148,0.4257,normal
JE105618,0.1231,normal
JE100722,0.2603,normal
JE107981,0.2558,normal
JE102715,0.2403,normal
JE102471,0.1746,normal
JE101351,0.2021,normal
JE105515,0.4151,normal
JE105193,0.3685,normal
JE100740,0.1078,normal
JE102482,0.3477,normal
JE100730,0.2457,normal
JE100922,0.4336,normal
JE100969,0.1949,normal
JE103361,0.186,normal
JE105541,0.3018,normal
JE100934,0.1662,normal
JE100442,0.2927,normal
JE102442,0.2452,normal
JE105217,0.2289,normal
JE101095,0.1855,normal
JE105876,0.1432,normal
JE101929,0.209,normal
JE105882,0.2973,normal
JE102114,0.076,normal
JE100427,0.1541,normal
JE105693,0.2912,normal
JE102994,0.2525,normal
JE104561,0.414,normal
JE105203,0.2861,normal
JE104666,0.1976,normal
JE101907,0.2324,normal
JE101243,0.2814,normal
JE101846,0.1984,normal
JE101497,0.4348,normal
JE107031,0.1839,normal
JE100464,0.3915,normal
JE104512,0.2982,normal
JE103803,0.1771,normal
JE105389,0.2239,normal
JE100453,0.1516,normal
JE102917,0.245,normal
JE104554,0.2099,normal
JE104865,0.3249,normal
JE103815,0.3621,normal
JE105825,0.3157,normal
JE104837,0.3895,normal
JE103601,0.1948,normal
JE108137,0.542,anomaly
JE102573,0.2022,normal
JE103692,0.1857,normal
JE107422,0.2504,normal
JE106725,0.1755,normal
JE104843,0.4047,normal
JE104897,0.3005,normal
JE100665,0.1414,normal
JE104570,0.3999,normal
JE105572,0.1287,normal
JE105912,0.2713,normal
JE107153,0.3864,normal
JE100925,0.3118,normal
JE101838,0.3751,normal
JE100406,0.2077,normal
JE100189,0.2413,normal
JE104377,0.2471,normal
JE105346,0.3058,normal
JE103693,0.4597,anomaly
JE105669,0.1626,normal
JE101697,0.1442,normal
JE101652,0.1731,normal
JE101615,0.2807,normal
JE106128,0.3677,normal
JE100399,0.1477,normal
JE104383,0.2996,normal
JE102588,0.326,normal
JE106887,0.1767,normal
JE103325,0.2984,normal
JE103733,0.1725,normal
JE104133,0.2983,normal
JE100136,0.239,normal
JE107845,0.2185,normal
JE106979,0.2999,normal
JE104767,0.3903,normal
JE104298,0.1451,normal
JE103912,0.2502,normal
JE103064,0.134,normal
JE106968,0.1736,normal
JE102220,0.1489,normal
JE104453,0.3407,normal
JE100890,0.3337,normal
JE103318,0.3379,normal
JE101792,0.2394,normal
JE106621,0.3111,normal
JE106783,0.3384,normal
JE100808,0.2829,normal
JE100751,0.1628,normal
JE106018,0.1562,normal
JE106418,0.1687,normal
JE102737,0.2186,normal
JE104399,0.2609,normal
JE107100,0.2494,normal
JE104189,0.2422,normal
JE104798,0.2334,normal
JE106766,0.3633,normal
JE100308,0.2925,normal
JE103358,0.4438,anomaly
JE100158,0.3358,normal
JE103855,0.172,normal
JE102422,0.1837,normal
JE102453,0.1809,normal
JE102563,0.1318,normal
JE107977,0.2577,normal
JE103229,0.2553,normal
JE102353,0.3063,normal
JE104641,0.449,anomaly
JE106552,0.3376,normal
JE102889,0.3561,normal
JE101241,0.2243,normal
JE103426,0.1847,normal
JE105310,0.2346,normal
JE101464,0.1535,normal
JE100980,0.1705,normal
JE103862,0.2596,normal
JE100729,0.1766,normal
JE106672,0.1567,normal
JE103482,0.3276,normal
JE105716,0.2166,normal
JE104115,0.267,normal
JE104556,0.2418,normal
JE103873,0.1992,normal
JE105551,0.0774,normal
JE103707,0.1536,normal
JE104231,0.2025,normal
JE100090,0.2124,normal
JE103092,0.2698,normal
JE100040,0.3498,normal
JE103466,0.211,normal
JE102102,0.2586,normal
JE107261,0.5655,anomaly
JE102297,0.3126,normal
JE106521,0.2946,normal
JE108057,0.6389,anomaly
JE101674,0.2001,normal
JE103835,0.3542,normal
JE100505,0.2309,normal
JE107056,0.337,normal
JE106379,0.2237,normal
JE101516,0.304,normal
JE100086,0.0867,normal
JE104134,0.2538,normal
JE103642,0.174,normal
JE103522,0.2794,normal
JE101431,0.283,normal
JE101522,0.3026,normal
JE103067,0.3137,normal
JE102971,0.1919,normal
JE106197,0.3459,normal
JE106285,0.3943,normal
JE106114,0.307,normal
JE106948,0.268,normal
JE100509,0.1476,normal
JE101458,0.0485,normal
JE100315,0.2582,normal
JE102425,0.2097,normal
JE104301,0.1906,normal
JE100653,0.4194,normal
JE105146,0.1307,normal
JE107757,0.2233,normal
JE102312,0.3722,normal
JE106625,0.2419,normal
JE101475,0.2396,normal
JE100334,0.2322,normal
JE107122,0.1938,normal
JE103224,0.2618,normal
JE102663,0.2028,normal
JE102359,0.1713,normal
JE106776,0.29,normal
JE105288,0.2731,normal
JE105088,0.2093,normal
JE104634,0.3035,normal
JE102012,0.2407,normal
JE106373,0.4509,anomaly
JE101183,0.2481,normal
JE104206,0.2748,normal
JE106337,0.1549,normal
JE100684,0.1718,normal
JE100957,0.3761,normal
JE106554,0.2869,normal
JE106971,0.1716,normal
JE103491,0.2731,normal
JE107078,0.4062,normal
JE102984,0.3787,normal
JE105823,0.371,normal
JE102199,0.1831,normal
JE100640,0.348,normal
JE100306,0.1755,normal
JE102457,0.4214,normal
JE104415,0.2482,normal
JE101683,0.1842,normal
JE101327,0.28,normal
JE102812,0.1267,normal
JE107810,0.3984,normal
JE100232,0.1719,normal
JE106087,0.0883,normal
JE107139,0.3575,normal
JE100180,0.4945,anomaly
JE100393,0.2149,normal
JE107829,0.0872,normal
JE106788,0.1313,normal
JE101306,0.4178,normal
JE106369,0.4008,normal
JE100962,0.3601,normal
JE104959,0.2333,normal
JE107003,0.3503,normal
JE101122,0.18,normal
JE106003,0.2595,normal
JE102131,0.4301,normal
JE101035,0.1621,normal
JE107127,0.4354,normal
JE100359,0.4107,normal
JE102125,0.1499,normal
JE101282,0.1994,normal
JE102205,0.2871,normal
JE101342,0.2464,normal
JE107119,0.3153,normal
JE106823,0.3877,normal
JE101750,0.2612,normal
JE102093,0.2482,normal
JE100384,0.1457,normal
JE106780,0.1874,normal
JE107701,0.2709,normal
JE105727,0.2991,normal
JE106944,0.1453,normal
JE103274,0.1272,normal
JE103728,0.4739,anomaly
JE103711,0.2821,normal
JE105739,0.1494,normal
JE107420,0.2484,normal
JE104584,0.2005,normal
JE105697,0.1448,normal
JE106536,0.2745,normal
JE107675,0.1011,normal
JE105344,0.2524,normal
JE103340,0.2057,normal
JE104161,0.1264,normal
JE103992,0.1992,normal
JE107633,0.1443,normal
JE105946,0.3009,normal
JE102352,0.1959,normal
JE103461,0.3498,normal
JE103775,0.1815,normal
JE101366,0.2069,normal
JE100733,0.2053,normal
JE107549,0.2674,normal
JE102922,0.0994,normal
JE104323,0.2317,normal
JE105172,0.3168,normal
JE107835,0.2081,normal
JE106352,0.2493,normal
JE100757,0.3321,normal
JE101060,0.1908,normal
JE107503,0.2348,normal
JE104587,0.4453,anomaly
JE103668,0.1567,normal
JE103984,0.1847,normal
JE107889,0.1805,normal
JE105178,0.3604,normal
JE104364,0.3711,normal
JE107708,0.1144,normal
JE101407,0.1944,normal
JE105766,0.2486,normal
JE106545,0.2311,normal
JE104540,0.3094,normal
JE102879,0.129,normal
JE101527,0.2639,normal
JE105604,0.1416,normal
JE104328,0.2122,normal
JE104555,0.1166,normal
JE103004,0.2507,normal
JE102962,0.1363,normal
JE107272,0.2358,normal
JE106666,0.2742,normal
JE101356,0.2609,normal
JE101068,0.316,normal
JE102126,0.2065,normal
JE107717,0.2293,normal
JE105909,0.2403,normal
JE101679,0.25,normal
JE104178,0.1996,normal
JE102944,0.1783,normal
JE100761,0.2446,normal
JE104059,0.1828,normal
JE107434,0.2681,normal
JE100979,0.2708,normal
JE102718,0.1059,normal
JE103504,0.221,normal
JE101796,0.3433,normal
JE101410,0.2651,normal
JE107625,0.3908,normal
JE107227,0.3228,normal
JE101782,0.1332,normal
JE106927,0.3768,normal
JE101555,0.1033,normal
JE103146,0.2417,normal
JE105280,0.1939,normal
JE104184,0.1335,normal
JE103294,0.1943,normal
JE104957,0.1381,normal
JE107446,0.2179,normal
JE104574,0.2577,normal
JE100705,0.302,normal
JE103746,0.1545,normal
JE104801,0.1774,normal
JE105219,0.3455,normal
JE107045,0.255,normal
JE107298,0.1554,normal
JE102002,0.1816,normal
JE106905,0.186,normal
JE101969,0.1802,normal
JE106116,0.302,normal
JE103819,0.161,normal
JE107050,0.4906,anomaly
JE105073,0.1561,normal
JE101702,0.1292,normal
JE102756,0.5078,anomaly
JE106466,0.2568,normal
JE104148,0.2526,normal
JE103648,0.2998,normal
JE102806,0.276,normal
JE105785,0.2448,normal
JE102095,0.2554,normal
JE102659,0.181,normal
JE106507,0.2289,normal
JE102124,0.2448,normal
JE103336,0.3328,normal
JE102306,0.3297,normal
JE106559,0.4252,normal
JE100695,0.1936,normal
JE107372,0.2121,normal
JE103813,0.1656,normal
JE101885,0.2402,normal
JE103602,0.264,normal
JE107456,0.2351,normal
JE101699,0.3472,normal
JE104541,0.3032,normal
JE101077,0.2152,normal
JE103350,0.2729,normal
JE103523,0.2326,normal
JE100530,0.3788,normal
JE106356,0.3574,normal
JE102712,0.2762,normal
JE103613,0.2055,normal
JE102686,0.3087,normal
JE103480,0.2506,normal
JE105383,0.1372,normal
JE104659,0.1809,normal
JE104636,0.3314,normal
JE106239,0.1511,normal
JE105543,0.2016,normal
JE100526,0.221,normal
JE101649,0.2523,normal
JE106954,0.1424,normal
JE105550,0.1855,normal
JE102186,0.2554,normal
JE106401,0.1328,normal
JE103951,0.3647,normal
JE104353,0.2968,normal
JE104056,0.1691,normal
JE104169,0.3088,normal
JE105380,0.3011,normal
JE103894,0.3002,normal
JE107381,0.2405,normal
JE102579,0.4764,anomaly
JE101593,0.169,normal
JE107343,0.1573,normal
JE100020,0.1628,normal
JE104345,0.3789,normal
JE101429,0.2416,normal
JE104629,0.3234,normal
JE104637,0.2925,normal
JE102839,0.5267,anomaly
JE107179,0.1516,normal
JE105455,0.2495,normal
JE105692,0.2469,normal
JE106215,0.1543,normal
JE105720,0.1687,normal
JE101170,0.2977,normal
JE105136,0.3067,normal
JE104595,0.1639,normal
JE105524,0.1258,normal
JE107603,0.2485,normal
JE103028,0.2863,normal
JE105651,0.2215,normal
JE107640,0.1536,normal
JE106091,0.1651,normal
JE106984,0.1453,normal
JE103614,0.2691,normal
JE100948,0.1537,normal
JE104739,0.219,normal
JE108111,0.6191,anomaly
JE106415,0.2116,normal
JE107105,0.3045,normal
JE104172,0.115,normal
JE105331,0.2019,normal
JE105926,0.1981,normal
JE102175,0.0871,normal
JE100905,0.0938,normal
JE100084,0.3793,normal
JE102671,0.1845,normal
JE106008,0.2313,normal
JE103527,0.2332,normal
JE103845,0.249,normal
JE104571,0.1935,normal
JE105627,0.1713,normal
JE105254,0.2269,normal
JE107472,0.1189,normal
JE101524,0.245,normal
JE106808,0.2154,normal
JE101389,0.1986,normal
JE101024,0.3188,normal
JE101626,0.2558,normal
JE106351,0.4144,normal
JE103999,0.4003,normal
JE101147,0.18,normal
JE100679,0.2618,normal
JE105723,0.2592,normal
JE102594,0.1791,normal
JE105234,0.1945,normal
JE102883,0.1279,normal
JE102335,0.2183,normal
JE103583,0.3742,normal
JE102723,0.2879,normal
JE106182,0.3305,normal
JE101669,0.3464,normal
JE107520,0.3955,normal
JE101850,0.3575,normal
JE103095,0.2782,normal
JE101515,0.2266,normal
JE106861,0.2049,normal
JE100378,0.2066,normal
JE103225,0.0797,normal
JE101556,0.1924,normal
JE105228,0.3241,normal
JE102437,0.1718,normal
JE106705,0.1368,normal
JE103312,0.3717,normal
JE107271,0.2861,normal
JE104037,0.1972,normal
JE107514,0.1202,normal
JE101725,0.2285,normal
JE107901,0.26,normal
JE103572,0.1748,normal
JE102035,0.2311,normal
JE101592,0.3552,normal
JE102557,0.2809,normal
JE103453,0.2821,normal
JE108025,0.1556,normal
JE107317,0.1886,normal
JE106106,0.2078,normal
JE107146,0.3699,normal
JE104732,0.1594,normal
JE104694,0.4559,anomaly
JE100947,0.2833,normal
JE102243,0.2034,normal
JE102517,0.1573,normal
JE107178,0.3015,normal
JE108098,0.5031,anomaly
JE101964,0.2986,normal
JE106721,0.24,normal
JE106740,0.0836,normal
JE106754,0.1784,normal
JE102040,0.2093,normal
JE107258,0.3324,normal
JE105224,0.3091,normal
JE105200,0.3808,normal
JE101001,0.3126,normal
JE107384,0.2534,normal
JE100608,0.2627,normal
JE101562,0.1812,normal
JE105335,0.0875,normal
JE103151,0.2522,normal
JE104381,0.1349,normal
JE105461,0.2723,normal
JE100379,0.3273,normal
JE107500,0.203,normal
JE102308,0.22,normal
JE106484,0.3836,normal
JE102941,0.343,normal
JE103867,0.1888,normal
JE102245,0.4703,anomaly
JE103397,0.3058,normal
JE102342,0.2308,normal
JE103027,0.1991,normal
JE106923,0.1273,normal
JE103606,0.3025,normal
JE101451,0.312,normal
JE105668,0.2069,normal
JE108010,0.2157,normal
JE101418,0.2535,normal
JE102791,0.2545,normal
JE103967,0.1978,normal
JE105895,0.2485,normal
JE104781,0.3652,normal
JE107295,0.1928,normal
JE106076,0.3778,normal
JE102164,0.3495,normal
JE104898,0.2449,normal
JE100079,0.1152,normal
JE107887,0.4275,normal
JE103842,0.1509,normal
JE102559,0.1142,normal
JE107274,0.3048,normal
JE108085,0.6926,anomaly
JE100187,0.2511,normal
JE100116,0.1627,normal
JE104728,0.1426,normal
JE103621,0.2461,normal
JE105768,0.1769,normal
JE101445,0.3744,normal
JE103774,0.2214,normal
JE103338,0.1708,normal
JE100335,0.246,normal
JE100636,0.2133,normal
JE102379,0.1104,normal
JE106564,0.2611,normal
JE100652,0.2554,normal
JE106011,0.3151,normal
JE103553,0.3494,normal
JE108056,0.6448,anomaly
JE102857,0.211,normal
JE101546,0.1665,normal
JE100326,0.5914,anomaly
JE107141,0.2402,normal
JE106744,0.1086,normal
JE102655,0.1667,normal
JE106363,0.1602,normal
JE101181,0.3301,normal
JE106596,0.3728,normal
JE101190,0.2023,normal
JE105412,0.1516,normal
JE105320,0.2713,normal
JE104778,0.2494,normal
JE104208,0.3349,normal
JE108123,0.6104,anomaly
JE107713,0.3551,normal
JE105829,0.1922,normal
JE104195,0.4153,normal
JE106221,0.3908,normal
JE100801,0.3745,normal
JE102698,0.2208,normal
JE103270,0.1639,normal
JE107905,0.3859,normal
JE103169,0.1544,normal
JE100118,0.2406,normal
JE103030,0.2216,normal
JE101588,0.1297,normal
JE105540,0.2716,normal
JE102127,0.4952,anomaly
JE106036,0.2815,normal
JE103369,0.4141,normal
JE101310,0.2385,normal
JE105893,0.3647,normal
JE103354,0.1408,normal
JE107081,0.1182,normal
JE103832,0.2396,normal
JE106775,0.2179,normal
JE102511,0.2974,normal
JE100454,0.1162,normal
JE102972,0.1348,normal
JE107971,0.2681,normal
JE105403,0.136,normal
JE105398,0.2245,normal
JE107958,0.3594,normal
JE105102,0.4173,normal
JE105418,0.2773,normal
JE106880,0.3108,normal
JE102910,0.2423,normal
JE102462,0.2464,normal
JE106811,0.1244,normal
JE106892,0.4729,anomaly
JE103507,0.4312,normal
JE104065,0.2768,normal
JE104017,0.1312,normal
JE107231,0.2069,normal
JE104386,0.4408,anomaly
JE106490,0.2442,normal
JE107654,0.0635,normal
JE105556,0.4015,normal
JE102886,0.1058,normal
JE107609,0.1237,normal
JE107014,0.3607,normal
JE101228,0.3013,normal
JE101986,0.2224,normal
JE104316,0.1702,normal
JE106354,0.1737,normal
JE102497,0.1793,normal
JE101294,0.2099,normal
JE103178,0.2793,normal
JE106278,0.2165,normal
JE104186,0.2067,normal
JE106461,0.1916,normal
JE102811,0.2298,normal
JE102236,0.285,normal
JE107370,0.3412,normal
JE104586,0.4037,normal
JE107672,0.2606,normal
JE104643,0.1659,normal
JE100325,0.4516,anomaly
JE107892,0.2037,normal
JE102291,0.2228,normal
JE103987,0.4,normal
JE104263,0.2183,normal
JE101423,0.3432,normal
JE102985,0.1949,normal
JE104542,0.3852,normal
JE105577,0.1666,normal
JE101872,0.4218,normal
JE106614,0.4051,normal
JE100110,0.1974,normal
JE104984,0.1454,normal
JE103378,0.3397,normal
JE105685,0.2801,normal
JE105671,0.3959,normal
JE102874,0.1843,normal
JE102259,0.2659,normal
JE102328,0.1531,normal
JE104426,0.1547,normal
JE107413,0.359,normal
JE106487,0.3446,normal
JE106367,0.1016,normal
JE106728,0.3861,normal
JE107059,0.3331,normal
JE101426,0.3114,normal
JE107566,0.1348,normal
JE107560,0.2262,normal
JE107618,0.457,anomaly
JE102451,0.2157,normal
JE106149,0.3261,normal
JE104282,0.1879,normal
JE101790,0.1516,normal
JE101097,0.4068,normal
JE104511,0.2217,normal
JE106563,0.1544,normal
JE106383,0.1845,normal
JE106340,0.2119,normal
JE106063,0.1587,normal
JE102254,0.1166,normal
JE100961,0.2032,normal
JE104409,0.2998,normal
JE103208,0.1694,normal
JE105554,0.267,normal
JE101158,0.4169,normal
JE102499,0.4398,anomaly
JE105674,0.4269,normal
JE102375,0.3402,normal
JE102747,0.2427,normal
JE100604,0.3362,normal
JE105036,0.309,normal
JE103033,0.4045,normal
JE107999,0.2747,normal
JE103112,0.1454,normal
JE103195,0.2393,normal
JE106192,0.2511,normal
JE106368,0.2291,normal
JE103300,0.1657,normal
JE106391,0.2119,normal
JE105845,0.3394,normal
JE103038,0.2564,normal
JE100681,0.3482,normal
JE106385,0.2429,normal
JE104096,0.2418,normal
JE100699,0.2728,normal
JE101536,0.2358,normal
JE101083,0.3324,normal
JE104593,0.2444,normal
JE105890,0.1526,normal
JE107729,0.1672,normal
JE107812,0.0674,normal
JE106408,0.1704,normal
JE101691,0.2109,normal
JE101329,0.3004,normal
JE104534,0.1257,normal
JE100690,0.2039,normal
JE105645,0.1583,normal
JE102856,0.3009,normal
JE105607,0.359,normal
JE104706,0.2463,normal
JE107963,0.2199,normal
JE103087,0.1807,normal
JE104311,0.3316,normal
JE100732,0.2115,normal
JE105623,0.2674,normal
JE106136,0.291,normal
JE103127,0.2291,normal
JE106407,0.2847,normal
JE101606,0.2063,normal
JE107136,0.3674,normal
JE104788,0.3682,normal
JE107843,0.1553,normal
JE103390,0.2393,normal
JE103753,0.3618,normal
JE101105,0.159,normal
JE107616,0.2594,normal
JE105487,0.2631,normal
JE100162,0.3903,normal
JE100197,0.1926,normal
JE105622,0.2263,normal
JE102742,0.2075,normal
JE101701,0.1654,normal
JE107896,0.16,normal
JE104004,0.2594,normal
JE105306,0.1956,normal
JE103708,0.2357,normal
JE100411,0.3666,normal
JE101538,0.0977,normal
JE103964,0.2409,normal
JE101732,0.2048,normal
JE100677,0.1886,normal
JE106122,0.2141,normal
JE105429,0.232,normal
JE101387,0.3094,normal
JE106330,0.1388,normal
JE103332,0.2346,normal
JE105707,0.2134,normal
JE102316,0.4388,anomaly
JE103655,0.1697,normal
JE105608,0.3813,normal
JE103218,0.0979,normal
JE103412,0.2365,normal
JE106506,0.3797,normal
JE101284,0.2499,normal
JE107072,0.2038,normal
JE101922,0.1429,normal
JE105170,0.2749,normal
JE104106,0.2364,normal
JE104165,0.2274,normal
JE106734,0.206,normal
JE102662,0.2189,normal
JE107479,0.2349,normal
JE101529,0.1839,normal
JE105284,0.2194,normal
JE107588,0.2276,normal
JE101484,0.2407,normal
JE103977,0.1359,normal
JE105728,0.5069,anomaly
JE106445,0.4812,anomaly
JE101760,0.2093,normal
JE100343,0.2194,normal
JE103200,0.1537,normal
JE102458,0.138,normal
JE102519,0.3808,normal
JE107367,0.2753,normal
JE100128,0.2502,normal
JE102393,0.1788,normal
JE100610,0.162,normal
JE101454,0.4301,normal
JE103063,0.1819,normal
JE104726,0.1762,normal
JE103171,0.2687,normal
JE102745,0.2574,normal
JE101039,0.1639,normal
JE106411,0.0834,normal
JE105273,0.1885,normal
JE103456,0.3591,normal
JE106378,0.1029,normal
JE101772,0.2643,normal
JE102912,0.3141,normal
JE101270,0.1469,normal
JE104069,0.1708,normal
JE100405,0.276,normal
JE102817,0.1103,normal
JE102202,0.4921,anomaly
JE101884,0.1741,normal
JE103710,0.3808,normal
JE103330,0.1297,normal
JE106670,0.2338,normal
JE101724,0.1447,normal
JE105756,0.2593,normal
JE106677,0.2801,normal
JE103198,0.2377,normal
JE100133,0.3073,normal
JE100372,0.2545,normal
JE102191,0.3573,normal
JE107183,0.1055,normal
JE100329,0.2833,normal
JE104842,0.3287,normal
JE102600,0.2435,normal
JE102706,0.2584,normal
JE106038,0.2447,normal
JE105972,0.2454,normal
JE103156,0.195,normal
JE100168,0.3186,normal
JE106100,0.2623,normal
JE101959,0.1504,normal
JE102732,0.2776,normal
JE103587,0.236,normal
JE105417,0.2769,normal
JE105231,0.3521,normal
JE100362,0.3303,normal
JE105094,0.2633,normal
JE105336,0.2032,normal
JE107864,0.27,normal
JE100723,0.3154,normal
JE108124,0.6339,anomaly
JE106012,0.2247,normal
JE105772,0.2961,normal
JE102409,0.2239,normal
JE107299,0.1907,normal
JE104160,0.3161,normal
JE101622,0.3696,normal
JE103180,0.4257,normal
JE105095,0.3186,normal
JE103071,0.1459,normal
JE102007,0.2924,normal
JE105106,0.2398,normal
JE100316,0.1832,normal
JE104836,0.2,normal
JE100215,0.2617,normal
JE102137,0.4696,anomaly
JE104238,0.2247,normal
JE102174,0.3296,normal
JE100659,0.3549,normal
JE103032,0.2752,normal
JE107564,0.1442,normal
JE106963,0.2964,normal
JE105563,0.1425,normal
JE107871,0.278,normal
JE105315,0.2203,normal
JE106050,0.2848,normal
JE103295,0.2128,normal
JE100337,0.3033,normal
JE104139,0.1579,normal
JE104011,0.1983,normal
JE103010,0.3133,normal
JE102110,0.3005,normal
JE100747,0.1966,normal
JE103916,0.133,normal
JE106810,0.2511,normal
JE108120,0.5715,anomaly
JE102468,0.1594,normal
JE106013,0.2324,normal
JE105129,0.203,normal
JE105471,0.319,normal
JE106093,0.1921,normal
JE101982,0.4544,anomaly
JE102269,0.3379,normal
JE104750,0.3903,normal
JE103399,0.4171,normal
JE107788,0.2325,normal
JE106838,0.2144,normal
JE104790,0.1986,normal
JE100290,0.292,normal
JE104359,0.3508,normal
JE101802,0.1551,normal
JE104608,0.2674,normal
JE100921,0.3577,normal
JE102954,0.331,normal
JE101920,0.3101,normal
JE102725,0.2411,normal
JE107293,0.1871,normal
JE101716,0.0804,normal
JE108080,0.8025,anomaly
JE100514,0.1908,normal
JE100846,0.1332,normal
JE102298,0.2631,normal
JE105948,0.274,normal
JE101343,0.3347,normal
JE107823,0.3422,normal
JE102051,0.2362,normal
JE107402,0.0764,normal
JE107493,0.2091,normal
JE104167,0.3986,normal
JE100074,0.3112,normal
JE101490,0.2199,normal
JE107245,0.1591,normal
JE108117,1.0,anomaly
JE103485,0.2131,normal
JE100826,0.221,normal
JE106987,0.4009,normal
JE101813,0.1914,normal
JE100493,0.2348,normal
JE105151,0.322,normal
JE104005,0.3133,normal
JE107865,0.165,normal
JE103376,0.1326,normal
JE106824,0.0981,normal
JE100650,0.2231,normal
JE102902,0.2231,normal
JE107749,0.4444,anomaly
JE104981,0.2315,normal
JE104114,0.3683,normal
JE106917,0.1891,normal
JE100256,0.0209,normal
JE101685,0.2779,normal
JE103744,0.2797,normal
JE107745,0.1977,normal
JE104487,0.3424,normal
JE100869,0.1486,normal
JE102623,0.168,normal
JE100433,0.3176,normal
JE102894,0.2428,normal
JE103084,0.4647,anomaly
JE100774,0.2115,normal
JE107943,0.2633,normal
JE100954,0.2588,normal
JE106211,0.2578,normal
JE104712,0.2059,normal
JE105605,0.1819,normal
JE100743,0.3635,normal
JE102058,0.12,normal
JE107451,0.1572,normal
JE100117,0.3765,normal
JE103573,0.0838,normal
JE102905,0.1408,normal
JE104159,0.0604,normal
JE107268,0.1756,normal
JE107465,0.2755,normal
JE104340,0.1694,normal
JE107554,0.3488,normal
JE106500,0.2157,normal
JE102351,0.2862,normal
JE105232,0.1248,normal
JE107006,0.3495,normal
JE101786,0.2506,normal
JE107249,0.2345,normal
JE103362,0.1774,normal
JE100738,0.2882,normal
JE103450,0.1435,normal
JE100081,0.1701,normal
JE104976,0.0854,normal
JE105120,0.1744,normal
JE104241,0.1872,normal
JE104986,0.2548,normal
JE102018,0.2346,normal
JE107779,0.1987,normal
JE104582,0.2054,normal
JE105148,0.1405,normal
JE100174,0.1654,normal
JE104121,0.2394,normal
JE105327,0.23,normal
JE101167,0.2181,normal
JE100910,0.4192,normal
JE101720,0.2443,normal
JE106455,0.3204,normal
JE105950,0.201,normal
JE103329,0.2068,normal
JE104839,0.199,normal
JE101979,0.1388,normal
JE105127,0.3078,normal
JE107229,0.118,normal
JE101975,0.1873,normal
JE101946,0.3584,normal
JE101421,0.2012,normal
JE103612,0.1309,normal
JE101537,0.3993,normal
JE106388,0.2761,normal
JE102632,0.2119,normal
JE106115,0.4478,anomaly
JE104650,0.3512,normal
JE100185,0.1138,normal
JE104064,0.2032,normal
JE107948,0.2151,normal
JE103518,0.2202,normal
JE106703,0.3383,normal
JE103493,0.1865,normal
JE106594,0.2017,normal
JE101072,0.1451,normal
JE107731,0.3404,normal
JE102317,0.1995,normal
JE105923,0.2227,normal
JE105530,0.1045,normal
JE103641,0.152,normal
JE100933,0.2167,normal
JE101650,0.4308,normal
JE100356,0.182,normal
JE100068,0.2302,normal
JE108106,0.9311,anomaly
JE104341,0.1428,normal
JE103807,0.0795,normal
JE105897,0.2621,normal
JE105649,0.195,normal
JE101818,0.1459,normal
JE103699,0.3077,normal
JE103560,0.3018,normal
JE101253,0.3534,normal
JE104989,0.1754,normal
JE105884,0.1885,normal
JE104299,0.3648,normal
JE101671,0.1992,normal
JE101126,0.2419,normal
JE106825,0.3862,normal
JE100244,0.1677,normal
JE102968,0.2877,normal
JE102589,0.1806,normal
JE108126,0.6607,anomaly
JE101217,0.2449,normal
JE106322,0.2762,normal
JE105260,0.2416,normal
JE107284,0.164,normal
JE106577,0.3043,normal
JE107535,0.2915,normal
JE107594,0.2212,normal
JE102802,0.3618,normal
JE104310,0.1514,normal
JE104113,0.3696,normal
JE106220,0.3661,normal
JE102733,0.3564,normal
JE106446,0.1918,normal
JE105360,0.2999,normal
JE103891,0.1752,normal
JE106049,0.3255,normal
JE107733,0.1481,normal
JE100061,0.2404,normal
JE102129,0.3527,normal
JE104467,0.1171,normal
JE102572,0.3607,normal
JE102163,0.1644,normal
JE103622,0.2083,normal
JE106347,0.1841,normal
JE107206,0.2264,normal
JE107883,0.229,normal
JE100877,0.3752,normal
JE103088,0.3917,normal
JE105207,0.321,normal
JE102153,0.0968,normal
JE105218,0.1244,normal
JE106813,0.225,normal
JE100543,0.3049,normal
JE106681,0.1815,normal
JE105603,0.2668,normal
JE105638,0.2352,normal
JE103062,0.2543,normal
JE106767,0.4378,anomaly
JE107128,0.1563,normal
JE106628,0.1682,normal
JE104987,0.3121,normal
JE106516,0.2573,normal
JE106513,0.1871,normal
JE103565,0.2586,normal
JE106377,0.1394,normal
JE101178,0.3106,normal
JE101491,0.243,normal
JE100946,0.3838,normal
JE101078,0.1523,normal
JE100369,0.1368,normal
JE100563,0.3589,normal
JE101450,0.1893,normal
JE104438,0.2554,normal
JE107457,0.1942,normal
JE100700,0.138,normal
JE101299,0.212,normal
JE101364,0.2259,normal
JE103539,0.2913,normal
JE101380,0.4775,anomaly
JE107007,0.2571,normal
JE102757,0.3675,normal
JE100153,0.2486,normal
JE105236,0.2061,normal
JE107982,0.3305,normal
JE104630,0.3399,normal
JE100229,0.123,normal
JE104537,0.2,normal
JE101954,0.3194,normal
JE107805,0.2185,normal
JE101900,0.1261,normal
JE104745,0.1986,normal
JE105795,0.2982,normal
JE106949,0.1079,normal
JE105517,0.1882,normal
JE102421,0.4409,anomaly
JE101131,0.3228,normal
JE100131,0.1667,normal
JE104665,0.1608,normal
JE101405,0.1449,normal
JE100494,0.3841,normal
JE102790,0.2383,normal
JE107668,0.3187,normal
JE103739,0.2041,normal
JE106258,0.3997,normal
JE101599,0.4032,normal
JE105802,0.3449,normal
JE105791,0.1661,normal
JE100928,0.0912,normal
JE104368,0.4026,normal
JE105404,0.3724,normal
JE107508,0.2962,normal
JE102248,0.2693,normal
JE102951,0.4227,normal
JE101377,0.476,anomaly
JE101103,0.4254,normal
JE102265,0.2872,normal
JE103645,0.1919,normal
JE106191,0.1911,normal
JE100058,0.1872,normal
JE105435,0.2945,normal
JE102493,0.2842,normal
JE107895,0.2091,normal
JE107089,0.0923,normal
JE107475,0.1867,normal
JE102064,0.2406,normal
JE105725,0.2602,normal
JE107747,0.2426,normal
JE101403,0.3338,normal
JE105296,0.1024,normal
JE102371,0.1298,normal
JE103025,0.3841,normal
JE103458,0.1963,normal
JE103791,0.1786,normal
JE102277,0.1427,normal
JE107906,0.1561,normal
JE101794,0.2442,normal
JE103846,0.3339,normal
JE107863,0.4018,normal
JE107649,0.1425,normal
JE104854,0.2566,normal
JE106328,0.2279,normal
JE104088,0.1403,normal
JE103182,0.4287,normal
JE104117,0.1943,normal
JE100042,0.1651,normal
JE105730,0.2262,normal
JE107606,0.1426,normal
JE100839,0.3357,normal
JE105469,0.2529,normal
JE103431,0.3167,normal
JE105017,0.2892,normal
JE104016,0.2464,normal
JE101730,0.2648,normal
JE104374,0.2788,normal
JE100588,0.1411,normal
JE103499,0.1741,normal
JE105815,0.2989,normal
JE105834,0.1462,normal
JE103960,0.2248,normal
JE102959,0.2065,normal
JE105392,0.2333,normal
JE105221,0.2746,normal
JE108018,0.6155,anomaly
JE103364,0.2138,normal
JE107444,0.3203,normal
JE101765,0.2351,normal
JE100714,0.4267,normal
JE103909,0.199,normal
JE100196,0.2343,normal
JE101874,0.3935,normal
JE102017,0.1412,normal
JE107090,0.2541,normal
JE101091,0.1223,normal
JE101448,0.2899,normal
JE104717,0.4016,normal
JE107529,0.171,normal
JE107021,0.3929,normal
JE101645,0.3089,normal
JE103907,0.1675,normal
JE105989,0.2048,normal
JE102688,0.2373,normal
JE104022,0.2325,normal
JE104212,0.15,normal
JE105434,0.299,normal
JE104675,0.0662,normal
JE102426,0.2667,normal
JE100475,0.2603,normal
JE100398,0.2508,normal
JE105951,0.1734,normal
JE105367,0.4131,normal
JE100370,0.2786,normal
JE106770,0.0895,normal
JE103223,0.2353,normal
JE102237,0.1184,normal
JE107556,0.2292,normal
JE107218,0.2451,normal
JE106902,0.1891,normal
JE105539,0.2654,normal
JE106931,0.2718,normal
JE102764,0.3102,normal
JE101766,0.3053,normal
JE100717,0.1374,normal
JE102377,0.4384,anomaly
JE102769,0.174,normal
JE102221,0.2084,normal
JE101690,0.1509,normal
JE106482,0.1675,normal
JE107518,0.1793,normal
JE107223,0.1397,normal
JE107938,0.4481,anomaly
JE103818,0.1559,normal
JE107270,0.4216,normal
JE101239,0.2771,normal
JE104365,0.1709,normal
JE107768,0.1438,normal
JE107423,0.3065,normal
JE107356,0.1905,normal
JE105619,0.1876,normal
JE102463,0.2256,normal
JE105147,0.4316,normal
JE106423,0.2907,normal
JE101837,0.323,normal
JE101612,0.3234,normal
JE107379,0.2674,normal
JE106926,0.3341,normal
JE100161,0.3323,normal
JE107339,0.2965,normal
JE101972,0.2653,normal
JE103179,0.2823,normal
JE102749,0.1962,normal
JE102088,0.2114,normal
JE100450,0.0995,normal
JE101381,0.1465,normal
JE107242,0.0877,normal
JE108028,0.4275,normal
JE106611,0.4417,anomaly
JE107694,0.2031,normal
JE105210,0.145,normal
JE103919,0.1984,normal
JE101110,0.2936,normal
JE106425,0.2247,normal
JE105155,0.2806,normal
JE104640,0.3512,normal
JE107844,0.1713,normal
JE100164,0.1243,normal
JE100445,0.1728,normal
JE100641,0.1921,normal
JE107265,0.1955,normal
JE106762,0.1487,normal
JE106409,0.1616,normal
JE102607,0.1643,normal
JE102734,0.1821,normal
JE101154,0.3205,normal
JE107928,0.2414,normal
JE104222,0.2018,normal
JE101182,0.2609,normal
JE103886,0.2293,normal
JE100736,0.2708,normal
JE101138,0.4133,normal
JE104814,0.0991,normal
JE104317,0.3448,normal
JE102983,0.3118,normal
JE105714,0.1628,normal
JE105323,0.1718,normal
JE104225,0.4265,normal
JE103215,0.2129,normal
JE107400,0.2279,normal
JE100637,0.2276,normal
JE103595,0.2493,normal
JE105675,0.1769,normal
JE100109,0.0984,normal
JE108040,0.6877,anomaly
JE107655,0.3496,normal
JE105982,0.2842,normal
JE100280,0.2154,normal
JE102854,0.1713,normal
JE104849,0.4017,normal
JE102396,0.365,normal
JE105531,0.2492,normal
JE101821,0.0613,normal
JE104943,0.3557,normal
JE108100,0.5777,anomaly
JE100139,0.2194,normal
JE104787,0.122,normal
JE101855,0.2345,normal
JE104535,0.3248,normal
JE101295,0.1252,normal
JE105405,0.2784,normal
JE103440,0.0636,normal
JE104122,0.186,normal
JE106732,0.0771,normal
JE102758,0.1962,normal
JE102837,0.455,anomaly
JE100914,0.2323,normal
JE102154,0.2708,normal
JE106486,0.4501,anomaly
JE102947,0.1774,normal
JE100121,0.3095,normal
JE107572,0.1924,normal
JE101587,0.3227,normal
JE104245,0.2437,normal
JE102722,0.348,normal
JE103342,0.1321,normal
JE100038,0.2744,normal
JE107172,0.2266,normal
JE106153,0.1981,normal
JE102986,0.1448,normal
JE101247,0.3364,normal
JE106386,0.3946,normal
JE106303,0.3241,normal
JE101245,0.1742,normal
JE105694,0.2252,normal
JE100246,0.3324,normal
JE103625,0.2714,normal
JE107443,0.2854,normal
JE103077,0.2078,normal
JE101848,0.2589,normal
JE107666,0.434,normal
JE108006,0.159,normal
JE100241,0.3671,normal
JE104948,0.2756,normal
JE102196,0.1891,normal
JE103954,0.2422,normal
JE102030,0.1293,normal
JE108054,0.8478,anomaly
JE106431,0.1058,normal
JE100194,0.1588,normal
JE105311,0.2198,normal
JE101727,0.2433,normal
JE107363,0.0634,normal
JE104689,0.323,normal
JE102080,0.2563,normal
JE107350,0.1967,normal
JE100036,0.1871,normal
JE100632,0.3073,normal
JE101722,0.2192,normal
JE107287,0.307,normal
JE107246,0.277,normal
JE107158,0.2949,normal
JE102130,0.1821,normal
JE103911,0.3147,normal
JE108135,0.6711,anomaly
JE106147,0.2462,normal
JE101395,0.1291,normal
JE107383,0.225,normal
JE104434,0.2814,normal
JE102502,0.2059,normal
JE101548,0.2056,normal
JE106982,0.2392,normal
JE101057,0.1618,normal
JE107991,0.21,normal
JE102428,0.1818,normal
JE103355,0.1431,normal
JE101543,0.2412,normal
JE101153,0.2132,normal
JE107674,0.2176,normal
JE107780,0.3549,normal
JE101059,0.2206,normal
JE105368,0.2685,normal
JE107455,0.2643,normal
JE103214,0.2132,normal
JE106652,0.2138,normal
JE107727,0.1901,normal
JE101285,0.1846,normal
JE105089,0.268,normal
JE105068,0.1998,normal
JE105076,0.4078,normal
JE107993,0.1829,normal
JE106693,0.3835,normal
JE102784,0.2199,normal
JE103463,0.2252,normal
JE100449,0.2894,normal
JE100208,0.3947,normal
JE102907,0.2701,normal
JE102605,0.2016,normal
JE105015,0.1758,normal
JE100982,0.2956,normal
JE101577,0.2148,normal
JE105741,0.5581,anomaly
JE106264,0.1775,normal
JE107000,0.2431,normal
JE105641,0.3044,normal
JE102956,0.2023,normal
JE104485,0.2045,normal
JE107103,0.1436,normal
JE107801,0.336,normal
JE105840,0.3069,normal
JE108122,0.6815,anomaly
JE106686,0.1938,normal
JE103542,0.2436,normal
JE100596,0.2095,normal
JE106414,0.1628,normal
JE104237,0.1355,normal
JE107410,0.3421,normal
JE106236,0.2588,normal
JE102555,0.1779,normal
JE104589,0.3373,normal
JE101771,0.1304,normal
JE102336,0.2167,normal
JE105325,0.3246,normal
JE101605,0.1666,normal
JE105040,0.1695,normal
JE102946,0.3736,normal
JE103555,0.1698,normal
JE103760,0.2528,normal
JE106773,0.1453,normal
JE101179,0.2833,normal
JE105027,0.45,anomaly
JE107498,0.3432,normal
JE102558,0.1684,normal
JE103837,0.1898,normal
JE101586,0.129,normal
JE107468,0.1834,normal
JE100724,0.1244,normal
JE106841,0.2007,normal
JE107630,0.2121,normal
JE106433,0.2343,normal
JE105192,0.4725,anomaly
JE105705,0.2447,normal
JE104337,0.2605,normal
JE106932,0.2083,normal
JE103554,0.3295,normal
JE104276,0.2862,normal
JE104765,0.301,normal
JE103784,0.1778,normal
JE101936,0.2706,normal
JE107632,0.17,normal
JE107509,0.2337,normal
JE103817,0.1652,normal
JE101336,0.1029,normal
JE102845,0.3176,normal
JE102973,0.1924,normal
JE105797,0.4852,anomaly
JE106696,0.2393,normal
JE104155,0.1678,normal
JE103018,0.2093,normal
JE100767,0.2295,normal
JE101747,0.2937,normal
JE102864,0.2561,normal
JE101009,0.2876,normal
JE107075,0.2891,normal
JE100623,0.3295,normal
JE104057,0.1433,normal
JE102162,0.2589,normal
JE105298,0.1652,normal
JE103120,0.3595,normal
JE103829,0.4626,anomaly
JE104530,0.2398,normal
JE103926,0.3268,normal
JE108114,0.6154,anomaly
JE103561,0.2124,normal
JE102832,0.3383,normal
JE104062,0.1996,normal
JE102909,0.197,normal
JE106023,0.2796,normal
JE106760,0.1612,normal
JE101719,0.1678,normal
JE105174,0.3077,normal
JE104769,0.2622,normal
JE102792,0.3475,normal
JE102622,0.5128,anomaly
JE102171,0.1894,normal
JE100440,0.1244,normal
JE104425,0.2316,normal
JE103385,0.3266,normal
JE103735,0.1457,normal
JE106890,0.2285,normal
JE100542,0.3477,normal
JE103327,0.3281,normal
JE108034,0.4669,anomaly
JE107485,0.1298,normal
JE107548,0.1248,normal
JE103836,0.2164,normal
JE102432,0.1136,normal
JE100513,0.1038,normal
JE105509,0.2416,normal
JE103384,0.1961,normal
JE101086,0.3386,normal
JE107670,0.3166,normal
JE104049,0.087,normal
JE102748,0.2818,normal
JE100692,0.2828,normal
JE102963,0.294,normal
JE106704,0.4266,normal
JE105775,0.2583,normal
JE101456,0.3483,normal
JE103667,0.2303,normal
JE104543,0.2038,normal
JE100917,0.2657,normal
JE102027,0.4329,normal
JE107216,0.2838,normal
JE105437,0.2112,normal
JE107130,0.2496,normal
JE103417,0.3332,normal
JE105662,0.1809,normal
JE104883,0.2573,normal
JE104757,0.3113,normal
JE102982,0.2732,normal
JE104579,0.1798,normal
JE104338,0.1992,normal
JE104248,0.3359,normal
JE101115,0.2972,normal
JE106659,0.3923,normal
JE100799,0.1549,normal
JE104393,0.4784,anomaly
JE104956,0.2043,normal
JE106051,0.2364,normal
JE105025,0.2447,normal
JE104649,0.3187,normal
JE102729,0.1218,normal
JE103675,0.1147,normal
JE101756,0.308,normal
JE103126,0.3081,normal
JE106893,0.3013,normal
JE105300,0.2296,normal
JE101413,0.111,normal
JE104797,0.3809,normal
JE102384,0.1958,normal
JE105397,0.1438,normal
JE106088,0.2516,normal
JE103235,0.3074,normal
JE107112,0.3332,normal
JE107635,0.2049,normal
JE101311,0.152,normal
JE101675,0.2546,normal
JE104469,0.1322,normal
JE106981,0.2462,normal
JE105715,0.3727,normal
JE107002,0.1857,normal
JE100228,0.1173,normal
JE106539,0.2378,normal
JE105729,0.1484,normal
JE104946,0.2102,normal
JE101298,0.3713,normal
JE107404,0.2061,normal
JE104472,0.2417,normal
JE106360,0.2445,normal
JE102212,0.1214,normal
JE107463,0.1482,normal
JE103492,0.2387,normal
JE103654,0.2033,normal
JE102076,0.1064,normal
JE103439,0.2462,normal
JE107951,0.1663,normal
JE103624,0.2508,normal
JE101398,0.1774,normal
JE104127,0.4689,anomaly
JE107070,0.4105,normal
JE107355,0.1501,normal
JE105341,0.1906,normal
JE103357,0.3473,normal
JE104339,0.3731,normal
JE107789,0.3145,normal
JE101390,0.2037,normal
JE104834,0.2035,normal
JE102498,0.0704,normal
JE105578,0.1657,normal
JE107879,0.3363,normal
JE102327,0.1713,normal
JE106331,0.2516,normal
JE104001,0.3441,normal
JE100314,0.2386,normal
JE106750,0.1355,normal
JE103582,0.2608,normal
JE102418,0.2128,normal
JE105522,0.3891,normal
JE107489,0.3598,normal
JE100756,0.4283,normal
JE102713,0.4999,anomaly
JE107838,0.1821,normal
JE106209,0.2117,normal
JE103713,0.2272,normal
JE104201,0.2926,normal
JE102719,0.2375,normal
JE105974,0.2271,normal
JE107628,0.1759,normal
JE106193,0.1084,normal
JE108109,0.435,normal
JE105858,0.2853,normal
JE107486,0.1758,normal
JE100127,0.2283,normal
JE106168,0.3884,normal
JE104917,0.2978,normal
JE107881,0.5067,anomaly
JE105072,0.2134,normal
JE100439,0.2482,normal
JE102223,0.189,normal
JE103191,0.1592,normal
JE103533,0.1818,normal
JE106644,0.4308,normal
JE101273,0.206,normal
JE100286,0.2028,normal
JE102144,0.1394,normal
JE106395,0.2168,normal
JE104522,0.2444,normal
JE101229,0.1751,normal
JE105059,0.2125,normal
JE107849,0.2197,normal
JE102032,0.2908,normal
JE107962,0.2922,normal
JE102013,0.2405,normal
JE107104,0.3873,normal
JE103481,0.2417,normal
JE100172,0.3089,normal
JE108064,0.6326,anomaly
JE107825,0.1881,normal
JE104413,0.2059,normal
JE107702,0.2941,normal
JE102054,0.3466,normal
JE103204,0.4016,normal
JE106164,0.423,normal
JE106096,0.3493,normal
JE102504,0.2424,normal
JE100251,0.2951,normal
JE101668,0.1665,normal
JE104349,0.2548,normal
JE102090,0.4026,normal
JE100049,0.1064,normal
JE100112,0.4271,normal
JE100459,0.2126,normal
JE106387,0.2103,normal
JE107658,0.245,normal
JE101465,0.1733,normal
JE104250,0.1099,normal
JE100613,0.3543,normal
JE105615,0.2332,normal
JE102115,0.1906,normal
JE104833,0.1682,normal
JE106072,0.3327,normal
JE102752,0.2826,normal
JE100673,0.3907,normal
JE100882,0.2316,normal
JE106933,0.1901,normal
JE107092,0.3691,normal
JE103781,0.1397,normal
JE101233,0.1601,normal
JE101159,0.3755,normal
JE106623,0.3216,normal
JE104904,0.1543,normal
JE102754,0.2109,normal
JE105898,0.193,normal
JE102085,0.2187,normal
JE101309,0.171,normal
JE101603,0.1191,normal
JE105212,0.3726,normal
JE106450,0.2269,normal
JE105364,0.1231,normal
JE103993,0.2501,normal
JE104228,0.2723,normal
JE103895,0.2396,normal
JE106154,0.2027,normal
JE103857,0.3763,normal
JE102289,0.1439,normal
JE101441,0.31,normal
JE101338,0.2279,normal
JE106996,0.0862,normal
JE100960,0.2644,normal
JE106567,0.5708,anomaly
JE107396,0.3487,normal
JE103275,0.2086,normal
JE105777,0.0691,normal
JE104687,0.1496,normal
JE100883,0.2471,normal
JE102887,0.221,normal
JE100568,0.2372,normal
JE105400,0.1779,normal
JE104929,0.2629,normal
JE107074,0.2684,normal
JE107955,0.3003,normal
JE106294,0.2663,normal
JE102583,0.184,normal
JE100503,0.2939,normal
JE100345,0.1415,normal
JE106203,0.2772,normal
JE107839,0.1867,normal
JE107411,0.3273,normal
JE100573,0.3349,normal
JE103078,0.0289,normal
JE104240,0.3036,normal
JE100288,0.1732,normal
JE107267,0.2572,normal
JE102467,0.2323,normal
JE104700,0.1072,normal
JE101988,0.2754,normal
JE106929,0.3308,normal
JE106274,0.4434,anomaly
JE108131,0.6862,anomaly
JE103262,0.2684,normal
JE107992,0.3374,normal
JE105695,0.5936,anomaly
JE106583,0.1691,normal
JE103939,0.21,normal
JE105332,0.1898,normal
JE103656,0.2014,normal
JE100930,0.1317,normal
JE107391,0.2911,normal
JE100749,0.1218,normal
JE101789,0.4538,anomaly
JE102672,0.3746,normal
JE107722,0.2603,normal
JE103398,0.3216,normal
JE104251,0.4299,normal
JE104985,0.224,normal
JE102703,0.1797,normal
JE102216,0.2101,normal
JE101065,0.1711,normal
JE101382,0.2925,normal
JE104569,0.2462,normal
JE100518,0.4995,anomaly
JE105241,0.3634,normal
JE104105,0.3161,normal
JE103468,0.1979,normal
JE100230,0.1181,normal
JE102576,0.208,normal
JE108093,0.5131,anomaly
JE102176,0.3158,normal
JE105621,0.1829,normal
JE104006,0.1774,normal
JE100802,0.2042,normal
JE107710,0.1519,normal
JE104937,0.2304,normal
JE102078,0.3267,normal
JE108023,0.4422,anomaly
JE103691,0.2232,normal
JE107167,0.3533,normal
JE108096,0.446,anomaly
JE102643,0.2171,normal
JE105391,0.1787,normal
JE104007,0.3089,normal
JE106030,0.2537,normal
JE107907,0.347,normal
JE101363,0.276,normal
JE106111,0.2886,normal
JE101255,0.1417,normal
JE103124,0.3154,normal
JE103107,0.2721,normal
JE107911,0.1337,normal
JE100007,0.2063,normal
JE103314,0.1051,normal
JE107235,0.1731,normal
JE106643,0.1781,normal
JE102858,0.3266,normal
JE101581,0.1141,normal
JE104073,0.2761,normal
JE107469,0.208,normal
JE103789,0.2809,normal
JE102923,0.2317,normal
JE106758,0.1942,normal
JE100281,0.3476,normal
JE107250,0.3118,normal
JE102780,0.1812,normal
JE106565,0.1748,normal
JE105824,0.2438,normal
JE104123,0.2617,normal
JE107506,0.2469,normal
JE101130,0.1835,normal
JE105022,0.1412,normal
JE107693,0.228,normal
JE104909,0.2625,normal
JE102218,0.3406,normal
JE102514,0.3002,normal
JE101703,0.0986,normal
JE108097,0.4114,normal
JE101388,0.5128,anomaly
JE100181,0.1219,normal
JE107772,0.3355,normal
JE103724,0.3937,normal
JE106059,0.3862,normal
JE104265,0.1992,normal
JE104198,0.3127,normal
JE107061,0.265,normal
JE101783,0.2519,normal
JE100432,0.23,normal
JE105020,0.1323,normal
JE100570,0.3487,normal
JE107539,0.2801,normal
JE100088,0.3267,normal
JE107820,0.2149,normal
JE104179,0.2362,normal
JE105588,0.3426,normal
JE104658,0.3823,normal
JE107424,0.3594,normal
JE106794,0.1959,normal
JE104449,0.1613,normal
JE101950,0.3289,normal
JE101826,0.436,normal
JE106112,0.2796,normal
JE104517,0.115,normal
JE103718,0.4934,anomaly
JE107414,0.0857,normal
JE104813,0.0601,normal
JE103773,0.2246,normal
JE104968,0.2537,normal
JE106479,0.2521,normal
JE101700,0.2398,normal
JE104320,0.2289,normal
JE104010,0.5321,anomaly
JE103649,0.2531,normal
JE106538,0.2585,normal
JE104283,0.3276,normal
JE105066,0.1438,normal
JE105452,0.3889,normal
JE103321,0.3839,normal
JE107491,0.3183,normal
JE101784,0.1672,normal
JE103488,0.192,normal
JE100856,0.1929,normal
JE100265,0.0795,normal
JE107577,0.2903,normal
JE106504,0.1561,normal
JE103391,0.1801,normal
JE106421,0.2934,normal
JE106638,0.2897,normal
JE100487,0.22,normal
JE104597,0.2623,normal
JE107795,0.2779,normal
JE105035,0.1837,normal
JE101585,0.2216,normal
JE101375,0.171,normal
JE103508,0.1967,normal
JE102475,0.3385,normal
JE102429,0.2961,normal
JE106208,0.2117,normal
JE107407,0.2209,normal
JE104322,0.1781,normal
JE100638,0.1294,normal
JE105472,0.0034,normal
JE106468,0.194,normal
JE102355,0.4147,normal
JE102865,0.1878,normal
JE107095,0.4688,anomaly
JE100842,0.2705,normal
JE108042,0.5741,anomaly
JE101904,0.2992,normal
JE103921,0.2674,normal
JE102841,0.4062,normal
JE103635,0.1436,normal
JE102180,0.2108,normal
JE105634,0.3885,normal
JE106345,0.1949,normal
JE104809,0.3162,normal
JE101638,0.2088,normal
JE102294,0.146,normal
JE102225,0.3013,normal
JE104802,0.2887,normal
JE102895,0.3878,normal
JE106576,0.4225,normal
JE107360,0.2602,normal
JE102361,0.1589,normal
JE106042,0.4482,anomaly
JE101768,0.2456,normal
JE101292,0.3878,normal
JE105706,0.452,anomaly
JE105830,0.4645,anomaly
JE101991,0.1323,normal
JE100566,0.2446,normal
JE103216,0.2539,normal
JE103250,0.322,normal
JE103136,0.2704,normal
JE104628,0.0735,normal
JE106134,0.3555,normal
JE101678,0.3459,normal
JE103259,0.3782,normal
JE101459,0.3444,normal
JE100119,0.2342,normal
JE104914,0.1715,normal
JE104292,0.4193,normal
JE106840,0.1754,normal
JE104771,0.1342,normal
JE107170,0.2903,normal
JE104039,0.3138,normal
JE105303,0.4483,anomaly
JE105677,0.2466,normal
JE104573,0.2006,normal
JE101852,0.2964,normal
JE102932,0.3993,normal
JE100589,0.1201,normal
JE104072,0.2129,normal
JE105952,0.6212,anomaly
JE102531,0.1946,normal
JE101611,0.1916,normal
JE101630,0.2013,normal
JE106422,0.2656,normal
JE107980,0.1849,normal
JE100682,0.1743,normal
JE100709,0.2238,normal
JE104077,0.2884,normal
JE107651,0.2458,normal
JE104740,0.215,normal
JE102461,0.1166,normal
JE102503,0.3315,normal
JE106667,0.365,normal
JE101707,0.37,normal
JE101400,0.2779,normal
JE108077,0.6751,anomaly
JE100978,0.2332,normal
JE103402,0.2094,normal
JE101547,0.1874,normal
JE105507,0.122,normal
JE105750,0.2371,normal
JE104621,0.101,normal
JE108075,0.8136,anomaly
JE105372,0.1182,normal
JE106254,0.2875,normal
JE104992,0.1618,normal
JE104491,0.2189,normal
JE107324,0.1692,normal
JE104900,0.3573,normal
JE108092,0.6433,anomaly
JE101144,0.155,normal
JE102537,0.0716,normal
JE103816,0.1974,normal
JE102666,0.4368,normal
JE104824,0.1956,normal
JE100357,0.3571,normal
JE105111,0.1997,normal
JE101324,0.1961,normal
JE106912,0.2014,normal
JE104505,0.1708,normal
JE101833,0.2887,normal
JE106845,0.5586,anomaly
JE101460,0.2035,normal
JE107094,0.3149,normal
JE107450,0.128,normal
JE101470,0.2124,normal
JE101816,0.2161,normal
JE104697,0.2375,normal
JE104729,0.3047,normal
JE106195,0.286,normal
JE104869,0.162,normal
JE108127,0.8959,anomaly
JE107096,0.3105,normal
JE104614,0.3143,normal
JE100400,0.1602,normal
JE100639,0.3894,normal
JE102119,0.438,anomaly
JE107734,0.1639,normal
JE105118,0.2167,normal
JE101262,0.3818,normal
JE100581,0.0992,normal
JE102633,0.2712,normal
JE102646,0.2553,normal
JE100918,0.1286,normal
JE107965,0.1739,normal
JE107260,0.2996,normal
JE104676,0.4749,anomaly
JE107970,0.2451,normal
JE105688,0.1392,normal
JE100888,0.2337,normal
JE103140,0.2862,normal
JE102055,0.2164,normal
JE107067,0.1689,normal
JE106243,0.1411,normal
JE100268,0.2486,normal
JE102882,0.2313,normal
JE101500,0.1824,normal
JE101314,0.1884,normal
JE102372,0.2398,normal
JE100301,0.2251,normal
JE104483,0.2426,normal
JE104456,0.2777,normal
JE104054,0.1185,normal
JE106296,0.3016,normal
JE103875,0.2173,normal
JE101748,0.1931,normal
JE102701,0.1848,normal
JE102567,0.2854,normal
JE107390,0.1878,normal
JE108062,0.7042,anomaly
JE100793,0.23,normal
JE103686,0.2573,normal
JE102566,0.2557,normal
JE107165,0.1681,normal
JE104131,0.3355,normal
JE101374,0.223,normal
JE107198,0.4791,anomaly
JE106058,0.2442,normal
JE102863,0.4587,anomaly
JE100645,0.2011,normal
JE106033,0.3276,normal
JE107134,0.3197,normal
JE102282,0.3052,normal
JE104370,0.1071,normal
JE100052,0.3074,normal
JE105534,0.2108,normal
JE102411,0.2337,normal
JE106142,0.1807,normal
JE101896,0.2536,normal
JE102560,0.374,normal
JE104857,0.1727,normal
JE106847,0.0919,normal
JE101779,0.2012,normal
JE102056,0.1067,normal
JE100675,0.2222,normal
JE105652,0.197,normal
JE106189,0.2423,normal
JE102699,0.1968,normal
JE104462,0.2657,normal
JE100213,0.4231,normal
JE108013,0.1834,normal
JE103854,0.1662,normal
JE103188,0.3244,normal
JE101628,0.4167,normal
JE103793,0.1792,normal
JE102227,0.2575,normal
JE102109,0.1736,normal
JE105283,0.3766,normal
JE106962,0.435,normal
JE106842,0.2257,normal
JE106426,0.4635,anomaly
JE100397,0.216,normal
JE100279,0.1569,normal
JE104568,0.1094,normal
JE105253,0.0451,normal
JE104116,0.2284,normal
JE106571,0.1076,normal
JE106978,0.3647,normal
JE107388,0.3574,normal
JE100423,0.2972,normal
JE101061,0.1665,normal
JE108082,0.6447,anomaly
JE100662,0.2294,normal
JE102967,0.3586,normal
JE106551,0.256,normal
JE105317,0.2445,normal
JE105698,0.1416,normal
JE100063,0.2606,normal
JE107688,0.1956,normal
JE102658,0.1875,normal
JE101272,0.1751,normal
JE107715,0.2205,normal
JE100078,0.1992,normal
JE100540,0.3075,normal
JE101257,0.2491,normal
JE101047,0.3933,normal
JE100824,0.3296,normal
JE103039,0.2713,normal
JE102939,0.268,normal
JE102744,0.254,normal
JE104549,0.1916,normal
JE100805,0.202,normal
JE107364,0.2303,normal
JE102235,0.3463,normal
JE103998,0.1276,normal
JE103827,0.345,normal
JE106417,0.2005,normal
JE100547,0.1314,normal
JE107850,0.4176,normal
JE104433,0.1448,normal
JE104493,0.3528,normal
JE102736,0.1795,normal
JE107308,0.3214,normal
JE107741,0.2144,normal
JE102929,0.3176,normal
JE106959,0.4007,normal
JE100768,0.3039,normal
JE107481,0.3073,normal
JE106398,0.2813,normal
JE105787,0.1901,normal
JE103388,0.3407,normal
JE103471,0.3919,normal
JE103688,0.1661,normal
JE100263,0.4265,normal
JE107735,0.1757,normal
JE100952,0.0882,normal
JE102766,0.3115,normal
JE106127,0.1876,normal
JE101013,0.3266,normal
JE103814,0.3552,normal
JE106640,0.3196,normal
JE100737,0.2004,normal
JE107046,0.1459,normal
JE105958,0.2199,normal
JE103706,0.1518,normal
JE100361,0.3108,normal
JE107345,0.4101,normal
JE101558,0.206,normal
JE104684,0.1716,normal
JE103007,0.2678,normal
JE100585,0.2852,normal
JE101906,0.2598,normal
JE104432,0.4682,anomaly
JE102911,0.1529,normal
JE104753,0.2998,normal
JE105263,0.2757,normal
JE106928,0.1448,normal
JE107340,0.3087,normal
JE103956,0.1553,normal
JE107487,0.1877,normal
JE100668,0.3076,normal
JE102928,0.1699,normal
JE106333,0.1903,normal
JE107348,0.3811,normal
JE107336,0.2081,normal
JE105362,0.2118,normal
JE103674,0.2441,normal
JE105885,0.3948,normal
JE103577,0.3312,normal
JE104422,0.305,normal
JE106501,0.2009,normal
JE103241,0.2562,normal
JE106251,0.1516,normal
JE100424,0.1709,normal
JE107751,0.1533,normal
JE100140,0.3936,normal
JE104886,0.1128,normal
JE100415,0.2159,normal
JE104550,0.1761,normal
JE104611,0.282,normal
JE101424,0.182,normal
JE104440,0.2853,normal
JE103923,0.2061,normal
JE104043,0.2207,normal
JE105555,0.2341,normal
JE107385,0.1243,normal
JE104079,0.1711,normal
JE106255,0.1161,normal
JE102300,0.3437,normal
JE105850,0.3437,normal
JE103581,0.3117,normal
JE108060,0.646,anomaly
JE103121,0.1879,normal
JE103568,0.47,anomaly
JE102509,0.2814,normal
JE100157,0.3204,normal
JE106657,0.3431,normal
JE105402,0.1959,normal
JE108027,0.6345,anomaly
JE104410,0.1872,normal
JE102541,0.2796,normal
JE100670,0.2998,normal
JE104092,0.2534,normal
JE107783,0.2243,normal
JE102770,0.1905,normal
JE105117,0.3117,normal
JE101125,0.2141,normal
JE107024,0.2006,normal
JE102321,0.1995,normal
JE102117,0.1889,normal
JE100941,0.2574,normal
JE107902,0.1783,normal
JE100884,0.1308,normal
JE105778,0.2272,normal
JE105971,0.2403,normal
JE102562,0.1124,normal
JE105506,0.1889,normal
JE107990,0.256,normal
JE100669,0.217,normal
JE107273,0.2563,normal
JE102609,0.3004,normal
JE104596,0.2071,normal
JE101910,0.1955,normal
JE101112,0.2937,normal
JE107371,0.1895,normal
JE101877,0.151,normal
JE103346,0.2285,normal
JE107954,0.2636,normal
JE104908,0.1761,normal
JE102452,0.1191,normal
JE106321,0.2747,normal
JE103407,0.356,normal
JE104455,0.1962,normal
JE100076,0.1948,normal
JE102450,0.0738,normal
JE103055,0.2143,normal
JE108031,0.4854,anomaly
JE107013,0.3775,normal
JE107066,0.2544,normal
JE101494,0.2168,normal
JE105719,0.2158,normal
JE106540,0.1309,normal
JE105790,0.1872,normal
JE101646,0.5946,anomaly
JE101737,0.2951,normal
JE101880,0.2069,normal
JE100599,0.4454,anomaly
JE104099,0.2832,normal
JE101259,0.4242,normal
JE105855,0.2721,normal
JE105067,0.1296,normal
JE103316,0.2009,normal
JE106451,0.2628,normal
JE107697,0.1988,normal
JE106405,0.3124,normal
JE103306,0.6116,anomaly
JE107846,0.3111,normal
JE107215,0.2696,normal
JE102020,0.1887,normal
JE104285,0.1349,normal
JE104817,0.2529,normal
JE104974,0.2473,normal
JE100790,0.3754,normal
JE102881,0.2448,normal
JE107942,0.188,normal
JE105639,0.1166,normal
JE100295,0.2082,normal
JE102958,0.3139,normal
JE105977,0.2742,normal
JE101633,0.185,normal
JE102676,0.1222,normal
JE105357,0.2216,normal
JE102474,0.2152,normal
JE104895,0.1644,normal
JE106393,0.2182,normal
JE100937,0.3293,normal
JE101352,0.1895,normal
JE103174,0.2506,normal
JE106814,0.3427,normal
JE105753,0.2433,normal
JE107460,0.226,normal
JE103917,0.1217,normal
JE105488,0.2868,normal
JE103085,0.2081,normal
JE107644,0.1908,normal
JE102121,0.3828,normal
JE103824,0.3112,normal
JE102921,0.3292,normal
JE105194,0.1648,normal
JE103578,0.2534,normal
JE104152,0.2574,normal
JE101146,0.2379,normal
JE101961,0.3787,normal
JE107142,0.147,normal
JE105046,0.2947,normal
JE100003,0.406,normal
JE104108,0.2138,normal
JE105591,0.1235,normal
JE106809,0.1798,normal
JE100965,0.2144,normal
JE107115,0.2214,normal
JE107401,0.218,normal
JE106819,0.2481,normal
JE100654,0.4217,normal
JE107519,0.1936,normal
JE103351,0.1665,normal
JE104770,0.2064,normal
JE103303,0.2294,normal
JE102380,0.1691,normal
JE106004,0.251,normal
JE104882,0.3158,normal
JE102888,0.18,normal
JE106595,0.3482,normal
JE105635,0.3714,normal
JE106259,0.1821,normal
JE106055,0.1631,normal
JE100745,0.2691,normal
JE105301,0.2077,normal
JE100260,0.2938,normal
JE106853,0.2426,normal
JE102590,0.1761,normal
JE104147,0.3527,normal
JE102937,0.3298,normal
JE100534,0.3076,normal
JE102617,0.3283,normal
JE100634,0.2089,normal
JE100557,0.2558,normal
JE102969,0.3138,normal
JE103505,0.2503,normal
JE106170,0.2063,normal
JE100591,0.172,normal
JE105018,0.269,normal
JE103978,0.4348,normal
JE100887,0.2307,normal
JE105511,0.2292,normal
JE103220,0.307,normal
JE105942,0.1758,normal
JE100496,0.1634,normal
JE103751,0.2934,normal
JE107646,0.3209,normal
JE100363,0.2975,normal
JE102028,0.3535,normal
JE105712,0.1708,normal
JE101151,0.3681,normal
JE100829,0.2375,normal
JE104296,0.1787,normal
JE103086,0.3994,normal
JE100644,0.1929,normal
JE106941,0.4459,anomaly
JE107337,0.2773,normal
JE100318,0.149,normal
JE105080,0.3978,normal
JE101017,0.169,normal
JE100663,0.4698,anomaly
JE100994,0.443,anomaly
JE100649,0.2451,normal
JE102083,0.3892,normal
JE102168,0.177,normal
JE101713,0.4418,anomaly
JE100071,0.2251,normal
JE106531,0.312,normal
JE105061,0.2393,normal
JE103677,0.1685,normal
JE103409,0.2114,normal
JE102627,0.2817,normal
JE101597,0.1071,normal
JE107230,0.3342,normal
JE101687,0.1047,normal
JE104604,0.1879,normal
JE103307,0.3281,normal
JE103154,0.3085,normal
JE106268,0.3075,normal
JE103197,0.2247,normal
JE101313,0.4343,normal
JE104674,0.3565,normal
JE107037,0.2076,normal
JE106924,0.1586,normal
JE102222,0.1187,normal
JE104474,0.2998,normal
JE100907,0.3259,normal
JE104609,0.1225,normal
JE102290,0.2574,normal
JE104224,0.3511,normal
JE104520,0.2184,normal
JE106803,0.2801,normal
JE105158,0.5347,anomaly
JE104832,0.2696,normal
JE103778,0.1948,normal
JE107957,0.2541,normal
JE104034,0.2488,normal
JE107974,0.3793,normal
JE105749,0.252,normal
JE105732,0.1412,normal
JE107662,0.1952,normal
JE106503,0.1056,normal
JE102444,0.348,normal
JE103413,0.3953,normal
JE106233,0.2841,normal
JE100010,0.1992,normal
JE106646,0.4427,anomaly
JE102454,0.2189,normal
JE100874,0.2387,normal
JE105052,0.2612,normal
JE106456,0.3968,normal
JE103066,0.3117,normal
JE104459,0.2886,normal
JE107836,0.2914,normal
JE106044,0.1233,normal
JE107259,0.2093,normal
JE106262,0.2703,normal
JE107638,0.2339,normal
JE107719,0.0728,normal
JE107397,0.2266,normal
JE106406,0.2104,normal
JE107030,0.2743,normal
JE107601,0.3034,normal
JE102731,0.2755,normal
JE106141,0.2938,normal
JE106394,0.1333,normal
JE104194,0.4318,normal
JE105409,0.3267,normal
JE107394,0.1637,normal
JE100285,0.4351,normal
JE103418,0.1518,normal
JE102037,0.2018,normal
JE100821,0.1905,normal
JE107499,0.2532,normal
JE106884,0.2962,normal
JE105906,0.2117,normal
JE106992,0.3105,normal
JE100525,0.3957,normal
JE101898,0.3375,normal
JE105987,0.253,normal
JE105764,0.3778,normal
JE100327,0.2153,normal
JE104157,0.2638,normal
JE104536,0.147,normal
JE105374,0.3912,normal
JE106324,0.3006,normal
JE102197,0.3151,normal
JE105399,0.1593,normal
JE103193,0.3898,normal
JE102943,0.3337,normal
JE102957,0.2456,normal
JE102311,0.1049,normal
JE100499,0.1587,normal
JE106711,0.1689,normal
JE102547,0.1691,normal
JE102783,0.2141,normal
JE102406,0.2523,normal
JE104715,0.2896,normal
JE103839,0.2524,normal
JE103788,0.1729,normal
JE100380,0.1396,normal
JE103049,0.3381,normal
JE107226,0.186,normal
JE106530,0.1713,normal
JE104129,0.165,normal
JE105099,0.1239,normal
JE105440,0.1058,normal
JE105868,0.265,normal
JE101053,0.2028,normal
JE100191,0.3205,normal
JE102789,0.37,normal
JE104841,0.2071,normal
JE102388,0.2017,normal
JE101721,0.3366,normal
JE104460,0.1656,normal
JE104804,0.2878,normal
JE100021,0.2689,normal
JE103446,0.2321,normal
JE107858,0.3517,normal
JE104244,0.1805,normal
JE107524,0.2949,normal
JE102535,0.2254,normal
JE102867,0.304,normal
JE107108,0.2745,normal
JE107868,0.2114,normal
JE104962,0.191,normal
JE106649,0.2819,normal
JE102021,0.2058,normal
JE107878,0.4196,normal
JE108016,0.4399,anomaly
JE105647,0.1944,normal
JE106054,0.1898,normal
JE100209,0.318,normal
JE106492,0.1987,normal
JE104451,0.1796,normal
JE100190,0.4209,normal
JE105679,0.3083,normal
JE105773,0.2179,normal
JE100151,0.2339,normal
JE100023,0.2009,normal
JE106799,0.235,normal
JE107941,0.1353,normal
JE103985,0.2013,normal
JE101332,0.4991,anomaly
JE104303,0.3845,normal
JE100443,0.3435,normal
JE100658,0.2716,normal
JE102356,0.2734,normal
JE104821,0.1155,normal
JE101383,0.3626,normal
JE101808,0.3485,normal
JE107705,0.2412,normal
JE106279,0.2529,normal
JE102799,0.2064,normal
JE101963,0.2145,normal
JE107946,0.2552,normal
JE104623,0.149,normal
JE100551,0.4273,normal
JE104102,0.2244,normal
JE107876,0.2033,normal
JE104082,0.2825,normal
JE107790,0.2036,normal
JE105932,0.1663,normal
JE104808,0.2942,normal
JE107376,0.4785,anomaly
JE100940,0.1309,normal
JE102470,0.2383,normal
JE104893,0.3192,normal
JE102818,0.2438,normal
JE108067,0.7148,anomaly
JE107164,0.2405,normal
JE103859,0.18,normal
JE105535,0.2589,normal
JE105183,0.2375,normal
JE107043,0.2302,normal
JE102899,0.3932,normal
JE102104,0.3527,normal
JE101528,0.4172,normal
JE100341,0.1529,normal
JE102415,0.4145,normal
JE104376,0.1905,normal
JE106826,0.2441,normal
JE107608,0.2007,normal
JE104083,0.3424,normal
JE100421,0.2258,normal
JE100762,0.111,normal
JE103516,0.2385,normal
JE102390,0.2663,normal
JE104868,0.2241,normal
JE104864,0.1467,normal
JE100865,0.2297,normal
JE101869,0.3644,normal
JE102389,0.3837,normal
JE100504,0.2573,normal
JE103442,0.3018,normal
JE105708,0.1699,normal
JE104527,0.2393,normal
JE108066,0.748,anomaly
JE103805,0.1476,normal
JE100770,0.1474,normal
JE100885,0.3061,normal
JE106795,0.2005,normal
JE106922,0.192,normal
JE104380,0.2073,normal
JE106805,0.1395,normal
JE104372,0.2808,normal
JE102527,0.1879,normal
JE106631,0.286,normal
JE106249,0.299,normal
JE101287,0.2974,normal
JE104764,0.1171,normal
JE104671,0.1665,normal
JE102980,0.4365,normal
JE103594,0.1869,normal
JE100711,0.1655,normal
JE107511,0.2847,normal
JE107578,0.1855,normal
JE100099,0.4693,anomaly
JE103530,0.2252,normal
JE100891,0.1773,normal
JE103416,0.234,normal
JE103219,0.201,normal
JE105722,0.4537,anomaly
JE101983,0.2291,normal
JE104018,0.2281,normal
JE106458,0.1944,normal
JE104315,0.1695,normal
JE101040,0.4948,anomaly
JE108083,0.6256,anomaly
JE107513,0.153,normal
JE102596,0.3955,normal
JE104848,0.309,normal
JE105794,0.2169,normal
JE101063,0.362,normal
JE103334,0.2544,normal
JE104321,0.1653,normal
JE105818,0.1865,normal
JE101251,0.0982,normal
JE105074,0.1443,normal
JE101466,0.1782,normal
JE105349,0.1712,normal
JE104995,0.2351,normal
JE101992,0.2382,normal
JE106854,0.2634,normal
JE105427,0.2325,normal
JE101399,0.3149,normal
JE105513,0.2545,normal
JE100671,0.258,normal
JE101263,0.1641,normal
JE107903,0.3009,normal
JE102762,0.1712,normal
JE104351,0.2669,normal
JE100385,0.2422,normal
JE106848,0.4294,normal
JE102023,0.2692,normal
JE101197,0.136,normal
JE100417,0.2724,normal
JE105656,0.3028,normal
JE105549,0.2125,normal
JE104756,0.2112,normal
JE106297,0.177,normal
JE100849,0.1571,normal
JE106700,0.191,normal
JE107029,0.2086,normal
JE104545,0.2832,normal
JE107028,0.1348,normal
JE107551,0.3561,normal
JE103452,0.1683,normal
JE107559,0.349,normal
JE101012,0.2336,normal
JE108115,0.832,anomaly
JE102644,0.1901,normal
JE104509,0.1003,normal
JE104758,0.1297,normal
JE104068,0.1797,normal
JE104829,0.223,normal
JE104791,0.1857,normal
JE101237,0.1998,normal
JE103723,0.3799,normal
JE102412,0.2538,normal
JE101704,0.1579,normal
JE104403,0.335,normal
JE100899,0.3795,normal
JE107313,0.1353,normal
JE105264,0.2313,normal
JE106060,0.1571,normal
JE103447,0.2878,normal
JE100201,0.2088,normal
JE101728,0.2627,normal
JE106719,0.2982,normal
JE105137,0.086,normal
JE106125,0.2966,normal
JE101843,0.3359,normal
JE105071,0.1991,normal
JE100735,0.3936,normal
JE105812,0.4799,anomaly
JE102740,0.2247,normal
JE101207,0.2327,normal
JE101696,0.2503,normal
JE102320,0.2436,normal
JE103666,0.2264,normal
JE103278,0.2439,normal
JE103065,0.2969,normal
JE100600,0.2702,normal
JE107611,0.1787,normal
JE103352,0.2512,normal
JE107123,0.4424,anomaly
JE103545,0.2771,normal
JE103512,0.17,normal
JE100401,0.2918,normal
JE103322,0.2356,normal
JE107492,0.1766,normal
JE101777,0.1701,normal
JE107121,0.4225,normal
JE100515,0.1739,normal
JE106302,0.3024,normal
JE105313,0.1941,normal
JE104559,0.2171,normal
JE104379,0.2646,normal
JE106985,0.4406,anomaly
JE103893,0.2487,normal
JE102545,0.3651,normal
JE105028,0.1738,normal
JE105031,0.1241,normal
JE106629,0.2688,normal
JE100815,0.2443,normal
JE106293,0.2332,normal
JE105090,0.2767,normal
JE108011,0.2348,normal
JE102207,0.3834,normal
JE102753,0.2392,normal
JE100892,0.2335,normal
JE106502,0.1906,normal
JE101506,0.3186,normal
JE106906,0.1551,normal
JE106084,0.3284,normal
JE104907,0.1258,normal
JE107706,0.1806,normal
JE101036,0.2703,normal
JE105032,0.2477,normal
JE100220,0.3505,normal
JE102266,0.2505,normal
JE105063,0.2191,normal
JE103549,0.2759,normal
JE106859,0.2809,normal
JE105711,0.2493,normal
JE105394,0.2372,normal
JE108086,0.6349,anomaly
JE107306,0.1166,normal
JE104218,0.2582,normal
JE100134,0.1302,normal
JE106738,0.0848,normal
JE107159,0.1802,normal
JE103644,0.1795,normal
JE102322,0.3728,normal
JE102787,0.1694,normal
JE106144,0.1994,normal
JE100822,0.3049,normal
JE104028,0.225,normal
JE104371,0.2551,normal
JE107908,0.2118,normal
JE101510,0.317,normal
JE104009,0.3038,normal
JE101415,0.3331,normal
JE100517,0.1661,normal
JE104528,0.1957,normal
JE106118,0.0814,normal
JE108005,0.2553,normal
JE106022,0.1532,normal
JE103672,0.2794,normal
JE102049,0.3912,normal
JE105359,0.2865,normal
JE104761,0.3614,normal
JE107525,0.2901,normal
JE105142,0.2039,normal
JE106636,0.273,normal
JE100601,0.2299,normal
JE102750,0.1916,normal
JE107929,0.3031,normal
JE103256,0.2817,normal
JE100218,0.0487,normal
JE104749,0.2426,normal
JE102840,0.1674,normal
JE107998,0.2454,normal
JE103236,0.2523,normal
JE104185,0.2866,normal
JE106609,0.2342,normal
JE103840,0.2839,normal
JE106306,0.4027,normal
JE104693,0.2839,normal
JE106690,0.1986,normal
JE103037,0.2875,normal
JE100855,0.3852,normal
JE100488,0.243,normal
JE105831,0.206,normal
JE103509,0.2913,normal
JE106522,0.3845,normal
JE100593,0.3974,normal
JE107592,0.3186,normal
JE101609,0.1862,normal
JE106829,0.2495,normal
JE105354,0.3629,normal
JE101735,0.3094,normal
JE100100,0.029,normal
JE106047,0.3457,normal
JE106165,0.2138,normal
JE102133,0.3001,normal
JE102075,0.169,normal
JE104104,0.2145,normal
JE100414,0.1846,normal
JE100358,0.2778,normal
JE107208,0.1722,normal
JE107913,0.2891,normal
JE103366,0.2999,normal
JE105175,0.1971,normal
JE107531,0.1564,normal
JE103315,0.2134,normal
JE103237,0.1041,normal
JE103131,0.3907,normal
JE100254,0.2865,normal
JE100016,0.3301,normal
JE101962,0.3542,normal
JE100204,0.173,normal
JE100037,0.2476,normal
JE103405,0.1715,normal
JE100436,0.2052,normal
JE100590,0.1367,normal
JE104002,0.1126,normal
JE101966,0.2418,normal
JE103123,0.1189,normal
JE100271,0.3032,normal
JE105731,0.3334,normal
JE102707,0.1313,normal
JE104656,0.2622,normal
JE105902,0.6527,anomaly
JE106916,0.2502,normal
JE100013,0.2292,normal
JE106747,0.3271,normal
JE107637,0.3904,normal
JE101449,0.2617,normal
JE103804,0.1043,normal
JE106338,0.2457,normal
JE101023,0.4884,anomaly
JE106581,0.5034,anomaly
JE101531,0.3271,normal
JE100541,0.2288,normal
JE103263,0.1358,normal
JE104287,0.3724,normal
JE103580,0.279,normal
JE108139,0.3932,normal
JE105903,0.2128,normal
JE101496,0.2145,normal
JE106627,0.4435,anomaly
JE106305,0.204,normal
JE105329,0.1864,normal
JE102528,0.2219,normal
JE105395,0.199,normal
JE107429,0.3586,normal
JE107605,0.1742,normal
JE107082,0.2145,normal
JE106873,0.3701,normal
JE103149,0.1968,normal
JE106390,0.3761,normal
JE103170,0.1211,normal
JE101845,0.1777,normal
JE107459,0.1605,normal
JE108041,0.4044,normal
JE101981,0.2148,normal
JE102118,0.1941,normal
JE102640,0.0749,normal
JE103715,0.3016,normal
JE101689,0.08,normal
JE100903,0.3218,normal
JE101135,0.2028,normal
JE104269,0.1979,normal
JE101109,0.3176,normal
JE103060,0.1765,normal
JE104873,0.2249,normal
JE105757,0.159,normal
JE100769,0.2518,normal
JE107856,0.2604,normal
JE100618,0.1182,normal
JE102139,0.4126,normal
JE105030,0.4344,normal
JE100796,0.2506,normal
JE103838,0.2166,normal
JE105482,0.3003,normal
JE107547,0.2968,normal
JE105862,0.3034,normal
JE103841,0.4626,anomaly
JE105793,0.1835,normal
JE101326,0.2273,normal
JE102165,0.2555,normal
JE105636,0.2587,normal
JE103757,0.1633,normal
JE106764,0.2808,normal
JE106253,0.3927,normal
JE104078,0.2553,normal
JE104466,0.1716,normal
JE104437,0.156,normal
JE101570,0.1544,normal
JE101238,0.3348,normal
JE107359,0.2884,normal
JE102305,0.3545,normal
JE101604,0.4183,normal
JE107326,0.0953,normal
JE106535,0.1546,normal
JE105676,0.0818,normal
JE104627,0.4683,anomaly
JE101540,0.3195,normal
JE107739,0.2275,normal
JE100848,0.4634,anomaly
JE100462,0.293,normal
JE105857,0.3922,normal
JE100814,0.0751,normal
JE101523,0.4559,anomaly
JE101055,0.162,normal
JE102219,0.4006,normal
JE101807,0.1682,normal
JE107377,0.277,normal
JE106619,0.2719,normal
JE104140,0.3688,normal
JE103261,0.3163,normal
JE102158,0.2159,normal
JE107221,0.302,normal
JE105624,0.3241,normal
JE105892,0.2702,normal
JE105133,0.3102,normal
JE104971,0.1465,normal
JE103599,0.3455,normal
JE101534,0.4191,normal
JE102274,0.121,normal
JE103344,0.2363,normal
JE101943,0.2065,normal
JE101733,0.1623,normal
JE107025,0.3441,normal
JE106046,0.2893,normal
JE105600,0.2667,normal
JE102166,0.4201,normal
JE108058,0.6384,anomaly
JE100820,0.2081,normal
JE105473,0.2088,normal
JE106151,0.5838,anomaly
JE105938,0.391,normal
JE100031,0.2072,normal
JE105610,0.3147,normal
JE104014,0.3208,normal
JE107521,0.2423,normal
JE105105,0.2204,normal
JE107542,0.3821,normal
JE104475,0.1982,normal
JE101227,0.4458,anomaly
JE103279,0.3683,normal
JE103563,0.3573,normal
JE103800,0.2472,normal
JE106569,0.263,normal
JE105164,0.1853,normal
JE100863,0.3784,normal
JE107699,0.1782,normal
JE107828,0.1928,normal
JE100451,0.25,normal
JE107442,0.3204,normal
JE104546,0.3823,normal
JE101120,0.1778,normal
JE101914,0.2773,normal
JE101787,0.1598,normal
JE107736,0.1594,normal
JE105925,0.2863,normal
JE107188,0.6008,anomaly
JE101354,0.1995,normal
JE108037,0.2484,normal
JE107120,0.2233,normal
JE100431,0.264,normal
JE103155,0.3454,normal
JE107502,0.2798,normal
JE106137,0.1267,normal
JE107433,0.226,normal
JE106365,0.322,normal
JE102063,0.1714,normal
JE100410,0.1279,normal
JE100137,0.2569,normal
JE103678,0.1324,normal
JE102926,0.1908,normal
JE104504,0.28,normal
JE107995,0.1569,normal
JE107561,0.4114,normal
JE106299,0.3011,normal
JE102901,0.074,normal
JE100533,0.2571,normal
JE102281,0.2353,normal
JE104759,0.1987,normal
JE106726,0.3185,normal
JE103892,0.1841,normal
JE100340,0.2475,normal
JE103598,0.2346,normal
JE105928,0.1408,normal
JE104949,0.2073,normal
JE105767,0.0607,normal
JE100035,0.2058,normal
JE106162,0.2916,normal
JE105345,0.3245,normal
JE101917,0.1171,normal
JE104457,0.1547,normal
JE108103,0.3852,normal
JE107555,0.3654,normal
JE105048,0.1957,normal
JE102838,0.2578,normal
JE103769,0.4915,anomaly
JE107055,0.2221,normal
JE100498,0.1433,normal
JE101860,0.3225,normal
JE102479,0.2724,normal
JE105691,0.1655,normal
JE105082,0.3445,normal
JE103080,0.3741,normal
JE100998,0.3077,normal
JE103684,0.2462,normal
JE101663,0.2419,normal
JE103717,0.665,anomaly
JE106547,0.262,normal
JE100235,0.3452,normal
JE103524,0.194,normal
JE102082,0.1701,normal
JE105339,0.3405,normal
JE101118,0.1941,normal
JE104047,0.1796,normal
JE100199,0.3908,normal
JE106336,0.2123,normal
JE107193,0.2855,normal
JE104884,0.2725,normal
JE103669,0.1853,normal
JE100548,0.3417,normal
JE105532,0.1897,normal
JE104038,0.3218,normal
JE104685,0.2506,normal
JE105568,0.1978,normal
JE106020,0.1558,normal
JE100565,0.205,normal
JE106019,0.1884,normal
JE103162,0.1378,normal
JE102797,0.3822,normal
JE100238,0.2663,normal
JE101051,0.1287,normal
JE107792,0.3042,normal
JE103396,0.2368,normal
JE106806,0.1695,normal
JE103848,0.1532,normal
JE100299,0.2396,normal
JE103558,0.2262,normal
JE101117,0.2473,normal
JE101804,0.2758,normal
JE106202,0.1616,normal
JE101439,0.3426,normal
JE102979,0.4211,normal
JE106560,0.313,normal
JE106199,0.1529,normal
JE100456,0.238,normal
JE106509,0.1397,normal
JE104495,0.2241,normal
JE105159,0.1384,normal
JE100106,0.1307,normal
JE101894,0.2346,normal
JE103379,0.3045,normal
JE104812,0.2303,normal
JE105966,0.2421,normal
JE105167,0.2655,normal
JE100823,0.2452,normal
JE101006,0.1793,normal
JE104293,0.1753,normal
JE107106,0.149,normal
JE102654,0.4327,normal
JE107718,0.3063,normal
JE105611,0.1884,normal
JE105075,0.1613,normal
JE107720,0.3268,normal
JE104850,0.5041,anomaly
JE100627,0.3065,normal
JE101365,0.381,normal
JE103830,0.2377,normal
JE100024,0.3986,normal
JE107088,0.4831,anomaly
JE107467,0.4005,normal
JE106759,0.2243,normal
JE100721,0.173,normal
JE102844,0.1569,normal
JE107833,0.2132,normal
JE108029,0.2662,normal
JE102878,0.2524,normal
JE104168,0.2725,normal
JE103910,0.1343,normal
JE101211,0.3732,normal
JE100179,0.2979,normal
JE106710,0.2458,normal
JE100620,0.2658,normal
JE105293,0.157,normal
JE102624,0.4736,anomaly
JE107466,0.2942,normal
JE106175,0.2592,normal
JE107900,0.1568,normal
JE104190,0.2751,normal
JE107099,0.1568,normal
JE104239,0.3095,normal
JE107225,0.1658,normal
JE107240,0.1405,normal
JE104375,0.3184,normal
JE106177,0.1125,normal
JE101933,0.1927,normal
JE107678,0.2746,normal
JE107019,0.3236,normal
JE104975,0.2139,normal
JE105441,0.242,normal
JE107488,0.2489,normal
JE100041,0.1462,normal
JE107438,0.1227,normal
JE103133,0.3003,normal
JE105233,0.1118,normal
JE106052,0.2056,normal
JE105985,0.3895,normal
JE105655,0.217,normal
JE106568,0.35,normal
JE107975,0.3547,normal
JE100528,0.2069,normal
JE103490,0.1523,normal
JE103296,0.2902,normal
JE102319,0.4711,anomaly
JE102692,0.2379,normal
JE106860,0.369,normal
JE103972,0.1456,normal
JE100911,0.0903,normal
JE102542,0.1748,normal
JE102006,0.2629,normal
JE100559,0.2122,normal
JE100125,0.2134,normal
JE101471,0.1676,normal
JE104958,0.2733,normal
JE104920,0.1579,normal
JE105891,0.239,normal
JE101775,0.2804,normal
JE101213,0.1374,normal
JE101184,0.2595,normal
JE100225,0.1278,normal
JE104930,0.088,normal
JE101952,0.1959,normal
JE107725,0.3496,normal
JE100429,0.2725,normal
JE107973,0.2115,normal
JE101372,0.3345,normal
JE107755,0.206,normal
JE103252,0.185,normal
JE100828,0.2489,normal
JE103310,0.1633,normal
JE103745,0.3232,normal
JE102526,0.1246,normal
JE101672,0.4064,normal
JE102859,0.2616,normal
JE101278,0.5133,anomaly
JE100746,0.2144,normal
JE105998,0.4017,normal
JE100142,0.2123,normal
JE105853,0.1918,normal
JE106074,0.1135,normal
JE102249,0.2649,normal
JE100455,0.2089,normal
JE100507,0.4001,normal
JE108035,0.4515,anomaly
JE100441,0.1672,normal
JE103251,0.1624,normal
JE101828,0.1282,normal
JE100111,0.2832,normal
JE106517,0.4347,normal
JE102997,0.2922,normal
JE104691,0.2378,normal
JE105590,0.5221,anomaly
JE106802,0.1848,normal
JE100985,0.2776,normal
JE106474,0.3234,normal
JE101746,0.2876,normal
JE101583,0.2366,normal
JE102448,0.1316,normal
JE105265,0.1522,normal
JE103099,0.2611,normal
JE105970,0.3222,normal
JE100377,0.2648,normal
JE107596,0.1075,normal
JE100206,0.0743,normal
JE102195,0.4342,normal
JE107077,0.1732,normal
JE105993,0.2316,normal
JE106041,0.1669,normal
JE102179,0.4125,normal
JE103702,0.2287,normal
JE103529,0.3139,normal
JE100419,0.2057,normal
JE100284,0.1856,normal
JE103551,0.2606,normal
JE104075,0.2048,normal
JE100872,0.0718,normal
JE102146,0.3047,normal
JE105820,0.2119,normal
JE100355,0.1704,normal
JE105302,0.2838,normal
JE107063,0.2565,normal
JE104473,0.4546,anomaly
JE106934,0.4092,normal
JE104885,0.1792,normal
JE101141,0.4143,normal
JE107775,0.1758,normal
JE104187,0.3979,normal
JE102024,0.2507,normal
JE106913,0.2409,normal
JE101639,0.3412,normal
JE100779,0.2121,normal
JE105935,0.2191,normal
JE100376,0.2393,normal
JE102423,0.1608,normal
JE104478,0.1609,normal
JE106325,0.2929,normal
JE107984,0.4784,anomaly
JE104414,0.2232,normal
JE103347,0.1909,normal
JE101169,0.2357,normal
JE105779,0.0833,normal
JE101903,0.2166,normal
JE100631,0.3544,normal
JE104330,0.2497,normal
JE103209,0.2618,normal
JE102595,0.219,normal
JE107841,0.1983,normal
JE106009,0.2689,normal
JE103898,0.4084,normal
JE107721,0.4258,normal
JE107969,0.1499,normal
JE105821,0.1193,normal
JE103934,0.1358,normal
JE101551,0.3286,normal
JE106768,0.2832,normal
JE106671,0.2199,normal
JE100126,0.4896,anomaly
JE103782,0.1674,normal
JE103367,0.0853,normal
JE101600,0.1796,normal
JE101503,0.2146,normal
JE106138,0.1652,normal
JE102015,0.2645,normal
JE103206,0.253,normal
JE104529,0.1086,normal
JE106888,0.453,anomaly
JE102440,0.3169,normal
JE105593,0.2181,normal
JE101417,0.2594,normal
JE107101,0.1354,normal
JE101416,0.2546,normal
JE104332,0.3537,normal
JE104397,0.0544,normal
JE102741,0.2277,normal
JE105112,0.2926,normal
JE106793,0.1893,normal
JE107660,0.2513,normal
JE105710,0.2832,normal
JE105761,0.3498,normal
JE105957,0.1613,normal
JE106480,0.1994,normal
JE100936,0.262,normal
JE104784,0.2301,normal
JE105268,0.2827,normal
JE102746,0.159,normal
JE106157,0.1924,normal
JE101934,0.3611,normal
JE104600,0.2582,normal
JE105388,0.1994,normal
JE100929,0.3882,normal
JE107352,0.2016,normal
JE103863,0.3141,normal
JE104378,0.3064,normal
JE106883,0.0963,normal
JE103002,0.1811,normal
JE105081,0.2863,normal
JE101579,0.2524,normal
JE104436,0.3376,normal
JE102510,0.3941,normal
JE100898,0.2599,normal
JE106995,0.2193,normal
JE103957,0.2236,normal
JE104492,0.2432,normal
JE104275,0.1412,normal
JE106188,0.3977,normal
JE107038,0.1806,normal
JE103019,0.189,normal
JE100803,0.22,normal
JE101919,0.1635,normal
JE107354,0.2894,normal
JE100207,0.1655,normal
JE103100,0.189,normal
JE102988,0.1642,normal
JE100070,0.1863,normal
JE102386,0.12,normal
JE106792,0.258,normal
JE106999,0.2198,normal
JE100993,0.1864,normal
JE103320,0.299,normal
JE103374,0.3686,normal
JE103665,0.2434,normal
JE102167,0.2664,normal
JE104031,0.2956,normal
JE100859,0.4021,normal
JE100466,0.1731,normal
JE100297,0.2322,normal
JE106587,0.3309,normal
JE101359,0.3505,normal
JE105465,0.2479,normal
JE104567,0.3463,normal
JE107831,0.107,normal
JE107867,0.3464,normal
JE105519,0.1284,normal
JE102544,0.3967,normal
JE104681,0.2698,normal
JE102091,0.2439,normal
JE106404,0.1743,normal
JE101256,0.3117,normal
JE102155,0.2468,normal
JE101288,0.4459,anomaly
JE102873,0.2357,normal
JE105314,0.1167,normal
JE108125,0.3577,normal
JE102184,0.2023,normal
JE103026,0.3706,normal
JE106925,0.2644,normal
JE105262,0.183,normal
JE106911,0.2525,normal
JE104036,0.2678,normal
JE105197,0.2148,normal
JE105457,0.2536,normal
JE103896,0.0996,normal
JE100837,0.2618,normal
JE100546,0.2456,normal
JE102410,0.2056,normal
JE103210,0.1195,normal
JE107512,0.4612,anomaly
JE100430,0.2359,normal
JE107290,0.2566,normal
JE107378,0.1241,normal
JE101980,0.2818,normal
JE108136,0.397,normal
JE105646,0.2067,normal
JE100269,0.3952,normal
JE103932,0.3168,normal
JE107541,0.136,normal
JE100018,0.2279,normal
JE101152,0.2048,normal
JE100253,0.3147,normal
JE101505,0.2002,normal
JE103470,0.2291,normal
JE104193,0.2323,normal
JE105994,0.2738,normal
JE106969,0.1423,normal
JE103536,0.3453,normal
JE102161,0.3151,normal
JE105873,0.2639,normal
JE105672,0.4155,normal
JE100077,0.1005,normal
JE104901,0.1673,normal
JE105733,0.2199,normal
JE103093,0.1501,normal
JE103958,0.4228,normal
JE105544,0.344,normal
JE103500,0.3414,normal
JE101080,0.3107,normal
JE103915,0.3817,normal
JE104950,0.3138,normal
JE107203,0.2904,normal
JE107086,0.3293,normal
JE105566,0.1842,normal
JE103514,0.2936,normal
JE104118,0.279,normal
JE104539,0.1874,normal
JE106865,0.3077,normal
JE106067,0.2036,normal
JE106362,0.2513,normal
JE107752,0.1355,normal
JE100908,0.4037,normal
JE107008,0.3654,normal
JE107131,0.237,normal
JE107563,0.2179,normal
JE106839,0.1348,normal
JE103968,0.325,normal
JE102229,0.2265,normal
JE105326,0.1419,normal
JE106232,0.1831,normal
JE103280,0.4303,normal
JE107526,0.309,normal
JE103860,0.21,normal
JE106270,0.1598,normal
JE104663,0.2566,normal
JE105115,0.1598,normal
JE106716,0.1918,normal
JE101636,0.1058,normal
JE102062,0.2793,normal
JE104154,0.1945,normal
JE107848,0.2644,normal
JE106349,0.1855,normal
JE102193,0.3463,normal
JE101473,0.2246,normal
JE106308,0.3035,normal
JE101204,0.3686,normal
JE105918,0.1374,normal
JE106903,0.2615,normal
JE105967,0.1368,normal
JE103076,0.279,normal
JE105650,0.2707,normal
JE103072,0.5474,anomaly
JE103603,0.3042,normal
JE106291,0.0835,normal
JE101580,0.2132,normal
JE101305,0.2674,normal
JE100347,0.1683,normal
JE104599,0.4797,anomaly
JE101644,0.1027,normal
JE102991,0.4091,normal
JE100834,0.3481,normal
JE101165,0.3464,normal
JE106742,0.1871,normal
JE105448,0.2647,normal
JE107417,0.1947,normal
JE101492,0.5376,anomaly
JE104819,0.3538,normal
JE103051,0.3139,normal
JE106555,0.1596,normal
JE104662,0.3555,normal
JE100264,0.4069,normal
JE100382,0.254,normal
JE104500,0.3758,normal
JE100614,0.2482,normal
JE104135,0.2208,normal
JE100216,0.4658,anomaly
JE107144,0.2638,normal
JE105285,0.2861,normal
JE103427,0.2198,normal
JE102866,0.1427,normal
JE103387,0.4228,normal
JE101113,0.2148,normal
JE103404,0.2518,normal
JE106518,0.275,normal
JE105177,0.2536,normal
JE101694,0.1995,normal
JE107552,0.4623,anomaly
JE103056,0.2307,normal
JE100033,0.2223,normal
JE100115,0.1878,normal
JE105670,0.1896,normal
JE106246,0.2041,normal
JE103272,0.1465,normal
JE100587,0.2188,normal
JE101348,0.2133,normal
JE107884,0.2131,normal
JE101099,0.1583,normal
JE100394,0.3464,normal
JE105642,0.197,normal
JE107238,0.2048,normal
JE104734,0.246,normal
JE102446,0.173,normal
JE103478,0.3185,normal
JE102329,0.3405,normal
JE104314,0.1692,normal
JE105917,0.2253,normal
JE101710,0.2061,normal
JE100984,0.328,normal
JE104286,0.3607,normal
JE106801,0.4293,normal
JE100554,0.2783,normal
JE106958,0.2871,normal
JE105630,0.1442,normal
JE103308,0.2961,normal
JE106213,0.1854,normal
JE101254,0.2871,normal
JE104888,0.2348,normal
JE107162,0.3393,normal
JE107302,0.1322,normal
JE102788,0.2169,normal
JE105294,0.2181,normal
JE105683,0.4513,anomaly
JE107047,0.3426,normal
JE100667,0.2073,normal
JE105189,0.2969,normal
JE102680,0.353,normal
JE101414,0.3396,normal
JE106275,0.2008,normal
JE100529,0.1291,normal
JE106314,0.4447,anomaly
JE105997,0.2595,normal
JE102061,0.1573,normal
JE100486,0.2849,normal
JE103592,0.2267,normal
JE106650,0.1775,normal
JE106727,0.4009,normal
JE106143,0.2366,normal
JE105696,0.4634,anomaly
JE102782,0.3277,normal
JE107591,0.2771,normal
JE103864,0.2601,normal
JE102918,0.2591,normal
JE106830,0.1351,normal
JE106015,0.1645,normal
JE107160,0.2014,normal
JE101598,0.2882,normal
JE106858,0.1121,normal
JE104255,0.2021,normal
JE101468,0.3794,normal
JE107663,0.2876,normal
JE103289,0.2157,normal
JE105107,0.2516,normal
JE105760,0.2006,normal
JE107471,0.2933,normal
JE101124,0.3041,normal
JE107278,0.2488,normal
JE100227,0.1639,normal
JE101029,0.3045,normal
JE103670,0.1781,normal
JE103904,0.1526,normal
JE105134,0.2068,normal
JE107117,0.1407,normal
JE100556,0.2003,normal
JE102138,0.3639,normal
JE105846,0.3819,normal
JE107851,0.3467,normal
JE103687,0.5297,anomaly
JE106874,0.2738,normal
JE106318,0.1547,normal
JE100708,0.3633,normal
JE106844,0.2405,normal
JE107583,0.2301,normal
JE106327,0.2384,normal
JE103729,0.2658,normal
JE104416,0.2193,normal
JE103659,0.282,normal
JE100292,0.213,normal
JE105648,0.2595,normal
JE101172,0.3396,normal
JE103277,0.1612,normal
JE102777,0.17,normal
JE107744,0.2422,normal
JE106945,0.2599,normal
JE102677,0.4015,normal
JE105680,0.1239,normal
JE105755,0.3191,normal
JE104423,0.3626,normal
JE105154,0.2477,normal
JE100477,0.3574,normal
JE106714,0.253,normal
JE106591,0.2537,normal
JE105276,0.2238,normal
JE102513,0.3468,normal
JE102066,0.276,normal
JE100104,0.2216,normal
JE104632,0.1928,normal
JE105222,0.3133,normal
JE104635,0.2151,normal
JE100524,0.2378,normal
JE100067,0.199,normal
JE105243,0.0862,normal
JE106185,0.161,normal
JE105492,0.3005,normal
JE104336,0.1991,normal
JE103900,0.1446,normal
JE101940,0.1814,normal
JE102667,0.1796,normal
JE101397,0.2478,normal
JE102869,0.2415,normal
JE100752,0.2684,normal
JE106037,0.1802,normal
JE104585,0.1337,normal
JE104066,0.1423,normal
JE104851,0.2326,normal
JE102107,0.1818,normal
JE106862,0.2991,normal
JE105584,0.2624,normal
JE107656,0.4049,normal
JE102004,0.4618,anomaly
JE105699,0.1781,normal
JE103556,0.1765,normal
JE100703,0.0881,normal
JE106483,0.2811,normal
JE100011,0.1414,normal
JE105039,0.271,normal
JE102201,0.3967,normal
JE102098,0.1594,normal
JE102273,0.2376,normal
JE100775,0.2659,normal
JE100760,0.2508,normal
JE105494,0.3477,normal
JE106288,0.2368,normal
JE104207,0.1614,normal
JE106663,0.298,normal
JE100491,0.3061,normal
JE101191,0.1743,normal
JE104003,0.297,normal
JE101090,0.3528,normal
JE104243,0.3101,normal
JE101480,0.2275,normal
JE103202,0.1917,normal
JE107135,0.1852,normal
JE102073,0.2113,normal
JE100072,0.2995,normal
JE106155,0.2098,normal
JE101853,0.2159,normal
JE102728,0.1573,normal
JE105078,0.1429,normal
JE107773,0.4955,anomaly
JE103849,0.3389,normal
JE100825,0.3057,normal
JE100387,0.1782,normal
JE100348,0.3532,normal
JE103673,0.3185,normal
JE102808,0.2975,normal
JE106108,0.2834,normal
JE100469,0.1455,normal
JE101419,0.3287,normal
JE105978,0.2565,normal
JE104633,0.2414,normal
JE104846,0.144,normal
JE100342,0.2343,normal
JE101300,0.4009,normal
JE102228,0.2491,normal
JE101620,0.233,normal
JE105187,0.1474,normal
JE102491,0.3157,normal
JE105560,0.1765,normal
JE103176,0.2743,normal
JE107716,0.2025,normal
JE107408,0.0806,normal
JE101928,0.2862,normal
JE105199,0.5247,anomaly
JE100720,0.2204,normal
JE107338,0.2478,normal
JE105058,0.2591,normal
JE104013,0.4438,anomaly
JE103181,0.2597,normal
JE105308,0.1325,normal
JE101654,0.2159,normal
JE100750,0.2587,normal
JE100689,0.2499,normal
JE106235,0.1844,normal
JE106837,0.2362,normal
JE105580,0.1965,normal
JE103373,0.396,normal
JE103097,0.4235,normal
JE101559,0.2796,normal
JE101082,0.1625,normal
JE103472,0.2902,normal
JE101854,0.2775,normal
JE108140,0.6865,anomaly
JE106156,0.1802,normal
JE107132,0.3547,normal
JE106070,0.2188,normal
JE107277,0.1735,normal
JE107852,0.2168,normal
JE102660,0.3846,normal
JE107886,0.2712,normal
JE102190,0.1975,normal
JE103990,0.1626,normal
JE101532,0.141,normal
JE105567,0.2447,normal
JE107861,0.2582,normal
JE100339,0.3313,normal
JE102348,0.2002,normal
JE107568,0.2306,normal
JE101252,0.161,normal
JE101893,0.1885,normal
JE104053,0.2777,normal
JE103671,0.2699,normal
JE100569,0.2476,normal
JE103454,0.2202,normal
JE107342,0.2797,normal
JE100437,0.4057,normal
JE101560,0.3305,normal
JE105724,0.2891,normal
JE100656,0.2849,normal
JE100555,0.1903,normal
JE104877,0.2818,normal
JE106491,0.218,normal
JE102043,0.2267,normal
JE107704,0.2431,normal
JE107859,0.1688,normal
JE105113,0.332,normal
JE100603,0.1674,normal
JE100612,0.3022,normal
JE102358,0.1542,normal
JE104205,0.2605,normal
JE107797,0.3853,normal
JE104040,0.2544,normal
JE102472,0.2453,normal
JE101734,0.2305,normal
JE106891,0.3368,normal
JE105337,0.1683,normal
JE104925,0.1627,normal
JE100152,0.1637,normal
JE106359,0.2973,normal
JE104934,0.2392,normal
JE105413,0.35,normal
JE104266,0.2663,normal
JE102074,0.141,normal
JE100783,0.1018,normal
JE104494,0.1873,normal
JE103054,0.0756,normal
JE100167,0.3631,normal
JE103790,0.3815,normal
JE107349,0.2725,normal
JE107405,0.4224,normal
JE106779,0.1992,normal
JE105684,0.2351,normal
JE100143,0.2314,normal
JE101987,0.2818,normal
JE108047,0.5806,anomaly
JE106399,0.3965,normal
JE106849,0.4431,anomaly
JE104060,0.1494,normal
JE103444,0.2676,normal
JE103982,0.2605,normal
JE102694,0.147,normal
JE104334,0.3173,normal
JE100990,0.1368,normal
JE103423,0.1737,normal
JE107001,0.2976,normal
JE101759,0.4106,normal
JE102370,0.1857,normal
JE101022,0.1085,normal
JE106717,0.4027,normal
JE100867,0.1997,normal
JE103021,0.273,normal
JE107328,0.2212,normal
JE107199,0.4116,normal
JE105000,0.1874,normal
JE105126,0.2627,normal
JE101698,0.3511,normal
JE106086,0.3793,normal
JE100328,0.1526,normal
JE105856,0.4873,anomaly
JE100804,0.2394,normal
JE105758,0.2454,normal
JE105640,0.1156,normal
JE107770,0.1711,normal
JE102904,0.2677,normal
JE105558,0.2485,normal
JE105373,0.2406,normal
JE104162,0.1668,normal
JE106658,0.3183,normal
JE100402,0.3319,normal
JE103414,0.2804,normal
JE101347,0.4586,anomaly
JE102392,0.2393,normal
JE101268,0.1047,normal
JE107927,0.3675,normal
JE101444,0.2544,normal
JE107016,0.3183,normal
JE100186,0.343,normal
JE105475,0.1487,normal
JE102086,0.3434,normal
JE100097,0.2736,normal
JE105430,0.3926,normal
JE107676,0.219,normal
JE102120,0.2979,normal
JE105258,0.1641,normal
JE106358,0.3386,normal
JE104766,0.4009,normal
JE101753,0.1119,normal
JE100470,0.149,normal
JE107516,0.0923,normal
JE105493,0.1465,normal
JE101660,0.1531,normal
JE103763,0.2042,normal
JE103239,0.1212,normal
JE103826,0.2991,normal
JE101477,0.2012,normal
JE107769,0.2372,normal
JE103159,0.1554,normal
JE104026,0.2991,normal
JE105561,0.1825,normal
JE107931,0.191,normal
JE101378,0.2959,normal
JE103042,0.1358,normal
JE101222,0.2667,normal
JE106187,0.2671,normal
JE107449,0.2631,normal
JE108138,0.6617,anomaly
JE102213,0.1845,normal
JE104058,0.4068,normal
JE100944,0.2622,normal
JE104503,0.2774,normal
JE100242,0.2631,normal
JE101927,0.2341,normal
JE102604,0.2572,normal
JE100527,0.3552,normal
JE103786,0.2906,normal
JE101160,0.3542,normal
JE106061,0.2171,normal
JE105220,0.2376,normal
JE102961,0.233,normal
JE102253,0.2916,normal
JE106645,0.2059,normal
JE104526,0.2817,normal
JE104294,0.2096,normal
JE102326,0.3308,normal
JE106748,0.166,normal
JE101479,0.1384,normal
JE104435,0.1964,normal
JE103989,0.1904,normal
JE106361,0.2275,normal
JE104350,0.1741,normal
JE100321,0.2685,normal
JE105342,0.2076,normal
JE105043,0.2793,normal
JE104216,0.1298,normal
JE101085,0.1033,normal
JE103653,0.1368,normal
JE101192,0.1627,normal
JE103828,0.2362,normal
JE100621,0.3697,normal
JE102099,0.2149,normal
JE104847,0.2223,normal
JE107155,0.2562,normal
JE102804,0.3598,normal
JE101865,0.4583,anomaly
JE102296,0.161,normal
JE101960,0.2557,normal
JE105353,0.3976,normal
JE100578,0.2144,normal
JE101396,0.237,normal
JE105474,0.2442,normal
JE102755,0.1225,normal
JE101806,0.2377,normal
JE102855,0.2795,normal
JE107062,0.2363,normal
JE104367,0.1597,normal
JE100171,0.224,normal
JE102042,0.3606,normal
JE106713,0.3379,normal
JE101234,0.5118,anomaly
JE106204,0.3043,normal
JE107004,0.1358,normal
JE106014,0.2406,normal
JE106173,0.2063,normal
JE106056,0.2218,normal
JE101276,0.2295,normal
JE103119,0.2339,normal
JE104396,0.2262,normal
JE102950,0.3153,normal
JE107888,0.2814,normal
JE101891,0.1728,normal
JE100678,0.2328,normal
JE106103,0.1773,normal
JE108055,0.841,anomaly
JE105617,0.2378,normal
JE105256,0.2478,normal
JE101297,0.2144,normal
JE104392,0.3197,normal
JE104150,0.1836,normal
JE103401,0.2287,normal
JE107335,0.2001,normal
JE107282,0.3338,normal
JE103901,0.1078,normal
JE108049,0.4414,anomaly
JE103343,0.3782,normal
JE100302,0.2163,normal
JE100366,0.1301,normal
JE105239,0.0835,normal
JE104199,0.1877,normal
JE106986,0.4304,normal
JE102796,0.1532,normal
JE103695,0.4376,anomaly
JE100858,0.1469,normal
JE108019,0.3504,normal
JE103006,0.2038,normal
JE105614,0.2494,normal
JE105653,0.2696,normal
JE106668,0.1033,normal
JE104471,0.2828,normal
JE100545,0.2501,normal
JE104388,0.221,normal
JE105962,0.4502,anomaly
JE103689,0.3012,normal
JE104486,0.4184,normal
JE102870,0.2614,normal
JE104947,0.4695,anomaly
JE105216,0.2654,normal
JE101871,0.2437,normal
JE107754,0.3652,normal
JE103232,0.2772,normal
JE105016,0.2943,normal
JE104507,0.2658,normal
JE101895,0.2189,normal
JE101185,0.2141,normal
JE106641,0.2407,normal
JE103005,0.2774,normal
JE101899,0.2526,normal
JE100833,0.1963,normal
JE100691,0.0923,normal
JE106673,0.1681,normal
JE103777,0.2692,normal
JE101513,0.2246,normal
JE106836,0.1663,normal
JE103883,0.1408,normal
JE101076,0.1547,normal
JE107872,0.3824,normal
JE107151,0.1079,normal
JE102112,0.1977,normal
JE104866,0.2922,normal
JE105484,0.1883,normal
JE107622,0.3009,normal
JE102603,0.2291,normal
JE101947,0.2087,normal
JE107600,0.3409,normal
JE107462,0.1155,normal
JE100753,0.2004,normal
JE101362,0.2794,normal
JE107416,0.2626,normal
JE102683,0.1915,normal
JE105138,0.1159,normal
JE103285,0.2023,normal
JE106523,0.2259,normal
JE107048,0.2916,normal
JE100364,0.2017,normal
JE102765,0.2681,normal
JE101136,0.341,normal
JE103213,0.3684,normal
JE103808,0.165,normal
JE101680,0.196,normal
JE104647,0.207,normal
JE103590,0.3893,normal
JE102357,0.1564,normal
JE106436,0.1553,normal
JE101623,0.1969,normal
JE106534,0.266,normal
JE106315,0.3518,normal
JE104098,0.4404,anomaly
JE103015,0.2242,normal
JE104811,0.1936,normal
JE104939,0.3718,normal
JE102069,0.3906,normal
JE104390,0.1752,normal
JE100880,0.0923,normal
JE107310,0.1842,normal
JE103798,0.133,normal
JE104960,0.1613,normal
JE100759,0.181,normal
JE103122,0.2111,normal
JE102403,0.0994,normal
JE102060,0.1327,normal
JE105904,0.3495,normal
JE105486,0.2531,normal
JE102578,0.279,normal
JE101912,0.3388,normal
JE105422,0.1865,normal
JE107855,0.3032,normal
JE101074,0.1521,normal
JE100059,0.2436,normal
JE106908,0.163,normal
JE102295,0.3164,normal
JE105620,0.2583,normal
JE106469,0.4794,anomaly
JE102399,0.1307,normal
JE103134,0.3662,normal
JE101069,0.178,normal
JE102530,0.2659,normal
JE107110,0.1589,normal
JE101478,0.2194,normal
JE101514,0.3178,normal
JE103286,0.1566,normal
JE106146,0.2332,normal
JE103069,0.2544,normal
JE105165,0.2877,normal
JE106441,0.3942,normal
JE107562,0.1752,normal
JE104613,0.2347,normal
JE107624,0.1621,normal
JE103290,0.4619,anomaly
JE101800,0.3276,normal
JE106508,0.1993,normal
JE106797,0.3031,normal
JE106720,0.2231,normal
JE102501,0.2366,normal
JE107853,0.1545,normal
JE107891,0.2529,normal
JE104289,0.3059,normal
JE103796,0.2444,normal
JE105866,0.1286,normal
JE105460,0.3843,normal
JE104086,0.1442,normal
JE105135,0.3392,normal
JE105449,0.249,normal
JE102682,0.2826,normal
JE102506,0.0869,normal
JE101304,0.2371,normal
JE104723,0.1922,normal
JE103806,0.1852,normal
JE101174,0.1699,normal
JE101433,0.2004,normal
JE101100,0.5276,anomaly
JE107331,0.3327,normal
JE101909,0.1368,normal
JE107138,0.2798,normal
JE107126,0.2078,normal
JE106988,0.2945,normal
JE106343,0.2013,normal
JE101406,0.1613,normal
JE107191,0.2694,normal
JE108017,0.4147,normal
JE107979,0.2055,normal
JE102814,0.2432,normal
JE100310,0.2166,normal
JE104091,0.4599,anomaly
JE100776,0.2795,normal
JE104581,0.1878,normal
JE100368,0.3721,normal
JE100571,0.2635,normal
JE104100,0.2287,normal
JE104746,0.2045,normal
JE105542,0.4115,normal
JE104538,0.2285,normal
JE101594,0.3973,normal
JE102264,0.2239,normal
JE107707,0.3358,normal
JE106572,0.3414,normal
JE101542,0.2746,normal
JE106107,0.5211,anomaly
JE107156,0.2258,normal
JE104645,0.4304,normal
JE107280,0.1967,normal
JE108014,0.2746,normal
JE105586,0.2145,normal
JE105042,0.2117,normal
JE107695,0.1628,normal
JE100073,0.1844,normal
JE104830,0.1777,normal
JE105811,0.1913,normal
JE107842,0.1671,normal
JE104859,0.2618,normal
JE102836,0.4259,normal
JE104270,0.2479,normal
JE107292,0.4062,normal
JE103737,0.204,normal
JE106515,0.278,normal
JE102512,0.1986,normal
JE101781,0.1594,normal
JE101776,0.2504,normal
JE101535,0.1363,normal
JE104935,0.3111,normal
JE103106,0.22,normal
JE103766,0.337,normal
JE103335,0.2299,normal
JE106176,0.1874,normal
JE104961,0.1202,normal
JE107461,0.2105,normal
JE105348,0.1414,normal
JE106000,0.2688,normal
JE106097,0.2785,normal
JE104395,0.1839,normal
JE107322,0.2171,normal
JE104363,0.1979,normal
JE103963,0.1891,normal
JE105860,0.1749,normal
JE101785,0.112,normal
JE106607,0.1801,normal
JE101030,0.206,normal
JE100520,0.224,normal
JE102447,0.2399,normal
JE101915,0.3482,normal
JE107743,0.2063,normal
JE101610,0.2802,normal
JE106444,0.2947,normal
JE100396,0.175,normal
JE104191,0.2995,normal
JE101984,0.2739,normal
JE101937,0.2675,normal
JE103365,0.4133,normal
JE106610,0.1357,normal
JE106463,0.5235,anomaly
JE101034,0.4351,normal
JE105999,0.28,normal
JE108039,0.5743,anomaly
JE104389,0.3707,normal
JE107579,0.1594,normal
JE100605,0.1854,normal
JE105867,0.367,normal
JE104978,0.177,normal
JE106896,0.1675,normal
JE102805,0.3968,normal
JE101432,0.1655,normal
JE106843,0.4362,normal
JE103651,0.2066,normal
JE104903,0.307,normal
JE107091,0.3621,normal
JE102366,0.3286,normal
JE101322,0.128,normal
JE102577,0.357,normal
JE105044,0.3164,normal
JE106956,0.4952,anomaly
JE105274,0.2639,normal
JE102642,0.2773,normal
JE104727,0.356,normal
JE105747,0.2454,normal
JE106167,0.168,normal
JE107696,0.3228,normal
JE103433,0.4212,normal
JE102684,0.2078,normal
JE103381,0.4889,anomaly
JE104319,0.1547,normal
JE104074,0.197,normal
JE106868,0.2886,normal
JE106265,0.1271,normal
JE103933,0.2229,normal
JE101743,0.1099,normal
JE107464,0.16,normal
JE101878,0.2286,normal
JE106140,0.2496,normal
JE107219,0.2434,normal
JE106882,0.1569,normal
JE101924,0.2329,normal
JE106961,0.2601,normal
JE102842,0.3006,normal
JE104384,0.3071,normal
JE107033,0.254,normal
JE106341,0.2422,normal
JE104210,0.148,normal
JE100028,0.1433,normal
JE107972,0.3334,normal
JE105206,0.4076,normal
JE103569,0.2326,normal
JE105321,0.2642,normal
JE107528,0.1586,normal
JE105500,0.1943,normal
JE102177,0.3048,normal
JE104622,0.2823,normal
JE106662,0.1926,normal
JE107522,0.2285,normal
JE103880,0.2322,normal
JE104603,0.4178,normal
JE107750,0.1293,normal
JE107949,0.1631,normal
JE101224,0.265,normal
JE102445,0.1964,normal
JE106040,0.2923,normal
JE103313,0.3666,normal
JE105477,0.1658,normal
JE103068,0.1788,normal
JE101627,0.1773,normal
JE101265,0.2379,normal
JE103970,0.2229,normal
JE107145,0.215,normal
JE100878,0.3467,normal
JE106602,0.2094,normal
JE107847,0.2397,normal
JE103479,0.3308,normal
JE104110,0.2044,normal
JE100482,0.2222,normal
JE105660,0.0638,normal
JE106807,0.4033,normal
JE102553,0.2575,normal
JE105878,0.2587,normal
JE107439,0.1558,normal
JE104954,0.212,normal
JE103130,0.3434,normal
JE104143,0.1563,normal
JE102919,0.171,normal
JE107307,0.3875,normal
JE107947,0.2068,normal
JE102315,0.2974,normal
JE107728,0.2312,normal
JE104996,0.3511,normal
JE105119,0.1832,normal
JE104329,0.3147,normal
JE100942,0.2857,normal
JE107546,0.147,normal
JE107671,0.2654,normal
JE107909,0.3654,normal
JE103238,0.1469,normal
JE106637,0.3405,normal
JE105628,0.2675,normal
JE101810,0.2162,normal
JE105931,0.1538,normal
JE101166,0.3171,normal
JE100205,0.2661,normal
JE106655,0.1356,normal
JE106309,0.2068,normal
JE103690,0.2367,normal
JE107192,0.1301,normal
JE103510,0.1805,normal
JE101163,0.2577,normal
JE102730,0.2598,normal
JE101601,0.2456,normal
JE100087,0.2825,normal
JE106546,0.1651,normal
JE102208,0.1239,normal
JE103047,0.2996,normal
JE104718,0.1413,normal
JE105503,0.2984,normal
JE100365,0.2612,normal
JE103981,0.3023,normal
JE105559,0.2191,normal
JE106520,0.1628,normal
JE101293,0.1147,normal
JE103976,0.1641,normal
JE107102,0.3674,normal
JE105613,0.3059,normal
JE106622,0.2465,normal
JE101000,0.1955,normal
JE103173,0.1588,normal
JE101037,0.2575,normal
JE107305,0.0899,normal
JE102803,0.249,normal
JE105185,0.305,normal
JE102695,0.3878,normal
JE101337,0.1157,normal
JE100996,0.1977,normal
JE100221,0.416,normal
JE102402,0.2877,normal
JE107940,0.1461,normal
JE107565,0.226,normal
JE103822,0.2664,normal
JE100250,0.2498,normal
JE102008,0.3907,normal
JE108002,0.359,normal
JE105289,0.2811,normal
JE101887,0.1598,normal
JE107441,0.2566,normal
JE104660,0.2861,normal
JE106132,0.2901,normal
JE103467,0.4078,normal
JE102539,0.1605,normal
JE108015,0.1728,normal
JE104482,0.35,normal
JE106196,0.2287,normal
JE104619,0.3633,normal
JE100592,0.3344,normal
JE106460,0.3536,normal
JE102203,0.2423,normal
JE102226,0.288,normal
JE102260,0.1926,normal
JE104479,0.1565,normal
JE100519,0.4472,anomaly
JE104670,0.1326,normal
JE105592,0.351,normal
JE103105,0.2597,normal
JE104063,0.1993,normal
JE103046,0.3663,normal
JE104673,0.222,normal
JE101651,0.1421,normal
JE107220,0.2013,normal
JE107641,0.2629,normal
JE107140,0.2546,normal
JE101275,0.2409,normal
JE101817,0.2944,normal
JE104852,0.2527,normal
JE102635,0.3538,normal
JE101328,0.0736,normal
JE104736,0.291,normal
JE106943,0.331,normal
JE100044,0.1739,normal
JE100008,0.29,normal
JE100481,0.1911,normal
JE100472,0.2355,normal
JE104518,0.3387,normal
JE106375,0.181,normal
JE102238,0.2184,normal
JE106171,0.1239,normal
JE105769,0.1709,normal
JE100655,0.4449,anomaly
JE107684,0.3022,normal
JE107309,0.3257,normal
JE104405,0.234,normal
JE100465,0.1277,normal
JE103903,0.2842,normal
JE104564,0.3727,normal
JE101692,0.1475,normal
JE105130,0.1057,normal
JE100698,0.1771,normal
JE102231,0.3365,normal
JE108052,0.3908,normal
JE102696,0.3673,normal
JE100066,0.3216,normal
JE101349,0.1814,normal
JE102416,0.1651,normal
JE102481,0.1346,normal
JE105529,0.1551,normal
JE102150,0.3968,normal
JE106692,0.128,normal
JE105092,0.3355,normal
JE107679,0.1595,normal
JE105788,0.2538,normal
JE106661,0.2165,normal
JE106498,0.2535,normal
JE102048,0.2787,normal
JE103853,0.2775,normal
JE104226,0.2556,normal
JE107064,0.2171,normal
JE100850,0.3237,normal
JE107247,0.3185,normal
JE103966,0.2705,normal
JE100418,0.3284,normal
JE103719,0.1742,normal
JE107759,0.3066,normal
JE102286,0.3506,normal
JE105295,0.2566,normal
JE102550,0.2192,normal
JE107222,0.2312,normal
JE104357,0.2164,normal
JE101923,0.214,normal
JE106519,0.4159,normal
JE105490,0.2155,normal
JE102571,0.2041,normal
JE106977,0.31,normal
JE107817,0.328,normal
JE102103,0.1308,normal
JE107585,0.268,normal
JE107545,0.213,normal
JE106312,0.2588,normal
JE107762,0.2486,normal
JE107239,0.1718,normal
JE101482,0.1386,normal
JE100383,0.3956,normal
JE105826,0.2417,normal
JE107517,0.2213,normal
JE104273,0.2088,normal
JE104782,0.1998,normal
JE104655,0.1131,normal
JE104932,0.1772,normal
JE106586,0.1841,normal
JE100030,0.2231,normal
JE104560,0.209,normal
JE103812,0.162,normal
JE106169,0.1983,normal
JE107712,0.2233,normal
JE107690,0.1538,normal
JE107194,0.2139,normal
JE100322,0.1297,normal
JE106942,0.3098,normal
JE103698,0.3274,normal
JE104615,0.1413,normal
JE105703,0.1683,normal
JE103685,0.1675,normal
JE103345,0.1825,normal
JE105633,0.0837,normal
JE107311,0.2087,normal
JE105792,0.2997,normal
JE104692,0.1518,normal
JE107703,0.336,normal
JE107936,0.3019,normal
JE103945,0.1477,normal
JE105817,0.2418,normal
JE105781,0.2424,normal
JE107634,0.1839,normal
JE103281,0.3441,normal
JE102948,0.2271,normal
JE103186,0.2286,normal
JE103168,0.1535,normal
JE100098,0.1433,normal
JE107283,0.1927,normal
JE102430,0.2439,normal
JE102246,0.2243,normal
JE106410,0.4008,normal
JE102077,0.1563,normal
JE100448,0.1693,normal
JE107032,0.1336,normal
JE100015,0.1538,normal
JE104394,0.4125,normal
JE107275,0.4442,anomaly
JE101216,0.2586,normal
JE106229,0.1767,normal
JE103795,0.2415,normal
JE105657,0.2731,normal
JE107569,0.2768,normal
JE102343,0.146,normal
JE100287,0.3327,normal
JE103844,0.2307,normal
JE104219,0.2788,normal
JE102313,0.1536,normal
JE102860,0.3245,normal
JE100780,0.1445,normal
JE107598,0.2345,normal
JE104020,0.2253,normal
JE102053,0.278,normal
JE104525,0.304,normal
JE105915,0.1805,normal
JE107375,0.3554,normal
JE105564,0.161,normal
JE106724,0.4305,normal
JE104997,0.243,normal
JE105005,0.3748,normal
JE104447,0.1142,normal
JE107210,0.25,normal
JE100166,0.1813,normal
JE100661,0.2351,normal
JE103109,0.3405,normal
JE101340,0.2698,normal
JE101139,0.4581,anomaly
JE102619,0.2223,normal
JE104480,0.2853,normal
JE105744,0.1769,normal
JE102217,0.2114,normal
JE102189,0.0822,normal
JE103833,0.3616,normal
JE106930,0.1936,normal
JE104562,0.2174,normal
JE105229,0.3054,normal
JE100300,0.1964,normal
JE101616,0.5207,anomaly
JE105328,0.4502,anomaly
JE106467,0.3801,normal
JE101134,0.3205,normal
JE103082,0.3891,normal
JE103143,0.1855,normal
JE101938,0.4539,anomaly
JE107251,0.1578,normal
JE106723,0.2199,normal
JE101049,0.4159,normal
JE107781,0.1719,normal
JE105244,0.1503,normal
JE105625,0.2837,normal
JE107399,0.1749,normal
JE100847,0.1549,normal
JE100252,0.3742,normal
JE103035,0.2253,normal
JE101028,0.3044,normal
JE100807,0.2145,normal
JE101553,0.2479,normal
JE100032,0.2346,normal
JE100716,0.2962,normal
JE102385,0.3684,normal
JE105690,0.1001,normal
JE107765,0.3977,normal
JE106707,0.2226,normal
JE106921,0.1788,normal
JE103460,0.1674,normal
JE105848,0.4703,anomaly
JE101045,0.1778,normal
JE102145,0.2622,normal
JE102490,0.1858,normal
JE103245,0.1711,normal
JE105463,0.1331,normal
JE105166,0.2333,normal
JE103192,0.2037,normal
JE106007,0.17,normal
JE108121,0.3764,normal
JE103988,0.235,normal
JE100331,0.1814,normal
JE107279,0.1872,normal
JE103511,0.1343,normal
JE105612,0.2619,normal
JE100862,0.2092,normal
JE101199,0.0899,normal
JE105208,0.3207,normal
JE104424,0.2702,normal
JE103952,0.2349,normal
JE101089,0.2789,normal
JE104220,0.3701,normal
JE102516,0.2828,normal
JE100004,0.3174,normal
JE103758,0.2729,normal
JE103725,0.2258,normal
JE107899,0.1381,normal
JE104041,0.3905,normal
JE105587,0.3236,normal
JE102460,0.205,normal
JE104711,0.397,normal
JE100550,0.1717,normal
JE104653,0.1183,normal
JE105582,0.1415,normal
JE106382,0.2242,normal
JE104361,0.0734,normal
JE105961,0.1786,normal
JE107361,0.2078,normal
JE101472,0.1657,normal
JE101235,0.2729,normal
JE101155,0.3059,normal
JE101402,0.2968,normal
JE105844,0.2659,normal
JE100919,0.1478,normal
JE104521,0.2249,normal
JE105161,0.4002,normal
JE102349,0.3604,normal
JE106935,0.1957,normal
JE103661,0.2806,normal
JE108073,0.659,anomaly
JE102602,0.2805,normal
JE105609,0.2628,normal
JE106904,0.1681,normal
JE101822,0.2406,normal
JE100468,0.2607,normal
JE104441,0.2078,normal
JE105098,0.1729,normal
JE101493,0.1443,normal
JE104631,0.241,normal
JE107346,0.3564,normal
JE105514,0.2333,normal
JE106855,0.454,anomaly
JE104171,0.4127,normal
JE105545,0.098,normal
JE105944,0.4667,anomaly
JE106464,0.1512,normal
JE103755,0.3874,normal
JE104940,0.1632,normal
JE101889,0.2093,normal
JE106372,0.3397,normal
JE104862,0.2312,normal
JE103129,0.1584,normal
JE102488,0.1238,normal
JE106257,0.198,normal
JE100022,0.2784,normal
JE107323,0.2189,normal
JE105176,0.3886,normal
JE106035,0.2834,normal
JE107917,0.3218,normal
JE105626,0.3355,normal
JE107574,0.2341,normal
JE103276,0.3603,normal
JE102404,0.2028,normal
JE103593,0.3704,normal
JE101315,0.2313,normal
JE106085,0.2054,normal
JE101048,0.2341,normal
JE103248,0.1767,normal
JE107448,0.3276,normal
JE106260,0.3901,normal
JE104067,0.3244,normal
JE105879,0.236,normal
JE100811,0.246,normal
JE103742,0.4506,anomaly
JE102480,0.1597,normal
JE104823,0.1764,normal
JE104204,0.316,normal
JE108051,0.6513,anomaly
JE101369,0.1313,normal
JE102669,0.1482,normal
JE106248,0.4372,normal
JE101521,0.2012,normal
JE104032,0.5227,anomaly
JE107593,0.201,normal
JE105033,0.1384,normal
JE101206,0.2883,normal
JE105299,0.1753,normal
JE102333,0.2222,normal
JE107882,0.132,normal
JE106130,0.2474,normal
JE103850,0.3024,normal
JE104227,0.2222,normal
JE104618,0.2145,normal
JE100956,0.1392,normal
JE105010,0.2803,normal
JE100860,0.1073,normal
JE102034,0.2482,normal
JE105748,0.1428,normal
JE101316,0.2566,normal
JE102400,0.2462,normal
JE107620,0.1553,normal
JE104720,0.1605,normal
JE104785,0.3479,normal
JE103905,0.211,normal
JE106459,0.1737,normal
JE101367,0.4292,normal
JE103044,0.258,normal
JE103925,0.2177,normal
JE106477,0.2715,normal
JE104707,0.1797,normal
JE102507,0.3537,normal
JE100463,0.231,normal
JE101574,0.3391,normal
JE104889,0.2437,normal
JE100309,0.23,normal
JE102122,0.3007,normal
JE100580,0.207,normal
JE104202,0.2052,normal
JE101706,0.1909,normal
JE107083,0.2214,normal
JE103787,0.2318,normal
JE105108,0.2264,normal
JE106160,0.214,normal
JE102995,0.2333,normal
JE105131,0.1792,normal
JE105433,0.2878,normal
JE102038,0.1757,normal
JE106435,0.4659,anomaly
JE106307,0.1786,normal
JE102096,0.1585,normal
JE100871,0.1948,normal
JE106437,0.1762,normal
JE105981,0.2526,normal
JE103050,0.1751,normal
JE107926,0.1301,normal
JE102657,0.1984,normal
JE105913,0.4297,normal
JE103503,0.2595,normal
JE104358,0.2016,normal
JE100977,0.089,normal
JE105804,0.5514,anomaly
JE103353,0.2366,normal
JE100958,0.2315,normal
JE105270,0.35,normal
JE103700,0.2609,normal
JE101341,0.3292,normal
JE101823,0.2429,normal
JE102330,0.2944,normal
JE105606,0.2027,normal
JE101930,0.3228,normal
JE103881,0.1989,normal
JE107327,0.2049,normal
JE106730,0.2836,normal
JE100354,0.1501,normal
JE104828,0.3629,normal
JE101446,0.1851,normal
JE104799,0.2748,normal
JE102727,0.2594,normal
JE107476,0.1892,normal
JE104257,0.3422,normal
JE103201,0.2816,normal
JE106099,0.2229,normal
JE106983,0.1927,normal
JE101386,0.3068,normal
JE106974,0.3383,normal
JE103722,0.2174,normal
JE100502,0.2761,normal
JE103525,0.1319,normal
JE107040,0.1827,normal
JE108063,0.673,anomaly
JE102105,0.0779,normal
JE102234,0.4097,normal
JE107557,0.2021,normal
JE101008,0.2324,normal
JE107642,0.1933,normal
JE106095,0.173,normal
JE102172,0.2057,normal
JE105384,0.3012,normal
JE104465,0.3501,normal
JE103217,0.1611,normal
JE107490,0.2178,normal
JE105900,0.2044,normal
JE101319,0.2098,normal
JE104590,0.2551,normal
JE103983,0.5647,anomaly
JE104430,0.0631,normal
JE101476,0.1591,normal
JE100680,0.044,normal
JE105235,0.1751,normal
JE105318,0.2009,normal
JE106402,0.226,normal
JE103927,0.1945,normal
JE100381,0.3237,normal
JE106701,0.341,normal
JE106900,0.3613,normal
JE104164,0.2527,normal
JE105941,0.3134,normal
JE106319,0.3722,normal
JE101883,0.328,normal
JE100478,0.2602,normal
JE107334,0.2361,normal
JE102383,0.3633,normal
JE105269,0.1852,normal
JE107738,0.3879,normal
JE102360,0.181,normal
JE100426,0.1532,normal
JE106256,0.3109,normal
JE102256,0.2314,normal
JE101334,0.2512,normal
JE100200,0.3177,normal
JE105927,0.2277,normal
JE101939,0.2306,normal
JE100144,0.1291,normal
JE103821,0.2838,normal
JE104346,0.152,normal
JE107093,0.272,normal
JE100305,0.1778,normal
JE101455,0.2614,normal
JE104789,0.352,normal
JE104514,0.2285,normal
JE100912,0.3247,normal
JE107427,0.2646,normal
JE102597,0.1867,normal
JE104682,0.009,normal
JE105370,0.2836,normal
JE102310,0.1887,normal
JE102113,0.1019,normal
JE107530,0.1344,normal
JE100594,0.3402,normal
JE103571,0.1074,normal
JE103534,0.2422,normal
JE101289,0.1897,normal
JE101656,0.1196,normal
JE105009,0.2231,normal
JE106320,0.3726,normal
JE102132,0.1593,normal
JE100766,0.2328,normal
JE107880,0.2982,normal
JE106897,0.1407,normal
JE100147,0.3098,normal
JE105230,0.3726,normal
JE100395,0.2789,normal
JE106242,0.1972,normal
JE103809,0.1753,normal
JE100046,0.1606,normal
JE103495,0.4953,anomaly
JE105954,0.3628,normal
JE103337,0.2545,normal
JE104418,0.2176,normal
JE102160,0.1532,normal
JE101958,0.4115,normal
JE104953,0.4064,normal
JE105713,0.1413,normal
JE102185,0.4768,anomaly
JE106101,0.1266,normal
JE107873,0.6637,anomaly
JE106541,0.2244,normal
JE103498,0.386,normal
JE102072,0.2157,normal
JE101368,0.1987,normal
JE103096,0.4554,anomaly
JE102365,0.2758,normal
JE108048,0.3793,normal
JE100931,0.3334,normal
JE103513,0.4951,anomaly
JE102976,0.3519,normal
JE106039,0.3516,normal
JE104575,0.1852,normal
JE103142,0.1947,normal
JE107163,0.3146,normal
JE102582,0.2166,normal
JE107133,0.1101,normal
JE100607,0.128,normal
JE100075,0.2157,normal
JE105861,0.3901,normal
JE106172,0.0893,normal
JE101323,0.2195,normal
JE105673,0.3739,normal
JE106966,0.2265,normal
JE100114,0.4622,anomaly
JE103914,0.0756,normal
JE100987,0.2089,normal
JE107406,0.25,normal
JE104844,0.304,normal
JE105960,0.2886,normal
JE100223,0.2212,normal
JE105445,0.1655,normal
JE105599,0.2481,normal
JE105762,0.089,normal
JE101993,0.2719,normal
JE106914,0.2472,normal
JE104132,0.1762,normal
JE104927,0.2448,normal
JE105663,0.2596,normal
JE106800,0.242,normal
JE101762,0.1436,normal
JE104444,0.189,normal
JE104264,0.1162,normal
JE104181,0.1487,normal
JE104213,0.1495,normal
JE104044,0.1367,normal
JE103457,0.243,normal
JE100531,0.3572,normal
JE105491,0.2037,normal
JE102591,0.2242,normal
JE105125,0.2467,normal
JE103955,0.2136,normal
JE107953,0.413,normal
JE103631,0.145,normal
JE102522,0.4381,anomaly
JE105064,0.2618,normal
JE103052,0.2857,normal
JE106397,0.3721,normal
JE106034,0.3006,normal
JE106687,0.1185,normal
JE105721,0.1099,normal
JE107392,0.157,normal
JE107815,0.2804,normal
JE107687,0.2493,normal
JE103205,0.2193,normal
JE105629,0.1046,normal
JE107116,0.2278,normal
JE101780,0.1763,normal
JE101026,0.2117,normal
JE103779,0.2351,normal
JE100082,0.2396,normal
JE106158,0.26,normal
JE102031,0.2966,normal
JE104055,0.2531,normal
JE101793,0.2242,normal
JE106371,0.2731,normal
JE105573,0.2772,normal
JE102717,0.1902,normal
JE103820,0.1461,normal
JE102674,0.1629,normal
JE105574,0.1998,normal
JE107784,0.3735,normal
JE104654,0.1447,normal
JE103502,0.1134,normal
JE102564,0.2667,normal
JE103403,0.1971,normal
JE107934,0.2371,normal
JE105983,0.2729,normal
JE101957,0.4595,anomaly
JE105726,0.234,normal
JE103870,0.355,normal
JE106582,0.1211,normal
JE104137,0.2171,normal
JE105801,0.2451,normal
JE107621,0.173,normal
JE107080,0.1963,normal
JE103137,0.2849,normal
JE100312,0.521,anomaly
JE101632,0.1634,normal
JE104261,0.2174,normal
JE102068,0.1275,normal
JE101427,0.3869,normal
JE102003,0.2112,normal
JE104454,0.1527,normal
JE107808,0.2804,normal
JE103811,0.2431,normal
JE105467,0.3268,normal
JE106443,0.1186,normal
JE102338,0.2228,normal
JE105924,0.2221,normal
JE102441,0.2643,normal
JE100129,0.2469,normal
JE101010,0.1385,normal
JE101814,0.2582,normal
JE101291,0.1882,normal
JE104754,0.1979,normal
JE105343,0.2642,normal
JE103874,0.4125,normal
JE105198,0.2641,normal
JE102772,0.3143,normal
JE100202,0.2776,normal
JE107195,0.1672,normal
JE107890,0.1526,normal
JE105518,0.2465,normal
JE107916,0.1768,normal
JE100955,0.1964,normal
JE102419,0.1096,normal
JE104021,0.2802,normal
JE100830,0.1989,normal
JE102362,0.2739,normal
JE107209,0.1965,normal
JE104690,0.2287,normal
JE103908,0.1853,normal
JE100971,0.1986,normal
JE100203,0.2715,normal
JE105822,0.2632,normal
JE106071,0.2054,normal
JE100983,0.2818,normal
JE103697,0.121,normal
JE103319,0.3738,normal
JE106475,0.3152,normal
JE104913,0.2484,normal
JE106077,0.453,anomaly
JE102381,0.3039,normal
JE102487,0.2351,normal
JE106680,0.2849,normal
JE105959,0.2934,normal
JE103098,0.233,normal
JE107365,0.2228,normal
JE103090,0.1636,normal
JE101188,0.1971,normal
JE104448,0.253,normal
JE103920,0.2447,normal
JE105852,0.128,normal
JE101596,0.3717,normal
JE104093,0.3009,normal
JE100043,0.1531,normal
JE108008,0.2387,normal
JE103348,0.3093,normal
JE108099,0.6557,anomaly
JE105169,0.2285,normal
JE101274,0.1532,normal
JE102183,0.0,normal
JE100575,0.2457,normal
JE101921,0.3769,normal
JE107523,0.214,normal
JE100857,0.2882,normal
JE105943,0.2405,normal
JE101809,0.276,normal
JE102621,0.2729,normal
JE104915,0.2452,normal
JE105995,0.1315,normal
JE101847,0.27,normal
JE104972,0.3039,normal
JE104035,0.214,normal
JE104200,0.1722,normal
JE106311,0.3369,normal
JE102459,0.1268,normal
JE104890,0.3746,normal
JE104701,0.2692,normal
JE100989,0.2699,normal
JE105330,0.278,normal
JE107204,0.1838,normal
JE101434,0.2482,normal
JE104481,0.1523,normal
JE104990,0.3145,normal
JE104153,0.2428,normal
JE100712,0.1361,normal
JE102373,0.3987,normal
JE103851,0.1489,normal
JE104452,0.3556,normal
JE103566,0.1882,normal
JE105939,0.4083,normal
JE101019,0.1142,normal
JE103888,0.181,normal
JE107726,0.1955,normal
JE103297,0.2333,normal
JE102964,0.2631,normal
JE104404,0.2199,normal
JE103462,0.3214,normal
JE104910,0.1352,normal
JE104138,0.3046,normal
JE106216,0.1831,normal
JE105502,0.283,normal
JE106226,0.2183,normal
JE101682,0.3124,normal
JE104979,0.1698,normal
JE101970,0.238,normal
JE104795,0.3136,normal
JE106453,0.3724,normal
JE106064,0.3873,normal
JE102052,0.1157,normal
JE107540,0.1048,normal
JE104312,0.1729,normal
JE102147,0.1705,normal
JE102323,0.2519,normal
JE102697,0.1401,normal
JE102483,0.2002,normal
JE101371,0.3496,normal
JE101567,0.2134,normal
JE103597,0.2574,normal
JE103772,0.2272,normal
JE108065,0.6175,anomaly
JE104355,0.1208,normal
JE101517,0.2315,normal
JE103994,0.1477,normal
JE105863,0.2375,normal
JE108007,0.1309,normal
JE102187,0.2293,normal
JE103309,0.2781,normal
JE103732,0.2155,normal
JE105252,0.1055,normal
JE101038,0.431,normal
JE102438,0.1126,normal
JE103000,0.2674,normal
JE101511,0.4007,normal
JE100412,0.2693,normal
JE106493,0.1581,normal
JE106286,0.1628,normal
JE104076,0.2349,normal
JE101302,0.1975,normal
JE103260,0.2377,normal
JE105393,0.2664,normal
JE101318,0.2991,normal
JE103317,0.1812,normal
JE100778,0.1878,normal
JE106654,0.3149,normal
JE107065,0.1848,normal
JE104672,0.1736,normal
JE104855,0.2005,normal
JE102368,0.1617,normal
JE102477,0.2623,normal
JE104891,0.2628,normal
JE105414,0.0925,normal
JE104170,0.1804,normal
JE100026,0.3543,normal
JE103393,0.1834,normal
JE101409,0.326,normal
JE105223,0.0982,normal
JE101140,0.2124,normal
JE100506,0.2894,normal
JE101561,0.2735,normal
JE106261,0.3077,normal
JE101121,0.1855,normal
JE107737,0.3405,normal
JE104683,0.3735,normal
JE100602,0.2312,normal
JE104708,0.2776,normal
JE103942,0.2928,normal
JE105186,0.2049,normal
JE102738,0.2029,normal
JE105632,0.1964,normal
JE103852,0.3239,normal
JE105505,0.1885,normal
JE102614,0.2643,normal
JE100349,0.1366,normal
JE104982,0.1699,normal
JE108004,0.2748,normal
JE107357,0.2324,normal
JE104879,0.3503,normal
JE107550,0.3858,normal
JE106575,0.3228,normal
JE100630,0.279,normal
JE106706,0.1925,normal
JE102549,0.3676,normal
JE106342,0.161,normal
JE100409,0.418,normal
JE103392,0.1904,normal
JE100165,0.2935,normal
JE107786,0.2449,normal
JE102337,0.2034,normal
JE104050,0.2268,normal
JE107800,0.4031,normal
JE106066,0.2021,normal
JE105746,0.2288,normal
JE106069,0.2182,normal
JE102427,0.2069,normal
JE101088,0.163,normal
JE105819,0.1554,normal
JE105282,0.305,normal
JE103771,0.1765,normal
JE106485,0.2334,normal
JE105964,0.2281,normal
JE105851,0.1301,normal
JE104391,0.2071,normal
JE105062,0.2475,normal
JE105919,0.2312,normal
JE107534,0.1641,normal
JE102915,0.3401,normal
JE102861,0.169,normal
JE102364,0.1135,normal
JE104625,0.2426,normal
JE103882,0.187,normal
JE106065,0.2575,normal
JE104124,0.1678,normal
JE106599,0.1594,normal
JE105770,0.3374,normal
JE100275,0.1613,normal
JE101073,0.273,normal
JE105171,0.2584,normal
JE106442,0.1428,normal
JE100676,0.1289,normal
JE107200,0.1974,normal
JE103383,0.2243,normal
JE106975,0.2993,normal
JE103705,0.1109,normal
JE100586,0.1859,normal
JE100838,0.2562,normal
JE104807,0.2937,normal
JE104400,0.256,normal
JE102616,0.2953,normal
JE105347,0.2347,normal
JE102966,0.2339,normal
JE101438,0.245,normal
JE101554,0.2921,normal
JE100817,0.1372,normal
JE101244,0.2274,normal
JE104313,0.2215,normal
JE105054,0.1292,normal
JE100303,0.292,normal
JE102620,0.3866,normal
JE107599,0.0808,normal
JE102679,0.2559,normal
JE102486,0.3436,normal
JE103937,0.1913,normal
JE107994,0.5483,anomaly
JE103163,0.1922,normal
JE101064,0.3477,normal
JE100873,0.3232,normal
JE102820,0.6207,anomaly
JE106600,0.2792,normal
JE100953,0.1357,normal
JE100160,0.2823,normal
JE107173,0.2136,normal
JE100924,0.3108,normal
JE102771,0.1864,normal
JE104156,0.3025,normal
JE107269,0.2925,normal
JE107925,0.1203,normal
JE104335,0.1713,normal
JE101976,0.1445,normal
JE104120,0.1857,normal
JE107015,0.1623,normal
JE104780,0.2185,normal
JE103736,0.2657,normal
JE102395,0.2754,normal
JE107011,0.1186,normal
JE103604,0.4063,normal
JE107818,0.2461,normal
JE102057,0.1108,normal
JE104325,0.3686,normal
JE100490,0.2462,normal
JE107496,0.2774,normal
JE103714,0.2261,normal
JE104926,0.3836,normal
JE105847,0.4611,anomaly
JE100386,0.1414,normal
JE103489,0.142,normal
JE102284,0.1558,normal
JE104112,0.3176,normal
JE101825,0.1923,normal
JE104366,0.3438,normal
JE105485,0.369,normal
JE104420,0.3308,normal
JE101589,0.2694,normal
JE108113,0.7053,anomaly
JE103349,0.2743,normal
JE107771,0.3174,normal
JE101752,0.3734,normal
JE105247,0.2261,normal
JE105401,0.2714,normal
JE101232,0.2085,normal
JE104090,0.1812,normal
JE105889,0.1744,normal
JE105366,0.2747,normal
JE103161,0.3891,normal
JE100964,0.1633,normal
JE104594,0.3057,normal
JE100353,0.205,normal
JE101839,0.3091,normal
JE103946,0.2387,normal
JE106528,0.2535,normal
JE100002,0.1107,normal
JE108101,0.6318,anomaly
JE104382,0.2698,normal
JE107806,0.2844,normal
JE105743,0.2504,normal
JE100784,0.5275,anomaly
JE106580,0.3133,normal
JE105034,0.2409,normal
JE102397,0.1486,normal
JE106557,0.1475,normal
JE100069,0.1906,normal
JE100404,0.1647,normal
JE103435,0.2933,normal
JE104894,0.2556,normal
JE108090,0.6848,anomaly
JE107276,0.2936,normal
JE106120,0.1348,normal
JE104274,0.2861,normal
JE105050,0.2916,normal
JE103429,0.331,normal
JE102140,0.1897,normal
JE101201,0.1835,normal
JE106073,0.2966,normal
JE102916,0.2219,normal
JE102301,0.2513,normal
JE101757,0.2553,normal
JE103487,0.2938,normal
JE101578,0.2426,normal
JE102720,0.2716,normal
JE102242,0.2964,normal
JE107073,0.1289,normal
JE102775,0.1688,normal
JE101508,0.3376,normal
JE105594,0.2069,normal
JE103750,0.1609,normal
JE106871,0.1921,normal
JE102494,0.2184,normal
JE106879,0.2299,normal
JE100539,0.3461,normal
JE101331,0.2755,normal
JE102304,0.3823,normal
JE102500,0.3348,normal
JE101613,0.1154,normal
JE101489,0.2914,normal
JE102019,0.3888,normal
JE101745,0.2574,normal
JE107157,0.2955,normal
JE106514,0.161,normal
JE107643,0.1111,normal
JE107382,0.2763,normal
JE107950,0.2549,normal
JE105045,0.2363,normal
JE104607,0.2091,normal
JE101394,0.0903,normal
JE101509,0.2419,normal
JE101195,0.3277,normal
JE107626,0.409,normal
JE105428,0.2925,normal
JE105406,0.2138,normal
JE107793,0.257,normal
JE107257,0.2647,normal
JE103801,0.1439,normal
JE106918,0.5997,anomaly
JE104678,0.6097,anomaly
JE106527,0.1134,normal
JE101932,0.2486,normal
JE102813,0.3039,normal
JE103975,0.2332,normal
JE102540,0.2731,normal
JE102670,0.106,normal
JE107301,0.1322,normal
JE103720,0.1913,normal
JE107689,0.188,normal
JE103249,0.2638,normal
JE104760,0.3565,normal
JE102823,0.3355,normal
JE100574,0.3702,normal
JE100697,0.2236,normal
JE105508,0.189,normal
JE107571,0.1919,normal
JE107224,0.3921,normal
JE106633,0.2425,normal
JE107869,0.2598,normal
JE106866,0.12,normal
JE102188,0.2284,normal
JE104023,0.4535,anomaly
JE106648,0.2338,normal
JE102046,0.4188,normal
JE100283,0.4311,normal
JE100259,0.2585,normal
JE102665,0.3134,normal
JE105908,0.2086,normal
JE105894,0.202,normal
JE106765,0.1292,normal
JE103234,0.2811,normal
JE100726,0.178,normal
JE101637,0.2508,normal
JE104774,0.1914,normal
JE106615,0.2005,normal
JE105249,0.1683,normal
JE105443,0.5119,anomaly
JE100056,0.1972,normal
JE106616,0.4187,normal
JE106973,0.4532,anomaly
JE101412,0.218,normal
JE106951,0.1554,normal
JE102215,0.1418,normal
JE107935,0.4534,anomaly
JE105458,0.0829,normal
JE102936,0.2244,normal
JE100889,0.148,normal
JE102955,0.205,normal
JE101688,0.1346,normal
JE101820,0.2259,normal
JE103704,0.2868,normal
JE101973,0.1795,normal
JE100715,0.158,normal
JE104702,0.2959,normal
JE105153,0.1354,normal
JE102287,0.2956,normal
JE107607,0.1602,normal
JE108119,0.7996,anomaly
JE106304,0.3672,normal
JE107129,0.1886,normal
JE102849,0.1749,normal
JE104714,0.1077,normal
JE100124,0.2891,normal
JE107374,0.2506,normal
JE104431,0.1525,normal
JE107497,0.2918,normal
JE107184,0.2698,normal
JE104401,0.2872,normal
JE100981,0.1574,normal
JE107645,0.4858,anomaly
JE100176,0.2189,normal
JE100582,0.1667,normal
JE107426,0.1869,normal
JE101617,0.368,normal
JE107150,0.1944,normal
JE105291,0.2482,normal
JE102877,0.1311,normal
JE106846,0.2479,normal
JE103244,0.2654,normal
JE105921,0.2864,normal
JE105976,0.3828,normal
JE106078,0.198,normal
JE101862,0.3995,normal
JE105447,0.084,normal
JE103576,0.235,normal
JE103607,0.3378,normal
JE107683,0.2271,normal
JE102975,0.2115,normal
JE104506,0.4476,anomaly
JE104772,0.3021,normal
JE100298,0.3282,normal
JE100926,0.2807,normal
JE104119,0.2966,normal
JE106675,0.2692,normal
JE102116,0.2825,normal
JE104825,0.2897,normal
JE101308,0.1834,normal
JE104768,0.2623,normal
JE101673,0.1439,normal
JE101200,0.4043,normal
JE102230,0.2019,normal
JE108012,0.2925,normal
JE100294,0.1918,normal
JE108095,0.4118,normal
JE102691,0.205,normal
JE104223,0.2015,normal
JE102580,0.3794,normal
JE106344,0.258,normal
JE106731,0.3317,normal
JE106585,0.2436,normal
JE100693,0.4628,anomaly
JE100687,0.2293,normal
JE100818,0.2607,normal
JE100217,0.2641,normal
JE103326,0.3378,normal
JE104249,0.1654,normal
JE107254,0.1554,normal
JE106089,0.3392,normal
JE103890,0.1984,normal
JE107458,0.2565,normal
JE107756,0.2109,normal
JE106105,0.3081,normal
JE100479,0.4623,anomaly
JE105379,0.149,normal
JE105701,0.2507,normal
JE106653,0.1647,normal
JE105763,0.3672,normal
JE107207,0.2541,normal
JE103199,0.2046,normal
JE100813,0.1992,normal
JE104347,0.1576,normal
JE100844,0.181,normal
JE106222,0.2677,normal
JE103057,0.1795,normal
JE102376,0.4295,normal
JE104070,0.3475,normal
JE102033,0.2907,normal
JE100968,0.1769,normal
JE107325,0.1385,normal
JE107114,0.1513,normal
JE100973,0.0958,normal
JE101897,0.16,normal
JE106332,0.1038,normal
JE104343,0.2322,normal
JE102705,0.1248,normal
JE106300,0.1675,normal
JE108001,0.4473,anomaly
JE106743,0.1634,normal
JE103375,0.2178,normal
JE106679,0.3725,normal
JE106428,0.4746,anomaly
JE105019,0.2214,normal
JE106741,0.3802,normal
JE107076,0.3453,normal
JE105602,0.1225,normal
JE102952,0.27,normal
JE101346,0.2494,normal
JE107232,0.2767,normal
JE100976,0.1913,normal
JE106869,0.1944,normal
JE105742,0.1876,normal
JE105776,0.2312,normal
JE100510,0.2124,normal
JE100123,0.1486,normal
JE107798,0.2486,normal
JE105631,0.0995,normal
JE107303,0.2413,normal
JE101711,0.3976,normal
JE106562,0.1992,normal
JE102101,0.5346,anomaly
JE100870,0.2546,normal
JE107315,0.1317,normal
JE101031,0.1562,normal
JE103464,0.4171,normal
JE104853,0.3834,normal
JE101999,0.3683,normal
JE103591,0.4245,normal
JE101157,0.1848,normal
JE103157,0.2598,normal
JE106212,0.1722,normal
JE107027,0.4924,anomaly
JE104429,0.1883,normal
JE105689,0.3543,normal
JE106481,0.2048,normal
JE101576,0.356,normal
JE107910,0.3056,normal
JE100062,0.1667,normal
JE100473,0.2332,normal
JE104998,0.3515,normal
JE103455,0.2248,normal
JE100866,0.1356,normal
JE103584,0.2279,normal
JE107682,0.1143,normal
JE105426,0.2788,normal
JE103615,0.2186,normal
JE105439,0.2338,normal
JE104838,0.2065,normal
JE107813,0.4196,normal
JE103389,0.2621,normal
JE107602,0.1567,normal
JE102181,0.3289,normal
JE104744,0.3548,normal
JE103282,0.128,normal
JE107840,0.3085,normal
JE101629,0.3944,normal
JE105489,0.2481,normal
JE102439,0.1421,normal
JE101150,0.2194,normal
JE101161,0.2538,normal
JE107454,0.2329,normal
JE100257,0.1216,normal
JE102599,0.2237,normal
JE104730,0.1254,normal
JE106434,0.1514,normal
JE107894,0.2405,normal
JE104874,0.2372,normal
JE101106,0.3542,normal
JE106198,0.1911,normal
JE106751,0.1709,normal
JE103408,0.1912,normal
JE100558,0.1827,normal
JE101851,0.1507,normal
JE106082,0.247,normal
JE102089,0.3098,normal
JE102900,0.2326,normal
JE103221,0.1514,normal
JE100262,0.0855,normal
JE106822,0.2124,normal
JE106228,0.1918,normal
JE107266,0.1563,normal
JE100628,0.1829,normal
JE101890,0.2644,normal
JE103043,0.2002,normal
JE104306,0.1915,normal
JE102079,0.3234,normal
JE103586,0.2289,normal
JE105454,0.222,normal
JE106329,0.2966,normal
JE104305,0.1267,normal
JE105245,0.1901,normal
JE106010,0.1144,normal
JE101607,0.2272,normal
JE101021,0.233,normal
JE100609,0.2992,normal
JE101404,0.168,normal
JE106702,0.4145,normal
JE103255,0.0933,normal
JE102097,0.3553,normal
JE100210,0.4681,anomaly
JE103799,0.3028,normal
JE103540,0.2069,normal
JE100154,0.1843,normal
JE105870,0.1373,normal
JE101591,0.1401,normal
JE102443,0.264,normal
JE101148,0.119,normal
JE103428,0.3214,normal
JE101968,0.1432,normal
JE103207,0.3237,normal
JE106413,0.2772,normal
JE102434,0.2374,normal
JE101634,0.1404,normal
JE103293,0.2115,normal
JE106186,0.2248,normal
JE100598,0.3993,normal
JE103138,0.2155,normal
JE106028,0.376,normal
JE101657,0.1854,normal
JE104777,0.305,normal
JE106953,0.2519,normal
JE108030,0.4273,normal
JE103298,0.2619,normal
JE101566,0.3699,normal
JE106247,0.3151,normal
JE105425,0.1715,normal
JE106184,0.3049,normal
JE106947,0.4318,normal
JE101519,0.1623,normal
JE106384,0.1885,normal
JE106827,0.152,normal
JE104318,0.2861,normal
JE100226,0.2411,normal
JE105304,0.2018,normal
JE107196,0.1966,normal
JE102518,0.1579,normal
JE106812,0.254,normal
JE102394,0.1862,normal
JE101761,0.3138,normal
JE101361,0.2874,normal
JE103305,0.2634,normal
JE102325,0.2036,normal
JE108133,0.6376,anomaly
JE107012,0.2292,normal
JE105589,0.2042,normal
JE103559,0.2526,normal
JE106936,0.2408,normal
JE101834,0.1127,normal
JE103662,0.2285,normal
JE102010,0.348,normal
JE103658,0.2568,normal
JE104302,0.2005,normal
JE105124,0.2102,normal
JE104188,0.3541,normal
JE106756,0.3235,normal
JE105143,0.1866,normal
JE103858,0.1756,normal
JE100694,0.2134,normal
JE107201,0.2853,normal
JE107351,0.1839,normal
JE107147,0.1709,normal
JE102613,0.3695,normal
JE101187,0.2807,normal
JE101370,0.1622,normal
JE101908,0.1674,normal
JE104089,0.2544,normal
JE102478,0.2578,normal
JE100017,0.3641,normal
JE102515,0.2511,normal
JE107474,0.2875,normal
JE102206,0.2515,normal
JE103596,0.244,normal
JE101487,0.2936,normal
JE101677,0.3405,normal
JE105281,0.3972,normal
JE102354,0.2682,normal
JE100657,0.2676,normal
JE101572,0.382,normal
JE101738,0.2448,normal
JE105516,0.21,normal
JE103856,0.2685,normal
JE104496,0.2051,normal
JE102847,0.3217,normal
JE102981,0.1882,normal
JE100619,0.351,normal
JE104605,0.2298,normal
JE106224,0.2808,normal
JE102848,0.2618,normal
JE107763,0.2086,normal
JE107125,0.1975,normal
JE100868,0.1089,normal
JE102508,0.2046,normal
JE104983,0.507,anomaly
JE102111,0.426,normal
JE104696,0.1569,normal
JE106833,0.1883,normal
JE100458,0.093,normal
JE106786,0.3297,normal
JE105214,0.2582,normal
JE104967,0.1403,normal
JE100791,0.2768,normal
JE106907,0.1981,normal
JE103608,0.2621,normal
JE103823,0.2005,normal
JE102261,0.2696,normal
JE107421,0.2221,normal
JE102809,0.2372,normal
JE105051,0.3426,normal
JE103519,0.2955,normal
JE104747,0.2424,normal
JE100734,0.2812,normal
JE107877,0.1841,normal
JE104476,0.163,normal
JE106709,0.2936,normal
JE103959,0.3328,normal
JE102134,0.1581,normal
JE105053,0.1592,normal
JE104268,0.254,normal
JE101945,0.3882,normal
JE102280,0.1743,normal
JE100660,0.0907,normal
JE102431,0.2426,normal
JE103752,0.1451,normal
JE102529,0.3006,normal
JE106217,0.4475,anomaly
JE105191,0.1435,normal
JE107332,0.298,normal
JE107071,0.1933,normal
JE106316,0.2331,normal
JE100643,0.1626,normal
JE100169,0.1151,normal
JE101518,0.2772,normal
JE101801,0.2253,normal
JE106219,0.2252,normal
JE103395,0.2062,normal
JE101918,0.308,normal
JE100273,0.2807,normal
JE105312,0.3182,normal
JE102469,0.261,normal
JE105215,0.1081,normal
JE107799,0.1701,normal
JE107667,0.4628,anomaly
JE101067,0.1969,normal
JE106201,0.203,normal
JE100495,0.2474,normal
JE104912,0.4288,normal
JE106789,0.4448,anomaly
JE101913,0.3185,normal
JE103647,0.178,normal
JE100039,0.1908,normal
JE100307,0.456,anomaly
JE103741,0.1636,normal
JE104103,0.3487,normal
JE103153,0.2746,normal
JE106553,0.2662,normal
JE102830,0.2699,normal
JE100782,0.2213,normal
JE105287,0.3428,normal
JE100535,0.1562,normal
JE100584,0.4134,normal
JE107228,0.4053,normal
JE104144,0.1695,normal
JE104419,0.1426,normal
JE103797,0.386,normal
JE107766,0.2335,normal
JE108110,0.3653,normal
JE102862,0.2769,normal
JE100317,0.3292,normal
JE102198,0.3393,normal
JE106511,0.3406,normal
JE102565,0.2666,normal
JE107320,0.2685,normal
JE107761,0.2598,normal
JE101795,0.1572,normal
JE106678,0.2395,normal
JE107544,0.3227,normal
JE107639,0.1621,normal
JE100272,0.2349,normal
JE100549,0.2834,normal
JE101693,0.1843,normal
JE105816,0.1179,normal
JE103526,0.1553,normal
JE103013,0.1721,normal
JE107777,0.3473,normal
JE107796,0.4833,anomaly
JE102391,0.2423,normal
JE103877,0.234,normal
JE104695,0.2393,normal
JE105786,0.1843,normal
JE100895,0.2769,normal
JE105664,0.3439,normal
JE105872,0.2161,normal
JE104667,0.1152,normal
JE102000,0.1896,normal
JE102123,0.1242,normal
JE104158,0.3945,normal
JE101248,0.491,anomaly
JE104488,0.1197,normal
JE101260,0.3715,normal
JE100810,0.3299,normal
JE106389,0.3327,normal
JE101050,0.4288,normal
JE101879,0.2653,normal
JE102880,0.1219,normal
JE100108,0.2114,normal
JE106250,0.3261,normal
JE100674,0.2276,normal
JE106787,0.3418,normal
JE107248,0.2174,normal
JE104762,0.1775,normal
JE104606,0.2904,normal
JE106276,0.2232,normal
JE106972,0.1232,normal
JE105737,0.305,normal
JE106589,0.3907,normal
JE105456,0.2655,normal
JE101533,0.2833,normal
JE104963,0.2386,normal
JE101856,0.3055,normal
JE105833,0.2109,normal
JE100212,0.2107,normal
JE103148,0.2966,normal
JE105157,0.1166,normal
JE102257,0.2149,normal
JE102106,0.1386,normal
JE103269,0.2991,normal
JE107742,0.1202,normal
JE101974,0.2002,normal
JE104686,0.219,normal
JE107923,0.0742,normal
JE101502,0.3044,normal
JE104183,0.2135,normal
JE100647,0.2193,normal
JE103634,0.2508,normal
JE100772,0.2042,normal
JE100704,0.1905,normal
JE103588,0.3798,normal
JE101250,0.2823,normal
JE104805,0.1784,normal
JE102473,0.0979,normal
JE107236,0.3433,normal
JE107629,0.1855,normal
JE106683,0.1329,normal
JE101861,0.2354,normal
JE107714,0.2219,normal
JE106225,0.0906,normal
JE100710,0.2565,normal
JE102673,0.2324,normal
JE104515,0.1167,normal
JE101462,0.3881,normal
JE101485,0.2007,normal
JE102546,0.1892,normal
JE100231,0.3142,normal
JE101357,0.4064,normal
JE103012,0.3551,normal
JE100852,0.0376,normal
JE101005,0.2291,normal
JE101997,0.2594,normal
JE101835,0.3399,normal
JE103974,0.2088,normal
JE107748,0.1657,normal
JE104533,0.1074,normal
JE101317,0.412,normal
JE103328,0.2624,normal
JE101624,0.2255,normal
JE101481,0.1214,normal
JE103834,0.2883,normal
JE105745,0.1668,normal
JE105100,0.1617,normal
JE101279,0.2284,normal
JE103081,0.3391,normal
JE101824,0.1659,normal
JE101054,0.3012,normal
JE104146,0.2226,normal
JE105933,0.2782,normal
JE100476,0.1757,normal
JE106449,0.3547,normal
JE102283,0.1498,normal
JE103712,0.2659,normal
JE103147,0.2699,normal
JE105643,0.4391,anomaly
JE100336,0.3835,normal
JE102618,0.2106,normal
JE103663,0.2633,normal
JE100089,0.1942,normal
JE100875,0.2034,normal
JE107595,0.2739,normal
JE100544,0.2371,normal
JE105338,0.2099,normal
JE103001,0.2836,normal
JE102761,0.3681,normal
JE108108,0.3797,normal
JE101881,0.1127,normal
JE107996,0.23,normal
JE100927,0.2757,normal
JE106366,0.3428,normal
JE100320,0.1858,normal
JE104616,0.1599,normal
JE106031,0.2571,normal
JE100879,0.1882,normal
JE106774,0.2277,normal
JE103995,0.2521,normal
JE104922,0.2744,normal
JE103247,0.2841,normal
JE105387,0.1843,normal
JE103079,0.1183,normal
JE103762,0.1531,normal
JE104731,0.2817,normal
JE107477,0.2817,normal
JE104235,0.3856,normal
JE104260,0.2475,normal
JE101619,0.2795,normal
JE103727,0.1878,normal
JE107885,0.1944,normal
JE105888,0.2069,normal
JE101046,0.2509,normal
JE105057,0.1912,normal
JE106976,0.3169,normal
JE101751,0.4509,anomaly
JE105152,0.3935,normal
JE103879,0.3147,normal
JE105865,0.1521,normal
JE105601,0.2236,normal
JE103918,0.2992,normal
JE105190,0.6018,anomaly
JE101044,0.1989,normal
JE103011,0.2035,normal
JE105156,0.0996,normal
JE106778,0.3844,normal
JE103291,0.254,normal
JE107732,0.2495,normal
JE104752,0.2315,normal
JE102065,0.1376,normal
JE102965,0.2405,normal
JE100642,0.4326,normal
JE100138,0.1708,normal
JE100881,0.4632,anomaly
JE101977,0.4021,normal
JE101582,0.2538,normal
JE104794,0.2793,normal
JE101098,0.1736,normal
JE107051,0.3457,normal
JE107576,0.3724,normal
JE106550,0.2753,normal
JE106593,0.2938,normal
JE101393,0.2513,normal
JE102084,0.2106,normal
JE101267,0.0546,normal
JE106472,0.1597,normal
JE106462,0.1849,normal
JE104232,0.1548,normal
JE105266,0.1617,normal
JE102575,0.4765,anomaly
JE102136,0.2923,normal
JE101504,0.2339,normal
JE105459,0.2842,normal
JE107252,0.2047,normal
JE103368,0.1555,normal
JE103730,0.1723,normal
JE100149,0.3104,normal
JE100304,0.127,normal
JE105114,0.3318,normal
JE101925,0.3271,normal
JE105149,0.1809,normal
JE107746,0.2901,normal
JE106510,0.3549,normal
JE102638,0.548,anomaly
JE107669,0.4342,normal
JE101905,0.2535,normal
JE107558,0.1377,normal
JE104295,0.3404,normal
JE103843,0.1823,normal
JE107190,0.2326,normal
JE101769,0.3225,normal
JE102876,0.2121,normal
JE102241,0.3222,normal
JE104501,0.1992,normal
JE108084,0.6159,anomaly
JE108112,0.8327,anomaly
JE100484,0.3135,normal
JE105279,0.3342,normal
JE105436,0.2177,normal
JE101281,0.2144,normal
JE105128,0.2047,normal
JE103681,0.0739,normal
JE100792,0.1663,normal
JE104896,0.1769,normal
JE106529,0.2391,normal
JE106895,0.153,normal
JE101202,0.2412,normal
JE104519,0.1326,normal
JE103913,0.3909,normal
JE102363,0.2512,normal
JE108079,0.781,anomaly
JE103070,0.2584,normal
JE103430,0.29,normal
JE105980,0.2178,normal
JE108046,0.3321,normal
JE107857,0.2646,normal
JE105576,0.1906,normal
JE102592,0.2094,normal
JE107058,0.153,normal
JE106025,0.1416,normal
JE102711,0.2242,normal
JE105717,0.208,normal
JE101530,0.1852,normal
JE104999,0.3541,normal
JE102810,0.3505,normal
JE100686,0.3658,normal
JE101552,0.2519,normal
JE107764,0.2523,normal
JE104256,0.3961,normal
JE105096,0.2841,normal
JE103872,0.2077,normal
JE105123,0.2741,normal
JE100561,0.2864,normal
JE102251,0.2178,normal
JE107590,0.4153,normal
JE103501,0.3542,normal
JE102690,0.2789,normal
JE104209,0.2151,normal
JE107915,0.2212,normal
JE103380,0.2598,normal
JE103194,0.3289,normal
JE101447,0.2337,normal
JE101953,0.3383,normal
JE100923,0.0795,normal
JE101625,0.4434,anomaly
JE100311,0.1777,normal
JE106950,0.1321,normal
JE107776,0.4133,normal
JE107052,0.2762,normal
JE101320,0.1462,normal
JE103532,0.2357,normal
JE101664,0.1752,normal
JE100816,0.295,normal
JE107430,0.2348,normal
JE102267,0.1905,normal
JE101474,0.2405,normal
JE101774,0.181,normal
JE104776,0.2766,normal
JE107494,0.2296,normal
JE101094,0.1134,normal
JE104177,0.2362,normal
JE101951,0.2429,normal
JE106757,0.1819,normal
JE103885,0.33,normal
JE107341,0.3321,normal
JE107589,0.2012,normal
JE102801,0.6111,anomaly
JE101240,0.2994,normal
JE100330,0.2557,normal
JE103103,0.2416,normal
JE100243,0.1673,normal
JE107604,0.2904,normal
JE104738,0.293,normal
JE104793,0.2646,normal
JE102258,0.1919,normal
JE106647,0.1153,normal
JE102819,0.4573,anomaly
JE103825,0.2281,normal
JE100754,0.3165,normal
JE104532,0.2016,normal
JE101564,0.1623,normal
JE101935,0.3419,normal
JE107785,0.2129,normal
JE103494,0.2469,normal
JE103023,0.1802,normal
JE105809,0.4956,anomaly
JE104648,0.1875,normal
JE102649,0.3388,normal
JE101857,0.1907,normal
JE104698,0.2078,normal
JE103564,0.2905,normal
JE101965,0.1331,normal
JE101014,0.2998,normal
JE105835,0.3588,normal
JE101428,0.1436,normal
JE106109,0.2418,normal
JE103323,0.1138,normal
JE105483,0.1272,normal
JE101296,0.1861,normal
JE100467,0.1929,normal
JE104029,0.2915,normal
JE105596,0.2586,normal
JE100175,0.3286,normal
JE104881,0.4061,normal
JE100278,0.2686,normal
JE101070,0.2378,normal
JE101549,0.2168,normal
JE101025,0.4588,anomaly
JE105562,0.4161,normal
JE106867,0.2591,normal
JE105037,0.2745,normal
JE102835,0.2146,normal
JE106804,0.3341,normal
JE101467,0.4065,normal
JE105420,0.3702,normal
JE106772,0.3688,normal
JE105496,0.2386,normal
JE107373,0.2232,normal
JE105546,0.3666,normal
JE105003,0.2092,normal
JE101714,0.3843,normal
JE103425,0.1224,normal
JE102612,0.2516,normal
JE105992,0.1502,normal
JE100389,0.2867,normal
JE102071,0.2856,normal
JE103971,0.238,normal
JE107182,0.1867,normal
JE106269,0.1224,normal
JE103496,0.4847,anomaly
JE107026,0.2012,normal
JE102822,0.2414,normal
JE104977,0.1995,normal
JE101425,0.2541,normal
JE103543,0.224,normal
JE107986,0.2262,normal
JE103575,0.4231,normal
JE100051,0.2722,normal
JE101888,0.2051,normal
JE105799,0.1656,normal
JE106588,0.305,normal
JE103696,0.3092,normal
JE104230,0.1615,normal
JE105202,0.3853,normal
JE104800,0.2455,normal
JE100483,0.2176,normal
JE103394,0.1316,normal
JE105242,0.2013,normal
JE106135,0.2839,normal
JE102252,0.2955,normal
JE104163,0.1593,normal
JE107814,0.1019,normal
JE106878,0.2426,normal
JE102314,0.18,normal
JE102850,0.1451,normal
JE107610,0.1923,normal
JE103104,0.1794,normal
JE105004,0.47,anomaly
JE104128,0.2903,normal
JE103868,0.2468,normal
JE102466,0.3599,normal
JE102930,0.2036,normal
JE106777,0.2532,normal
JE107898,0.2068,normal
JE104107,0.2359,normal
JE100065,0.3983,normal
JE107700,0.1655,normal
JE100777,0.1162,normal
JE104174,0.0889,normal
JE104588,0.3746,normal
JE102735,0.2305,normal
JE107581,0.3299,normal
JE102581,0.1293,normal
JE106210,0.3164,normal
JE104617,0.4556,anomaly
JE103484,0.1536,normal
JE107944,0.3706,normal
JE102345,0.4441,anomaly
JE104688,0.2453,normal
JE102816,0.2605,normal
JE107636,0.3063,normal
JE105382,0.309,normal
JE105940,0.4258,normal
JE104027,0.1542,normal
JE100725,0.1608,normal
JE107453,0.2663,normal
JE106771,0.209,normal
JE107425,0.2872,normal
JE108071,0.8079,anomaly
JE105309,0.2463,normal
JE108003,0.2897,normal
JE106396,0.2716,normal
JE108074,0.6703,anomaly
JE105734,0.2082,normal
JE107932,0.1922,normal
JE101736,0.2277,normal
JE103125,0.2396,normal
JE104941,0.3646,normal
JE105079,0.288,normal
JE107875,0.5158,anomaly
JE104803,0.3166,normal
JE106632,0.3784,normal
JE105784,0.532,anomaly
JE105963,0.2984,normal
JE100274,0.2037,normal
JE105806,0.1937,normal
JE102945,0.0919,normal
JE107753,0.1532,normal
JE105060,0.1948,normal
JE107022,0.1607,normal
JE107418,0.2421,normal
JE107922,0.3424,normal
JE108069,0.698,anomaly
JE106556,0.2305,normal
JE105579,0.3204,normal
JE105497,0.2687,normal
JE101453,0.1736,normal
JE102716,0.19,normal
JE104246,0.2145,normal
JE102693,0.1838,normal
JE102768,0.1408,normal
JE105854,0.1494,normal
JE100219,0.2096,normal
JE100240,0.2663,normal
JE101132,0.081,normal
JE107711,0.192,normal
JE103265,0.1888,normal
JE106937,0.247,normal
JE102240,0.0814,normal
JE106478,0.2512,normal
JE105350,0.2136,normal
JE105150,0.2223,normal
JE107107,0.1759,normal
JE105765,0.2895,normal
JE101384,0.1683,normal
JE103075,0.1235,normal
JE104861,0.1526,normal
JE107185,0.1894,normal
JE101358,0.1216,normal
JE104872,0.4625,anomaly
JE102631,0.1848,normal
JE102833,0.2813,normal
JE100625,0.2145,normal
JE100840,0.184,normal
JE104724,0.2703,normal
JE100324,0.5755,anomaly
JE108105,0.5521,anomaly
JE107724,0.2319,normal
JE108036,0.5365,anomaly
JE101868,0.3945,normal
JE105257,0.2614,normal
JE102827,0.4234,normal
JE105173,0.2929,normal
JE107084,0.1563,normal
JE107412,0.2111,normal
JE100438,0.1968,normal
JE100120,0.2777,normal
JE107619,0.2546,normal
JE107362,0.3839,normal
JE107627,0.2478,normal
JE105911,0.2725,normal
JE101840,0.3048,normal
JE101027,0.5395,anomaly
JE103302,0.2075,normal
JE107169,0.1857,normal
JE104173,0.2684,normal
JE103102,0.2897,normal
JE100901,0.0937,normal
JE104468,0.2432,normal
JE101205,0.1516,normal
JE107480,0.2138,normal
JE108102,0.9241,anomaly
JE105038,0.2157,normal
JE106722,0.2723,normal
JE104051,0.1922,normal
JE106964,0.1266,normal
JE100553,0.2137,normal
JE100407,0.1766,normal
JE106214,0.2359,normal
JE107386,0.3736,normal
JE101614,0.234,normal
JE102935,0.436,normal
JE105065,0.1767,normal
JE103299,0.1449,normal
JE102834,0.3667,normal
JE108091,0.672,anomaly
JE106994,0.4151,normal
JE102350,0.4502,anomaly
JE105843,0.2155,normal
JE104786,0.5594,anomaly
JE106957,0.1313,normal
JE103110,0.2312,normal
JE101739,0.1921,normal
JE100237,0.4682,anomaly
JE107945,0.242,normal
JE106083,0.2838,normal
JE106080,0.2965,normal
JE103164,0.2428,normal
JE106939,0.3806,normal
JE100500,0.3232,normal
JE104919,0.2253,normal
JE103626,0.3566,normal
JE103128,0.2121,normal
JE100795,0.3451,normal
JE103359,0.1278,normal
JE107586,0.3907,normal
JE103292,0.1554,normal
JE103973,0.2262,normal
JE100991,0.3806,normal
JE104664,0.2672,normal
JE107079,0.2814,normal
JE102436,0.2366,normal
JE103377,0.3036,normal
JE100391,0.3441,normal
JE104840,0.4156,normal
JE102401,0.3508,normal
JE101218,0.2891,normal
JE100236,0.4,normal
JE100332,0.1695,normal
JE104577,0.1865,normal
JE106139,0.2476,normal
JE106712,0.2811,normal
JE103189,0.2308,normal
JE105774,0.1956,normal
JE100045,0.2048,normal
JE106245,0.4469,anomaly
JE105565,0.2431,normal
JE107631,0.1986,normal
JE104217,0.259,normal
JE103437,0.3573,normal
JE107822,0.2282,normal
JE103073,0.1147,normal
JE103135,0.2348,normal
JE105369,0.4437,anomaly
JE104046,0.1516,normal
JE105023,0.209,normal
JE106660,0.3632,normal
JE101595,0.1813,normal
JE100224,0.4458,anomaly
JE104863,0.2015,normal
JE104710,0.4076,normal
JE102892,0.3117,normal
JE101246,0.3525,normal
JE101541,0.2816,normal
JE103538,0.099,normal
JE104149,0.3046,normal
JE104626,0.1678,normal
JE102534,0.4313,normal
JE105996,0.3523,normal
JE108038,0.5522,anomaly
JE100819,0.4663,anomaly
JE103459,0.2515,normal
JE100156,0.1199,normal
JE106745,0.1022,normal
JE107967,0.2683,normal
JE100249,0.2443,normal
JE104858,0.1239,normal
JE105991,0.345,normal
JE103928,0.2373,normal
JE106126,0.1715,normal
JE104015,0.2398,normal
JE102637,0.1926,normal
JE105227,0.217,normal
JE104639,0.2279,normal
JE100794,0.2499,normal
JE101726,0.2107,normal
JE103190,0.2652,normal
JE102650,0.2177,normal
JE100629,0.1278,normal
JE106295,0.3057,normal
JE107723,0.2892,normal
JE102340,0.1767,normal
JE106526,0.2529,normal
JE107930,0.1809,normal
JE106831,0.262,normal
JE105464,0.3202,normal
JE107369,0.241,normal
JE101621,0.1049,normal
JE107042,0.2244,normal
JE101452,0.258,normal
JE102903,0.3277,normal
JE105168,0.2848,normal
JE104651,0.1905,normal
JE101829,0.0979,normal
JE100827,0.2273,normal
JE101640,0.1677,normal
JE103865,0.29,normal
JE106081,0.3265,normal
JE102914,0.2468,normal
JE105934,0.293,normal
JE103792,0.3162,normal
JE102940,0.4293,normal
JE103421,0.1659,normal
JE103997,0.2347,normal
JE103768,0.1761,normal
JE100536,0.188,normal
JE105907,0.2605,normal
JE102664,0.2378,normal
JE100155,0.1364,normal
JE103242,0.3458,normal
JE105597,0.2344,normal
JE103150,0.1746,normal
JE102953,0.1821,normal
JE101312,0.1492,normal
JE100323,0.3272,normal
JE105807,0.24,normal
JE104111,0.3876,normal
JE103331,0.3187,normal
JE103986,0.431,normal
JE101799,0.2387,normal
JE106090,0.322,normal
JE100083,0.3388,normal
JE102561,0.2204,normal
JE101944,0.3382,normal
JE101989,0.1126,normal
JE103537,0.2271,normal
JE106769,0.3029,normal
JE105480,0.1831,normal
JE101575,0.1341,normal
JE102978,0.2252,normal
JE102724,0.3797,normal
JE103406,0.4501,anomaly
JE102059,0.1097,normal
JE101763,0.1564,normal
JE101495,0.2275,normal
JE104928,0.1854,normal
JE102081,0.2635,normal
JE101175,0.2241,normal
JE104510,0.1861,normal
JE102629,0.2662,normal
JE105914,0.2663,normal
JE104262,0.1092,normal
JE107536,0.1745,normal
JE106252,0.256,normal
JE100615,0.6066,anomaly
JE103094,0.1285,normal
JE103451,0.301,normal
JE101015,0.3126,normal
JE106234,0.2924,normal
JE103058,0.3357,normal
JE107778,0.11,normal
JE106746,0.2171,normal
JE105334,0.384,normal
JE103906,0.2138,normal
JE102182,0.2239,normal
JE103419,0.1706,normal
JE104652,0.1562,normal
JE107176,0.2213,normal
JE103101,0.1633,normal
JE106465,0.0364,normal
JE107874,0.2309,normal
JE101212,0.2075,normal
JE107837,0.1484,normal
JE100635,0.2883,normal
JE106697,0.1831,normal
JE107473,0.2566,normal
JE101056,0.1099,normal
JE102341,0.4454,anomaly
JE105805,0.3217,normal
JE100797,0.1596,normal
JE107087,0.2744,normal
JE107409,0.4835,anomaly
JE105188,0.1643,normal
JE104271,0.1684,normal
JE102815,0.2159,normal
JE104342,0.3419,normal
JE101081,0.1127,normal
JE101655,0.1573,normal
JE101608,0.3152,normal
JE100145,0.1697,normal
JE104242,0.3035,normal
JE100091,0.1854,normal
JE100683,0.1643,normal
JE104407,0.377,normal
JE103432,0.3291,normal
JE100094,0.0947,normal
JE100835,0.1635,normal
JE106053,0.3284,normal
JE105021,0.1572,normal
JE107826,0.2333,normal
JE106006,0.1016,normal
JE105132,0.2763,normal
JE101401,0.3521,normal
JE103980,0.3058,normal
JE102292,0.1778,normal
JE101501,0.2022,normal
JE107256,0.2912,normal
JE102263,0.29,normal
JE101469,0.3936,normal
JE103929,0.1759,normal
JE103246,0.1089,normal
JE100999,0.1921,normal
JE100854,0.2154,normal
JE103876,0.2247,normal
JE106570,0.2845,normal
JE106301,0.273,normal
JE101143,0.2134,normal
JE105240,0.4584,anomaly
JE102275,0.3768,normal
JE107041,0.2492,normal
JE106145,0.2359,normal
JE104498,0.1887,normal
JE101104,0.0377,normal
JE100085,0.1907,normal
JE102211,0.3155,normal
JE107976,0.1895,normal
JE104211,0.1633,normal
JE106815,0.3357,normal
JE107319,0.1729,normal
JE107584,0.2115,normal
JE107537,0.5286,anomaly
JE105682,0.227,normal
JE103441,0.2069,normal
JE101568,0.3717,normal
JE107034,0.1573,normal
JE105598,0.1384,normal
JE101661,0.2548,normal
JE101557,0.3232,normal
JE106104,0.1073,normal
JE104722,0.3196,normal
JE103765,0.2183,normal
JE103585,0.352,normal
JE101886,0.1425,normal
JE103145,0.3381,normal
JE101867,0.4492,anomaly
JE105049,0.2505,normal
JE106952,0.2358,normal
JE106403,0.3148,normal
JE104721,0.1496,normal
JE102875,0.2264,normal
JE104331,0.3552,normal
JE106280,0.1594,normal
JE106761,0.2531,normal
JE103589,0.1533,normal
JE103268,0.2692,normal
JE102885,0.2094,normal
JE102891,0.2262,normal
JE106131,0.1443,normal
JE103008,0.4017,normal
JE101827,0.2624,normal
JE103924,0.1385,normal
JE107920,0.3609,normal
JE102641,0.2815,normal
JE105411,0.1398,normal
JE101526,0.1731,normal
JE101563,0.2616,normal
JE107436,0.2255,normal
JE105849,0.2237,normal
JE105702,0.1393,normal
JE100344,0.2004,normal
JE102543,0.4304,normal
JE103386,0.253,normal
JE106438,0.2726,normal
JE102413,0.2837,normal
JE106323,0.173,normal
JE102708,0.2138,normal
JE105093,0.2881,normal
JE106159,0.1399,normal
JE101111,0.2042,normal
JE103443,0.2924,normal
JE102214,0.4691,anomaly
JE107300,0.1342,normal
JE101360,0.3068,normal
JE102108,0.1971,normal
JE104806,0.1717,normal
JE105975,0.4192,normal
JE106821,0.501,anomaly
JE101379,0.2028,normal
JE102829,0.3461,normal
JE100425,0.2487,normal
JE100293,0.1933,normal
JE101066,0.4498,anomaly
JE107018,0.1834,normal
JE102378,0.1503,normal
JE105735,0.1402,normal
JE106574,0.257,normal
JE105109,0.1799,normal
JE102128,0.5476,anomaly
JE101718,0.1934,normal
JE107197,0.3618,normal
JE100938,0.1763,normal
JE103780,0.349,normal
JE103965,0.205,normal
JE103991,0.1909,normal
JE104931,0.0974,normal
JE106894,0.1898,normal
JE107035,0.3087,normal
JE100255,0.2124,normal
JE107832,0.3447,normal
JE101483,0.2609,normal
JE100945,0.228,normal
JE105504,0.2372,normal
JE107482,0.2016,normal
JE107253,0.1306,normal
JE108009,0.2451,normal
JE106281,0.3434,normal
JE103184,0.3073,normal
JE103267,0.0852,normal
JE106997,0.3543,normal
JE107347,0.2357,normal
JE104820,0.2612,normal
JE102908,0.1711,normal
JE100970,0.2317,normal
JE100497,0.3118,normal
JE105047,0.1943,normal
JE104902,0.3782,normal
JE101830,0.2348,normal
JE102178,0.2674,normal
JE105836,0.2516,normal
JE100338,0.3182,normal
JE104827,0.1676,normal
JE104705,0.1015,normal
JE101149,0.2961,normal
JE102244,0.1804,normal
JE107395,0.1606,normal
JE105810,0.1323,normal
JE107437,0.2384,normal
JE108104,0.5581,anomaly
JE105006,0.2833,normal
JE106729,0.2138,normal
JE103969,0.4256,normal
JE102152,0.2499,normal
JE102011,0.1957,normal
JE102492,0.2168,normal
JE107988,0.1942,normal
JE101811,0.1778,normal
JE101995,0.1656,normal
JE104816,0.2096,normal
JE102933,0.1728,normal
JE102825,0.1592,normal
JE105666,0.2681,normal
JE102898,0.4186,normal
JE107039,0.3,normal
JE102276,0.1627,normal
JE100435,0.316,normal
JE107470,0.4187,normal
JE105396,0.1115,normal
JE106271,0.2524,normal
JE104502,0.3163,normal
JE102824,0.2574,normal
JE104918,0.3677,normal
JE106856,0.3292,normal
JE105886,0.258,normal
JE103756,0.2235,normal
JE102505,0.371,normal
JE107205,0.246,normal
JE103212,0.2578,normal
JE106448,0.1373,normal
JE106412,0.0888,normal
JE105955,0.1815,normal
JE105654,0.2197,normal
JE104642,0.1495,normal
JE104309,0.0946,normal
JE104993,0.1304,normal
JE103541,0.3273,normal
JE103271,0.1893,normal
JE101942,0.1559,normal
JE101892,0.2783,normal
JE105013,0.1097,normal
JE103600,0.1436,normal
JE106820,0.1092,normal
JE105386,0.1382,normal
JE104911,0.1719,normal
JE101266,0.2565,normal
JE104439,0.1936,normal
JE102598,0.1742,normal
JE101411,0.2901,normal
JE101215,0.2531,normal
JE100967,0.1772,normal
JE101231,0.1785,normal
JE106440,0.2091,normal
JE104792,0.2512,normal
JE107597,0.2255,normal
JE106218,0.2979,normal
JE100606,0.2374,normal
JE100105,0.2435,normal
JE100646,0.1592,normal
JE105501,0.6585,anomaly
JE104591,0.2379,normal
JE103089,0.374,normal
JE106584,0.3435,normal
JE101020,0.3307,normal
JE100092,0.2037,normal
JE105209,0.3081,normal
JE102871,0.2198,normal
JE100909,0.3224,normal
JE105571,0.0164,normal
JE105838,0.2202,normal
JE102151,0.1719,normal
JE100239,0.3943,normal
JE103141,0.2259,normal
JE100943,0.1231,normal
JE101271,0.1987,normal
JE100939,0.2353,normal
JE105521,0.2721,normal
JE103230,0.4083,normal
JE103552,0.1988,normal
JE101863,0.2694,normal
JE101670,0.1533,normal
JE100006,0.1435,normal
JE104344,0.5375,anomaly
JE103944,0.2237,normal
JE103014,0.2412,normal
JE100019,0.2722,normal
JE107575,0.2344,normal
JE106266,0.4224,normal
JE101971,0.14,normal
JE102710,0.2058,normal
JE102233,0.1497,normal
JE106419,0.2276,normal
JE106578,0.1755,normal
JE100812,0.2852,normal
JE101301,0.3459,normal
JE105432,0.0689,normal
JE107989,0.1635,normal
JE100261,0.1313,normal
JE101805,0.3266,normal
JE101571,0.2113,normal
JE106326,0.2422,normal
JE104281,0.3512,normal
JE102455,0.4844,anomaly
JE101744,0.1774,normal
JE107010,0.3367,normal
JE101631,0.3289,normal
JE101717,0.1514,normal
JE100521,0.2549,normal
JE103938,0.4283,normal
JE107148,0.4005,normal
JE106525,0.169,normal
JE106113,0.1548,normal
JE103483,0.1607,normal
JE101659,0.1121,normal
JE107538,0.3702,normal
JE103473,0.2782,normal
JE105709,0.2778,normal
JE102476,0.2272,normal
JE103949,0.1879,normal
JE106223,0.143,normal
JE103935,0.3443,normal
JE103646,0.204,normal
JE107154,0.2413,normal
JE100764,0.1385,normal
JE104704,0.1496,normal
JE104327,0.2035,normal
JE107237,0.1403,normal
JE104428,0.1485,normal
JE107202,0.1867,normal
JE105537,0.1752,normal
JE107659,0.3445,normal
JE107730,0.1003,normal
JE106024,0.2617,normal
JE101092,0.1043,normal
JE103609,0.2086,normal
JE101102,0.1757,normal
JE105226,0.2532,normal
JE107380,0.1281,normal
JE104558,0.3356,normal
JE100959,0.1678,normal
JE105759,0.2028,normal
JE100560,0.14,normal
JE106991,0.2384,normal
JE106835,0.1721,normal
JE107870,0.1701,normal
JE101520,0.2903,normal
JE106237,0.1893,normal
JE107987,0.4419,anomaly
JE106129,0.2533,normal
JE102485,0.0868,normal
JE106635,0.3083,normal
JE100367,0.297,normal
JE103902,0.2551,normal
JE106194,0.3048,normal
JE107774,0.2167,normal
JE107532,0.3062,normal
JE101949,0.2082,normal
JE104166,0.3382,normal
JE101573,0.1581,normal
JE100809,0.3147,normal
JE103233,0.2396,normal
JE103947,0.1373,normal
JE100012,0.1828,normal
JE102026,0.3916,normal
JE106289,0.4691,anomaly
JE105014,0.2221,normal
JE107686,0.1817,normal
JE105548,0.3517,normal
JE106784,0.272,normal
JE100177,0.1996,normal
JE105091,0.218,normal
JE102489,0.2414,normal
JE103887,0.4643,anomaly
JE102570,0.2945,normal
JE107213,0.1689,normal
JE103521,0.1531,normal
JE103761,0.3427,normal
JE107149,0.2375,normal
JE105352,0.3281,normal
JE103283,0.3509,normal
JE101665,0.2269,normal
JE102192,0.1817,normal
JE106898,0.3758,normal
JE106664,0.1694,normal
JE108132,0.6985,anomaly
JE103371,0.4416,anomaly
JE106967,0.1848,normal
JE105887,0.4259,normal
JE106573,0.2315,normal
JE102661,0.2668,normal
JE107650,0.2597,normal
JE107177,0.2771,normal
JE104253,0.1781,normal
JE106684,0.2879,normal
JE103579,0.2601,normal
JE105557,0.2615,normal
JE102047,0.1177,normal
JE107435,0.1139,normal
JE105947,0.2611,normal
JE106606,0.1053,normal
JE102625,0.2414,normal
JE103411,0.332,normal
JE106400,0.1678,normal
JE107124,0.2557,normal
JE106102,0.1953,normal
JE101186,0.2451,normal
JE101007,0.2135,normal
JE103570,0.2762,normal
JE103738,0.1657,normal
JE104657,0.1715,normal
JE106353,0.2335,normal
JE105007,0.3417,normal
JE105408,0.2608,normal
JE102050,0.2191,normal
JE104012,0.3042,normal
JE107510,0.2743,normal
JE100270,0.3688,normal
JE101994,0.2871,normal
JE100266,0.4075,normal
JE100915,0.3417,normal
JE102279,0.3604,normal
JE102232,0.0828,normal
JE107264,0.4194,normal
JE100291,0.1924,normal
JE102913,0.1499,normal
JE107211,0.3638,normal
JE104970,0.2293,normal
JE102094,0.4614,anomaly
JE106543,0.4156,normal
JE104572,0.1245,normal
JE101653,0.2985,normal
JE106057,0.1981,normal
JE104142,0.2734,normal
JE104258,0.223,normal
JE103040,0.3146,normal
JE106872,0.1826,normal
JE102678,0.1665,normal
JE100289,0.2925,normal
JE107758,0.4604,anomaly
JE103108,0.2004,normal
JE108081,0.6649,anomaly
JE106045,0.1915,normal
JE100576,0.2621,normal
JE100851,0.1127,normal
JE107484,0.145,normal
JE103884,0.2317,normal
JE105008,0.2088,normal
JE105351,0.1427,normal
JE105930,0.2168,normal
JE101723,0.2575,normal
JE106230,0.2692,normal
JE105832,0.2099,normal
JE105029,0.2102,normal
JE103950,0.0809,normal
JE101101,0.2535,normal
JE107802,0.1824,normal
JE101208,0.3853,normal
JE106392,0.1054,normal
JE101844,0.3634,normal
JE101849,0.4091,normal
JE102525,0.1788,normal
JE103948,0.1348,normal
JE101695,0.1926,normal
JE104182,0.2976,normal
JE104566,0.4704,anomaly
JE106370,0.0961,normal
JE103961,0.254,normal
JE106919,0.2777,normal
JE106476,0.3817,normal
JE100234,0.3708,normal
JE106733,0.3032,normal
JE106620,0.1495,normal
JE103333,0.2119,normal
JE105782,0.3526,normal
JE102648,0.176,normal
JE104042,0.13,normal
JE106566,0.211,normal
JE101712,0.1827,normal
JE100183,0.2584,normal
JE105085,0.2237,normal
JE105097,0.3286,normal
JE105738,0.3548,normal
JE105453,0.3953,normal
JE101463,0.1872,normal
JE100050,0.1781,normal
JE107997,0.1985,normal
JE107174,0.2364,normal
JE106674,0.1676,normal
JE105355,0.18,normal
JE104583,0.2903,normal
JE108078,0.7252,anomaly
JE106642,0.4603,anomaly
JE106005,0.1025,normal
JE107791,0.1781,normal
JE100107,0.3172,normal
JE100444,0.2216,normal
JE101955,0.4282,normal
JE107657,0.1772,normal
JE104743,0.124,normal
JE107181,0.2337,normal
JE105859,0.1683,normal
JE100727,0.2126,normal
JE102239,0.1431,normal
JE107933,0.3182,normal
JE105953,0.1289,normal
JE102331,0.1054,normal
JE104126,0.2178,normal
JE100170,0.2154,normal
JE101002,0.2497,normal
JE103253,0.1365,normal
JE102149,0.4116,normal
JE100198,0.3021,normal
JE104592,0.0486,normal
JE106123,0.265,normal
JE103794,0.0878,normal
JE100648,0.2412,normal
JE103036,0.1922,normal
JE104141,0.2504,normal
JE103734,0.2702,normal
JE102759,0.2372,normal
JE100374,0.2086,normal
JE104775,0.165,normal
JE100567,0.3841,normal
JE103721,0.337,normal
JE107966,0.1457,normal
JE102896,0.4611,anomaly
JE104557,0.3878,normal
JE106029,0.235,normal
JE103486,0.4098,normal
JE101156,0.2615,normal
JE104136,0.2647,normal
JE106579,0.2213,normal
JE100974,0.3396,normal
JE103288,0.2179,normal
JE107152,0.2287,normal
JE103628,0.1646,normal
JE103639,0.2593,normal
JE105883,0.1554,normal
JE105595,0.3068,normal
JE106601,0.1127,normal
JE101836,0.2242,normal
JE102309,0.3503,normal
JE101841,0.1621,normal
JE106180,0.1716,normal
JE104924,0.1998,normal
JE106032,0.221,normal
JE102045,0.4773,anomaly
JE104406,0.1914,normal
JE104373,0.059,normal
JE104733,0.2265,normal
JE104751,0.179,normal
JE104719,0.2959,normal
JE105956,0.2814,normal
JE100845,0.2108,normal
JE104490,0.2091,normal
JE107914,0.2473,normal
JE102156,0.2226,normal
JE100350,0.2099,normal
JE106669,0.2106,normal
JE100785,0.2077,normal
JE100048,0.2585,normal
JE106075,0.546,anomaly
JE106348,0.2489,normal
JE103652,0.1808,normal
JE105752,0.1307,normal
JE106166,0.1217,normal
JE104499,0.1358,normal
JE104019,0.1764,normal
JE105204,0.2506,normal
JE105251,0.1841,normal
JE101440,0.2385,normal
JE108118,0.7662,anomaly
JE106098,0.1816,normal
JE105086,0.2283,normal
JE101866,0.1805,normal
JE106886,0.2874,normal
JE107866,0.2489,normal
JE105407,0.2156,normal
JE103196,0.478,anomaly
JE100034,0.2808,normal
JE100788,0.2524,normal
JE107685,0.2732,normal
JE107068,0.1982,normal
JE105140,0.1253,normal
JE104578,0.4236,normal
JE105340,0.3343,normal
JE102628,0.1898,normal
JE106626,0.1483,normal
JE100932,0.3012,normal
JE102405,0.2243,normal
JE101686,0.3757,normal
JE101249,0.1148,normal
JE104856,0.2932,normal
JE100093,0.3072,normal
JE105272,0.4542,anomaly
JE105512,0.2739,normal
JE105438,0.2152,normal
JE105569,0.2288,normal
JE102852,0.2645,normal
JE102794,0.2267,normal
JE107691,0.2002,normal
JE106424,0.3579,normal
JE105704,0.2421,normal
JE100765,0.2487,normal
JE106749,0.2522,normal
JE102989,0.1101,normal
JE105470,0.1854,normal
JE106048,0.2392,normal
JE107543,0.2746,normal
JE102449,0.357,normal
JE101729,0.1372,normal
JE100258,0.3493,normal
JE105041,0.202,normal
JE108020,0.566,anomaly
JE107241,0.2384,normal
JE101220,0.3481,normal
JE107652,0.189,normal
JE108024,0.4234,normal
JE101162,0.2955,normal
JE106639,0.2804,normal
JE100773,0.4227,normal
JE106695,0.1825,normal
JE105583,0.2379,normal
JE106346,0.2048,normal
JE100313,0.1726,normal
JE104387,0.3029,normal
JE104033,0.1883,normal
JE107358,0.1157,normal
JE104860,0.2781,normal
JE107281,0.3652,normal
JE102998,0.306,normal
JE104280,0.2801,normal
JE101177,0.3439,normal
JE103897,0.3247,normal
JE101350,0.3016,normal
JE103776,0.0708,normal
JE103117,0.137,normal
JE103517,0.3367,normal
JE107956,0.3615,normal
JE107175,0.2043,normal
JE102299,0.2485,normal
JE102872,0.241,normal
JE105196,0.3458,normal
JE107681,0.4638,anomaly
JE107085,0.3704,normal
JE100392,0.1931,normal
JE106016,0.325,normal
JE101457,0.2598,normal
JE101093,0.1199,normal
JE106119,0.2109,normal
JE103240,0.1229,normal
JE105001,0.4474,anomaly
JE102779,0.247,normal
JE106699,0.265,normal
JE104463,0.2999,normal
JE104442,0.3432,normal
JE103657,0.2034,normal
JE102584,0.3379,normal
JE107567,0.0923,normal
JE103258,0.1582,normal
JE101373,0.4236,normal
JE105736,0.1712,normal
JE100920,0.1462,normal
JE104308,0.1914,normal
JE105700,0.3968,normal
JE102551,0.2556,normal
JE100538,0.2118,normal
JE101221,0.3826,normal
JE104272,0.2475,normal
